bug_id,product_name,short_description,long_description,component_name,severity
PLATFORM-311936,PLATFORM,[Browser][regression] swt-xulrunner-win32 fails to load on vanilla WinXP SP2,"+++ This bug was initially created as a clone of Bug #287458 +++

Build ID: Eclipse 3.6m6 or later on WinXP SP2

We have a vanilla Windows XP SP2 installation on which the SWT Browser fails to load the swt-xulrunner-win32-xxx.dll. It looks like the reason is a dependency on msvcr80.dll which is not installed on this machine.

This is a problem for our commercial product which needs to run on a vanilla Windows XP installation.

The SWT Xulrunner that comes with Eclipse-3.5.2 works fine on the same machine. Can the requirement for having msvcr80.dll be lifted?",SWT,high
Z_ARCHIVED-109187,Z_ARCHIVED,Adding feature description for branding plugins,"Each feature has a branding plugin that provides information about the feature. 
The branding plugins have the same name as the features. The feature 
description is displayed by selecting Help > About Eclipse SDK from the menu 
then click Feature Details button and select the TPTP feature of interest. 

Please provide the feature description of the following feature(s):
org.eclipse.tptp.platform.lta
org.eclipse.tptp.platform.trace
org.eclipse.tptp.platform.analysis.engine
org.eclipse.tptp.trace

The feature description should be short. The description is in about.properties 
of the branding plugin. Append the feature description to the featureText value.

For example

featureText= \n\
Version: {featureVersion}\n\
Build id: {0}\n\
\n\
(c) Copyright Eclipse contributors and others. 2002 2005.  All rights 
reserved.\n\
\n\
<Add the brief description of the feature here.  \n is the newline 
character.  Use backslash to coninue to the next line.>",TPTP,normal
Z_ARCHIVED-300514,Z_ARCHIVED,Statistcal model loader adds CounterDescriptors to model before setting name attribute,"This is not a functional defect but rather a performance enhancement.

Consuming products key off of descriptor and counter descriptor names to perform realtime analysis and aggregation of statistical data.  When counter descriptors arrive in the model without names (which happens for all counter descriptors but for no descriptors) we must register a listener to wait for the name to be assigned before we can process it.  In the case of very large workflows this can result in the unnecessary creation firing processing and garbage collecting of millions of unnecessary adapter objects.  In very extreme cases we can exhaust the heap simply by pushing too many counter descriptors into the model and being unable to keep up with the garbage collection of all the adapters.  If the model loader sets the name before adding the counter descriptor to the model none of these objects needs to even be created resulting in a substantial performance and memory utilization improvement.

I'll attach a patch for further discussion and review.",TPTP,high
PLATFORM-143992,PLATFORM,Deprecate the org.eclipse.core.commands.util package and mark for deletion,"RC5

org.eclipse.core.commands.util is marked as public but it is only used for debugging. We should move the tracing class and make the package only visible to JFace and the Workbench.",UI,normal
Z_ARCHIVED-272048,Z_ARCHIVED,After upgrading to Java 1.6.0_13 profiling appears to use pre JRE 1.5 API,"Build ID: M20090211-1700

Steps To Reproduce:
1. Install TPTP 4.5.2 all-in-one package
2. Make sure Java runtime is updated to version 1.6.0_13
3. Select JRE 1.6.0_13 as the default JRE in Eclipse (in menu Window->Preferences->Java->Installed JREs). The newest JRE will appear with the name 'jre6'.
4. Open the Profile Configurations... window and select the Monitor tab. The Java Profiling item says pre JRE 1.5


More information:
I participated in the EclipseCon 2009 TPTP workshop session and everything worked fine. Sometime during last week or the week before the automatic Java updater installed update 13. After that I couldn't make profiling work anymore.
I tried to install JRE 1.6.0_12 from Sun's Java archive download page. That one still works OK.",TPTP,high
PDE-139487,PDE,Typo in Plugin creation Cheatsheet,"3.2RC2
While following the PDE Scenarios section A1
 - composite cheatsheet: Creating an Eclipse Plug-in
 - cheatsheet: Create an update site
 - step: Add a feature to a feature category

The cheatsheet says to add a com.example.helloworld feature by pressing the Add feature... button.  This feature does not exists (there is a plugin by that id in the workspace) the feature we want here is com.example.feature.",UI,normal
SIRIUS-456351,SIRIUS,Replace DAnalysis.models with URIs (or equivalent),"Currently the DAnalysis.models reference points to the root elements of all the semantic models in the session. This makes it difficult to defer loading the semantic resources until they are actually needed (not impossible with very careful coding but very brittle). In turn this has huge performance impact as semantic models can be very large.

This is part of a multi-faceted problem but this ticket in particular is about replacing this plain EMF EReference with an equivalent list of resource URIs.

In a first transitional step the models reference could be kept but made volatile and deprecated and a new semanticResourceURIs multi-valued attribute introduced. The corresponding resources would be loaded on session opening at the same time as they are now populating the models reference.

Then we can eliminate the two cases where the models reference is needed in this form:
* to distinguish semantic models belonging to *this* session from the other semantic resources in the ResourceSet which belong to other sessions. This can only happen in the shared editing domain mode which must simply be removed.
* to associate to this session additional semantic models which should be considered in the scope even though they are not referenced by any representation (including transitively). A concrete use case would be: I have a UML diagram in my representations.aird which references elements in app.uml. When editing elements in app.uml through the diagram for example setting the type of a class attribute I want the elements in library.uml to be loaded/available even though nobody in either representations.aird or app.uml currently references that resource. Currently library.uml is referenced by the DAnalysis.models and is loaded on session startup. We must find a way to support this use case without eagerly loading these additional resources.

Both issues above will be handled in separate tickets and can probably be moved in parallel to this one.

Once they are handled in a way that does not require the semantic models to be loaded on session startup the models reference could be removed in factor of the semanticResourceURIs attribute (maybe with some helper façade like Session.getSemanticeModels(boolean forceLoad)).",Core,normal
PLATFORM-88463,PLATFORM,No hover help in java editor,"I20050315-1100

There is no java hover help when I hover over types or markers in the Java
editor.  On other OS X machines in the office this works.  I'm not sure what
could be different about my setup...",SWT,high
XTEND-371585,XTEND,Protected methods not visible from types in same package,"Assume the following Xtend classes:

===================================
package test

class Type1 {
	def protected someProtectedMethod ()
	def somePublicMethod ()
}

------------------------------------

package test

import com.google.inject.Inject

class Test2 {
	@Inject Type1 t1
	
	def someMethod () {
		t1.somePublicMethod
		t1.someProtectedMethod
	}
}

===================================

It must be possible to call someProtectedMethod from Test2 since both are in the same package. Instead an error is raised
Feature someProtectedMethod is not visible",Core,normal
XTEND-398163,XTEND,Xtend compiler does not compile class if it implements an interface that uses another Xtend class,"Created attachment 225613
Example project for reproducing the bug

Unpack the appended example project delete the xtend-gen folder and execute the project build. This will only compile TraceInformation to xtend-gen. MyClass contains an error marker that override traces does not override a super class method. The traces method uses the xtend class TraceInformation in its signature and TraceInformation is not compiled to Java yet. So after the first compile you have to make MyClass dirty and save this file to also trigger the compilation of MyClass which resolves the compilation error.",Core,normal
PLATFORM-9360,PLATFORM,text entry in cvs comment dialog can't deal with quick typing,"to reproduce:
 - release a new file to the repository
 - type in a comment quickly (not necessarily too quickly just as fast as any
fast typer)

you will notice that later characters start getting inserted _before_ earlier
characters.",SWT,normal
JDT-429941,JDT,Null Pointer Exception when opening JSP file in Web Page Editor,"Stack Trace below: 

java.lang.NullPointerException
	at org.eclipse.wst.sse.core.internal.text.BasicStructuredDocumentRegion.getFullText(BasicStructuredDocumentRegion.java:151)
	at org.eclipse.wst.css.core.internal.document.CSSDeclarationItemParser.getCollapsedText(CSSDeclarationItemParser.java:1092)
	at org.eclipse.wst.css.core.internal.document.CSSDeclarationItemParser.makeString(CSSDeclarationItemParser.java:873)
	at org.eclipse.wst.css.core.internal.document.CSSDeclarationItemParser.createStringValue(CSSDeclarationItemParser.java:539)
	at org.eclipse.wst.css.core.internal.document.CSSDeclarationItemParser.createPrimitiveValue(CSSDeclarationItemParser.java:392)
	at org.eclipse.wst.css.core.internal.document.CSSDeclarationItemParser.setupValues(CSSDeclarationItemParser.java:1021)
	at org.eclipse.wst.css.core.internal.document.CSSDeclarationItemParser.setupValues(CSSDeclarationItemParser.java:969)
	at org.eclipse.wst.css.core.internal.document.CSSStyleDeclItemImpl.setCssValueTextCore(CSSStyleDeclItemImpl.java:260)
	at org.eclipse.wst.css.core.internal.document.CSSStyleDeclItemImpl.setCssValueText(CSSStyleDeclItemImpl.java:234)
	at org.eclipse.wst.css.core.internal.document.CSSStyleDeclarationImpl.setProperty(CSSStyleDeclarationImpl.java:267)
	at org.eclipse.wst.html.core.internal.htmlcss.CSSQueryContext.applyFull(CSSQueryContext.java:73)
	at org.eclipse.wst.html.core.internal.htmlcss.CSSQueryTraverser.getDeclaration(CSSQueryTraverser.java:56)
	at org.eclipse.jst.pagedesigner.css2.CSSUtil.getCSSDeclaration(CSSUtil.java:174)
	at org.eclipse.jst.pagedesigner.css2.style.AbstractStyle.calculateDeclaration(AbstractStyle.java:143)
	at org.eclipse.jst.pagedesigner.css2.style.AbstractStyle.getDeclaration(AbstractStyle.java:159)
	at org.eclipse.jst.pagedesigner.css2.style.AbstractStyle.calculateProperty(AbstractStyle.java:201)
	at org.eclipse.jst.pagedesigner.css2.style.AbstractStyle.getStyleProperty(AbstractStyle.java:124)
	at org.eclipse.jst.pagedesigner.css2.style.AbstractStyle.getDisplay(AbstractStyle.java:536)
	at org.eclipse.jst.pagedesigner.css2.layout.CSSFigure.regetLayout(CSSFigure.java:148)
	at org.eclipse.jst.pagedesigner.css2.layout.CSSFigure.invalidateCSS(CSSFigure.java:95)
	at org.eclipse.jst.pagedesigner.css2.layout.CSSFigure.setCSSStyle(CSSFigure.java:79)
	at org.eclipse.jst.pagedesigner.figurehandler.DefaultFigureHandler.updateFigure(DefaultFigureHandler.java:32)
	at org.eclipse.jst.pagedesigner.figurehandler.FigureFactory.updateDeepFigure(FigureFactory.java:129)
	at org.eclipse.jst.pagedesigner.parts.ElementEditPart.refresh(ElementEditPart.java:315)
	at org.eclipse.jst.pagedesigner.parts.ElementEditPart.refresh(ElementEditPart.java:264)
	at org.eclipse.gef.editparts.AbstractEditPart.addNotify(AbstractEditPart.java:253)
	at org.eclipse.gef.editparts.AbstractGraphicalEditPart.addNotify(AbstractGraphicalEditPart.java:223)
	at org.eclipse.jst.pagedesigner.parts.NodeEditPart.addNotify(NodeEditPart.java:104)
	at org.eclipse.jst.pagedesigner.parts.ElementEditPart.addNotify(ElementEditPart.java:155)
	at org.eclipse.gef.editparts.AbstractEditPart.addChild(AbstractEditPart.java:212)
	at org.eclipse.jst.pagedesigner.parts.ElementEditPart.refresh(ElementEditPart.java:339)
	at org.eclipse.jst.pagedesigner.parts.ElementEditPart.refresh(ElementEditPart.java:264)
	at org.eclipse.gef.editparts.AbstractEditPart.addNotify(AbstractEditPart.java:253)
	at org.eclipse.gef.editparts.AbstractGraphicalEditPart.addNotify(AbstractGraphicalEditPart.java:223)
	at org.eclipse.jst.pagedesigner.parts.NodeEditPart.addNotify(NodeEditPart.java:104)
	at org.eclipse.jst.pagedesigner.parts.ElementEditPart.addNotify(ElementEditPart.java:155)
	at org.eclipse.gef.editparts.AbstractEditPart.addChild(AbstractEditPart.java:212)
	at org.eclipse.jst.pagedesigner.parts.ElementEditPart.refresh(ElementEditPart.java:339)
	at org.eclipse.jst.pagedesigner.parts.ElementEditPart.refresh(ElementEditPart.java:264)
	at org.eclipse.gef.editparts.AbstractEditPart.addNotify(AbstractEditPart.java:253)
	at org.eclipse.gef.editparts.AbstractGraphicalEditPart.addNotify(AbstractGraphicalEditPart.java:223)
	at org.eclipse.jst.pagedesigner.parts.NodeEditPart.addNotify(NodeEditPart.java:104)
	at org.eclipse.jst.pagedesigner.parts.ElementEditPart.addNotify(ElementEditPart.java:155)
	at org.eclipse.gef.editparts.AbstractEditPart.addChild(AbstractEditPart.java:212)
	at org.eclipse.jst.pagedesigner.parts.ElementEditPart.refresh(ElementEditPart.java:339)
	at org.eclipse.jst.pagedesigner.parts.ElementEditPart.refresh(ElementEditPart.java:264)
	at org.eclipse.gef.editparts.AbstractEditPart.addNotify(AbstractEditPart.java:253)
	at org.eclipse.gef.editparts.AbstractGraphicalEditPart.addNotify(AbstractGraphicalEditPart.java:223)
	at org.eclipse.jst.pagedesigner.parts.NodeEditPart.addNotify(NodeEditPart.java:104)
	at org.eclipse.jst.pagedesigner.parts.ElementEditPart.addNotify(ElementEditPart.java:155)
	at org.eclipse.gef.editparts.AbstractEditPart.addChild(AbstractEditPart.java:212)
	at org.eclipse.jst.pagedesigner.parts.ElementEditPart.refresh(ElementEditPart.java:339)
	at org.eclipse.jst.pagedesigner.parts.ElementEditPart.refresh(ElementEditPart.java:264)
	at org.eclipse.gef.editparts.AbstractEditPart.addNotify(AbstractEditPart.java:253)
	at org.eclipse.gef.editparts.AbstractGraphicalEditPart.addNotify(AbstractGraphicalEditPart.java:223)
	at org.eclipse.jst.pagedesigner.parts.NodeEditPart.addNotify(NodeEditPart.java:104)
	at org.eclipse.jst.pagedesigner.parts.ElementEditPart.addNotify(ElementEditPart.java:155)
	at org.eclipse.gef.editparts.AbstractEditPart.addChild(AbstractEditPart.java:212)
	at org.eclipse.jst.pagedesigner.parts.ElementEditPart.refresh(ElementEditPart.java:339)
	at org.eclipse.jst.pagedesigner.parts.ElementEditPart.refresh(ElementEditPart.java:264)
	at org.eclipse.gef.editparts.AbstractEditPart.addNotify(AbstractEditPart.java:253)
	at org.eclipse.gef.editparts.AbstractGraphicalEditPart.addNotify(AbstractGraphicalEditPart.java:223)
	at org.eclipse.jst.pagedesigner.parts.NodeEditPart.addNotify(NodeEditPart.java:104)
	at org.eclipse.jst.pagedesigner.parts.ElementEditPart.addNotify(ElementEditPart.java:155)
	at org.eclipse.gef.editparts.AbstractEditPart.addChild(AbstractEditPart.java:212)
	at org.eclipse.jst.pagedesigner.parts.ElementEditPart.refresh(ElementEditPart.java:339)
	at org.eclipse.jst.pagedesigner.parts.ElementEditPart.refresh(ElementEditPart.java:264)
	at org.eclipse.gef.editparts.AbstractEditPart.addNotify(AbstractEditPart.java:253)
	at org.eclipse.gef.editparts.AbstractGraphicalEditPart.addNotify(AbstractGraphicalEditPart.java:223)
	at org.eclipse.jst.pagedesigner.parts.NodeEditPart.addNotify(NodeEditPart.java:104)
	at org.eclipse.jst.pagedesigner.parts.ElementEditPart.addNotify(ElementEditPart.java:155)
	at org.eclipse.gef.editparts.AbstractEditPart.addChild(AbstractEditPart.java:212)
	at org.eclipse.gef.editparts.AbstractEditPart.refreshChildren(AbstractEditPart.java:781)
	at org.eclipse.jst.pagedesigner.parts.DocumentEditPart.refreshChildren(DocumentEditPart.java:134)
	at org.eclipse.jst.pagedesigner.parts.DocumentEditPart.refreshChildren(DocumentEditPart.java:126)
	at org.eclipse.gef.editparts.AbstractEditPart.refresh(AbstractEditPart.java:726)
	at org.eclipse.gef.editparts.AbstractGraphicalEditPart.refresh(AbstractGraphicalEditPart.java:644)
	at org.eclipse.jst.pagedesigner.parts.DocumentEditPart.refresh(DocumentEditPart.java:114)
	at org.eclipse.gef.editparts.AbstractEditPart.addNotify(AbstractEditPart.java:253)
	at org.eclipse.gef.editparts.AbstractGraphicalEditPart.addNotify(AbstractGraphicalEditPart.java:223)
	at org.eclipse.jst.pagedesigner.parts.NodeEditPart.addNotify(NodeEditPart.java:104)
	at org.eclipse.gef.editparts.AbstractEditPart.addChild(AbstractEditPart.java:212)
	at org.eclipse.gef.editparts.SimpleRootEditPart.setContents(SimpleRootEditPart.java:105)
	at org.eclipse.gef.ui.parts.AbstractEditPartViewer.setContents(AbstractEditPartViewer.java:617)
	at org.eclipse.gef.ui.parts.AbstractEditPartViewer.setContents(AbstractEditPartViewer.java:626)
	at org.eclipse.jst.pagedesigner.editors.SimpleGraphicalEditor.setModel(SimpleGraphicalEditor.java:455)
	at org.eclipse.jst.pagedesigner.editors.HTMLEditor.connectDesignPage(HTMLEditor.java:377)
	at org.eclipse.jst.pagedesigner.editors.HTMLEditor.createPages(HTMLEditor.java:457)
	at org.eclipse.ui.part.MultiPageEditorPart.createPartControl(MultiPageEditorPart.java:358)
	at org.eclipse.ui.internal.e4.compatibility.CompatibilityPart.createPartControl(CompatibilityPart.java:142)
	at org.eclipse.ui.internal.e4.compatibility.CompatibilityEditor.createPartControl(CompatibilityEditor.java:96)
	at org.eclipse.ui.internal.e4.compatibility.CompatibilityPart.create(CompatibilityPart.java:323)
	at sun.reflect.NativeMethodAccessorImpl.invoke0(Native Method)
	at sun.reflect.NativeMethodAccessorImpl.invoke(NativeMethodAccessorImpl.java:57)
	at sun.reflect.DelegatingMethodAccessorImpl.invoke(DelegatingMethodAccessorImpl.java:43)
	at java.lang.reflect.Method.invoke(Method.java:606)
	at org.eclipse.e4.core.internal.di.MethodRequestor.execute(MethodRequestor.java:56)
	at org.eclipse.e4.core.internal.di.InjectorImpl.processAnnotated(InjectorImpl.java:877)
	at org.eclipse.e4.core.internal.di.InjectorImpl.processAnnotated(InjectorImpl.java:857)
	at org.eclipse.e4.core.internal.di.InjectorImpl.inject(InjectorImpl.java:119)
	at org.eclipse.e4.core.internal.di.InjectorImpl.internalMake(InjectorImpl.java:333)
	at org.eclipse.e4.core.internal.di.InjectorImpl.make(InjectorImpl.java:254)
	at org.eclipse.e4.core.contexts.ContextInjectionFactory.make(ContextInjectionFactory.java:162)
	at org.eclipse.e4.ui.internal.workbench.ReflectionContributionFactory.createFromBundle(ReflectionContributionFactory.java:102)
	at org.eclipse.e4.ui.internal.workbench.ReflectionContributionFactory.doCreate(ReflectionContributionFactory.java:71)
	at org.eclipse.e4.ui.internal.workbench.ReflectionContributionFactory.create(ReflectionContributionFactory.java:53)
	at org.eclipse.e4.ui.workbench.renderers.swt.ContributedPartRenderer.createWidget(ContributedPartRenderer.java:129)
	at org.eclipse.e4.ui.internal.workbench.swt.PartRenderingEngine.createWidget(PartRenderingEngine.java:949)
	at org.eclipse.e4.ui.internal.workbench.swt.PartRenderingEngine.safeCreateGui(PartRenderingEngine.java:633)
	at org.eclipse.e4.ui.internal.workbench.swt.PartRenderingEngine.safeCreateGui(PartRenderingEngine.java:735)
	at org.eclipse.e4.ui.internal.workbench.swt.PartRenderingEngine.access$2(PartRenderingEngine.java:706)
	at org.eclipse.e4.ui.internal.workbench.swt.PartRenderingEngine$7.run(PartRenderingEngine.java:700)
	at org.eclipse.core.runtime.SafeRunner.run(SafeRunner.java:42)
	at org.eclipse.e4.ui.internal.workbench.swt.PartRenderingEngine.createGui(PartRenderingEngine.java:685)
	at org.eclipse.e4.ui.workbench.renderers.swt.StackRenderer.showTab(StackRenderer.java:1096)
	at org.eclipse.e4.ui.workbench.renderers.swt.LazyStackRenderer$1.handleEvent(LazyStackRenderer.java:66)
	at org.eclipse.e4.ui.services.internal.events.UIEventHandler$1.run(UIEventHandler.java:41)
	at org.eclipse.swt.widgets.Synchronizer.syncExec(Synchronizer.java:180)
	at org.eclipse.ui.internal.UISynchronizer.syncExec(UISynchronizer.java:150)
	at org.eclipse.swt.widgets.Display.syncExec(Display.java:4688)
	at org.eclipse.e4.ui.internal.workbench.swt.E4Application$1.syncExec(E4Application.java:205)
	at org.eclipse.e4.ui.services.internal.events.UIEventHandler.handleEvent(UIEventHandler.java:38)
	at org.eclipse.equinox.internal.event.EventHandlerWrapper.handleEvent(EventHandlerWrapper.java:197)
	at org.eclipse.equinox.internal.event.EventHandlerTracker.dispatchEvent(EventHandlerTracker.java:197)
	at org.eclipse.equinox.internal.event.EventHandlerTracker.dispatchEvent(EventHandlerTracker.java:1)
	at org.eclipse.osgi.framework.eventmgr.EventManager.dispatchEvent(EventManager.java:230)
	at org.eclipse.osgi.framework.eventmgr.ListenerQueue.dispatchEventSynchronous(ListenerQueue.java:148)
	at org.eclipse.equinox.internal.event.EventAdminImpl.dispatchEvent(EventAdminImpl.java:135)
	at org.eclipse.equinox.internal.event.EventAdminImpl.sendEvent(EventAdminImpl.java:78)
	at org.eclipse.equinox.internal.event.EventComponent.sendEvent(EventComponent.java:39)
	at org.eclipse.e4.ui.services.internal.events.EventBroker.send(EventBroker.java:80)
	at org.eclipse.e4.ui.internal.workbench.UIEventPublisher.notifyChanged(UIEventPublisher.java:58)
	at org.eclipse.emf.common.notify.impl.BasicNotifierImpl.eNotify(BasicNotifierImpl.java:374)
	at org.eclipse.e4.ui.model.application.ui.impl.ElementContainerImpl.setSelectedElement(ElementContainerImpl.java:171)
	at org.eclipse.e4.ui.internal.workbench.ModelServiceImpl.showElementInWindow(ModelServiceImpl.java:576)
	at org.eclipse.e4.ui.internal.workbench.ModelServiceImpl.bringToTop(ModelServiceImpl.java:543)
	at org.eclipse.e4.ui.internal.workbench.PartServiceImpl.delegateBringToTop(PartServiceImpl.java:610)
	at org.eclipse.e4.ui.internal.workbench.PartServiceImpl.bringToTop(PartServiceImpl.java:322)
	at org.eclipse.e4.ui.internal.workbench.PartServiceImpl.showPart(PartServiceImpl.java:1034)
	at org.eclipse.ui.internal.WorkbenchPage.busyOpenEditor(WorkbenchPage.java:3112)
	at org.eclipse.ui.internal.WorkbenchPage.access$21(WorkbenchPage.java:3034)
	at org.eclipse.ui.internal.WorkbenchPage$8.run(WorkbenchPage.java:3016)
	at org.eclipse.swt.custom.BusyIndicator.showWhile(BusyIndicator.java:70)
	at org.eclipse.ui.internal.WorkbenchPage.openEditor(WorkbenchPage.java:3012)
	at org.eclipse.ui.internal.WorkbenchPage.openEditor(WorkbenchPage.java:2976)
	at org.eclipse.ui.actions.OpenWithMenu.openEditor(OpenWithMenu.java:338)
	at org.eclipse.ui.actions.OpenWithMenu$2.handleEvent(OpenWithMenu.java:180)
	at org.eclipse.swt.widgets.EventTable.sendEvent(EventTable.java:84)
	at org.eclipse.swt.widgets.Widget.sendEvent(Widget.java:1057)
	at org.eclipse.swt.widgets.Display.runDeferredEvents(Display.java:4170)
	at org.eclipse.swt.widgets.Display.readAndDispatch(Display.java:3759)
	at org.eclipse.e4.ui.internal.workbench.swt.PartRenderingEngine$9.run(PartRenderingEngine.java:1113)
	at org.eclipse.core.databinding.observable.Realm.runWithDefault(Realm.java:332)
	at org.eclipse.e4.ui.internal.workbench.swt.PartRenderingEngine.run(PartRenderingEngine.java:997)
	at org.eclipse.e4.ui.internal.workbench.E4Workbench.createAndRunUI(E4Workbench.java:138)
	at org.eclipse.ui.internal.Workbench$5.run(Workbench.java:610)
	at org.eclipse.core.databinding.observable.Realm.runWithDefault(Realm.java:332)
	at org.eclipse.ui.internal.Workbench.createAndRunWorkbench(Workbench.java:567)
	at org.eclipse.ui.PlatformUI.createAndRunWorkbench(PlatformUI.java:150)
	at org.eclipse.ui.internal.ide.application.IDEApplication.start(IDEApplication.java:124)
	at org.eclipse.equinox.internal.app.EclipseAppHandle.run(EclipseAppHandle.java:196)
	at org.eclipse.core.runtime.internal.adaptor.EclipseAppLauncher.runApplication(EclipseAppLauncher.java:110)
	at org.eclipse.core.runtime.internal.adaptor.EclipseAppLauncher.start(EclipseAppLauncher.java:79)
	at org.eclipse.core.runtime.adaptor.EclipseStarter.run(EclipseStarter.java:354)
	at org.eclipse.core.runtime.adaptor.EclipseStarter.run(EclipseStarter.java:181)
	at sun.reflect.NativeMethodAccessorImpl.invoke0(Native Method)
	at sun.reflect.NativeMethodAccessorImpl.invoke(NativeMethodAccessorImpl.java:57)
	at sun.reflect.DelegatingMethodAccessorImpl.invoke(DelegatingMethodAccessorImpl.java:43)
	at java.lang.reflect.Method.invoke(Method.java:606)
	at org.eclipse.equinox.launcher.Main.invokeFramework(Main.java:636)
	at org.eclipse.equinox.launcher.Main.basicRun(Main.java:591)
	at org.eclipse.equinox.launcher.Main.run(Main.java:1450)

-- Configuration Details --
Product: Eclipse 2.0.1.20130919-0803 (org.eclipse.epp.package.jee.product)
Installed Features:
 org.eclipse.jdt 3.9.1.v20130911-1000",Core,high
Z_ARCHIVED-107504,Z_ARCHIVED,Some small typos in arch_tptp_platform.html,"In http://www.eclipse.org/tptp/platform/documents/design/arch_tptp_platform.html
there are a few trivial typos. First in the JVMPI line under Data Collection
and Agents ofr should be for. In the CBE and Logging line under Execution
Environment eclipse should be capitalized. In the Correlation Engine line
just above that in the same section uri (as an acronym) should be URI.
Finally in the last line of the EMF Models section where it says or in some
cases a relational database back is optionally used do you mean database
backEND? or something else?",TPTP,low
PLATFORM-77153,PLATFORM,SWT shell scripts override environment variables,"People building special architectures need to be able to:
- set a bunch of environment variables required by SWT (CC JAVA_HOME etc)
- define the architecture

Currently our shell script overrides any value the user may have set 
themselves.",SWT,normal
MYLYN_COMMONS-481261,MYLYN_COMMONS,IllegalArgumentException below GradientDrawer$1.handleEvent (57),"The following incident was reported via the automated error reporting:


    code:                   0
    plugin:                 org.eclipse.ui_3.107.0.v20150107-0903
    message:                HIDDEN
    fingerprint:            6b470afa
    exception class:        java.lang.IllegalArgumentException
    exception message:      HIDDEN
    number of children:     0
    
    java.lang.IllegalArgumentException: HIDDEN
    at org.eclipse.swt.SWT.error(SWT.java:4458)
    at org.eclipse.swt.SWT.error(SWT.java:4392)
    at org.eclipse.swt.SWT.error(SWT.java:4363)
    at org.eclipse.swt.graphics.GC.setForeground(GC.java:4428)
    at org.eclipse.mylyn.commons.workbench.GradientDrawer$1.handleEvent(GradientDrawer.java:57)
    at org.eclipse.swt.widgets.EventTable.sendEvent(EventTable.java:84)
    at org.eclipse.swt.widgets.Display.sendEvent(Display.java:4354)
    at org.eclipse.swt.widgets.Widget.sendEvent(Widget.java:1061)
    at org.eclipse.swt.widgets.Widget.sendEvent(Widget.java:1085)
    at org.eclipse.swt.widgets.Widget.sendEvent(Widget.java:1070)
    at org.eclipse.swt.widgets.Tree.CDDS_ITEMPREPAINT(Tree.java:1060)
    at org.eclipse.swt.widgets.Tree.wmNotifyChild(Tree.java:7469)
    at org.eclipse.swt.widgets.Control.wmNotify(Control.java:5678)
    at org.eclipse.swt.widgets.Composite.wmNotify(Composite.java:1935)
    at org.eclipse.swt.widgets.Control.WM_NOTIFY(Control.java:5225)
    at org.eclipse.swt.widgets.Control.windowProc(Control.java:4701)
    at org.eclipse.swt.widgets.Display.windowProc(Display.java:5055)
    at org.eclipse.swt.internal.win32.OS.CallWindowProcW(OS.java:-2)
    at org.eclipse.swt.internal.win32.OS.CallWindowProc(OS.java:2443)
    at org.eclipse.swt.widgets.Tree.callWindowProc(Tree.java:1553)
    at org.eclipse.swt.widgets.Control.windowProc(Control.java:4743)
    at org.eclipse.swt.widgets.Tree.windowProc(Tree.java:6024)
    at org.eclipse.swt.widgets.Display.windowProc(Display.java:5055)
    at org.eclipse.swt.internal.win32.OS.RedrawWindow(OS.java:-2)
    at org.eclipse.swt.widgets.Control.update(Control.java:4470)
    at org.eclipse.swt.widgets.Display.update(Display.java:4916)
    at org.eclipse.jface.window.Window.runEventLoop(Window.java:834)
    at org.eclipse.jface.window.Window.open(Window.java:803)
    at org.eclipse.ui.internal.dialogs.WorkbenchPreferenceDialog.open(WorkbenchPreferenceDialog.java:211)
    at org.eclipse.ui.internal.OpenPreferencesAction.run(OpenPreferencesAction.java:63)
    at org.eclipse.jface.action.Action.runWithEvent(Action.java:473)
    at org.eclipse.jface.action.ActionContributionItem.handleWidgetSelection(ActionContributionItem.java:595)
    at org.eclipse.jface.action.ActionContributionItem.access$2(ActionContributionItem.java:511)
    at org.eclipse.jface.action.ActionContributionItem$5.handleEvent(ActionContributionItem.java:420)
    at org.eclipse.swt.widgets.EventTable.sendEvent(EventTable.java:84)
    at org.eclipse.swt.widgets.Display.sendEvent(Display.java:4354)
    at org.eclipse.swt.widgets.Widget.sendEvent(Widget.java:1061)
    at org.eclipse.swt.widgets.Display.runDeferredEvents(Display.java:4172)
    at org.eclipse.swt.widgets.Display.readAndDispatch(Display.java:3761)
    at org.eclipse.e4.ui.internal.workbench.swt.PartRenderingEngine$9.run(PartRenderingEngine.java:1151)
    at org.eclipse.core.databinding.observable.Realm.runWithDefault(Realm.java:337)
    at org.eclipse.e4.ui.internal.workbench.swt.PartRenderingEngine.run(PartRenderingEngine.java:1032)
    at org.eclipse.e4.ui.internal.workbench.E4Workbench.createAndRunUI(E4Workbench.java:156)
    at org.eclipse.ui.internal.Workbench$5.run(Workbench.java:648)
    at org.eclipse.core.databinding.observable.Realm.runWithDefault(Realm.java:337)
    at org.eclipse.ui.internal.Workbench.createAndRunWorkbench(Workbench.java:592)
    at org.eclipse.ui.PlatformUI.createAndRunWorkbench(PlatformUI.java:150)
    at org.eclipse.ui.internal.ide.application.IDEApplication.start(IDEApplication.java:138)
    at org.eclipse.equinox.internal.app.EclipseAppHandle.run(EclipseAppHandle.java:196)
    at org.eclipse.core.runtime.internal.adaptor.EclipseAppLauncher.runApplication(EclipseAppLauncher.java:134)
    at org.eclipse.core.runtime.internal.adaptor.EclipseAppLauncher.start(EclipseAppLauncher.java:104)
    at org.eclipse.core.runtime.adaptor.EclipseStarter.run(EclipseStarter.java:380)
    at org.eclipse.core.runtime.adaptor.EclipseStarter.run(EclipseStarter.java:235)
    at sun.reflect.NativeMethodAccessorImpl.invoke0(null:-2)
    at sun.reflect.NativeMethodAccessorImpl.invoke(null:-1)
    at sun.reflect.DelegatingMethodAccessorImpl.invoke(null:-1)
    at java.lang.reflect.Method.invoke(null:-1)
    at org.eclipse.equinox.launcher.Main.invokeFramework(Main.java:648)
    at org.eclipse.equinox.launcher.Main.basicRun(Main.java:603)
    at org.eclipse.equinox.launcher.Main.run(Main.java:1465)
   
  

General Information:

    reported-by:      
    anonymous-id:     b5e768f0-d018-4a94-ace9-4571cde99653
    eclipse-build-id: 4.5.0.I20150203-1300
    eclipse-product:  org.eclipse.epp.package.dsl.product
    operating system: Windows8 6.2.0 (x86_64) - win32
    jre-version:      1.8.0_31-b13

The following plug-ins were present on the execution stack (*):
    1. org.eclipse.core.databinding.observable_1.4.1.v20140910-2107
    2. org.eclipse.core.databinding_1.4.100.v20141002-1314
    3. org.eclipse.core.runtime_3.10.0.v20150112-1422
    4. org.eclipse.e4.ui.workbench_1.3.0.v20150113-2327
    5. org.eclipse.e4.ui.workbench.swt_0.12.100.v20150114-0905
    6. org.eclipse.equinox.app_1.3.200.v20130910-1609
    7. org.eclipse.equinox.launcher_1.3.0.v20140415-2008
    8. org.eclipse.jface_3.11.0.v20150121-1751
    9. org.eclipse.mylyn.commons.workbench_3.15.0.v20150112-2323
    10. org.eclipse.swt_3.104.0.v20150203-2243
    11. org.eclipse.ui_3.107.0.v20150107-0903
    12. org.eclipse.ui.ide.application_1.0.600.v20150120-1542
    13. org.eclipse.ui.ide_3.10.100.v20150126-1117

Please note that:
* Messages stacktraces and nested status objects may be shortened.
* Bug fields like status resolution and whiteboard are sent
  back to reporters.
* The list of present bundles and their respective versions was
  calculated by package naming heuristics. This may or may not reflect reality.

Other Resources:
* Report: https://dev.eclipse.org/recommenders/committers/confess/#/problems/55cfcce7e4b0f0b83a6de12e  
* Manual: https://dev.eclipse.org/recommenders/community/confess/#/guide


Thank you for your assistance.
Your friendly error-reports-inbox.

This bug was created on behalf of sam.davis@xxxxxxxxxxxx.",UI,normal
PLATFORM-376182,PLATFORM,Need to get N builds working for 4.2 primary builds,"I'll use this bug to track issues (even if just documenting how to for getting head builds working for 4.2 primary builds on build.eclipse.org. 

Naturally we'll set builtType to N but .... not sure if there might have to be other changes? (Ideally not but ... I'd be amazed :)",Releng,normal
GMF-TOOLING-146739,GMF-TOOLING,GMF Tutorial causes JVM termination exit code 128,"GMF Developer Guide
  + Tutorial
    + Tooling

Using Sun JVM 1.5.0_06 launches the tutorial but kills the VM...",Core,normal
MTJ-286873,MTJ,[fiximprove][localization]: The Localization Data should accept the acute accent,"Overview: The Localization Data should accept the acute accent in entry details (value)

Steps to Reproduce: (Minimized easy-to-follow steps that will trigger the bug)

    1) Enable Localization Data in MTJ
    2) Create a locale and an entry
    3) In (values) Entry Details write a value with acute accent

Actual Results: The Localization Data shows errors

Expected Results: The Localization Data must accept the acute accent",UI,normal
PLATFORM-21179,PLATFORM,Step filter in-place text editor invisible,"Build 2.0
Linux-GTK

1. Go to Window->Preferences->Java->Debug->Step Filtering
2. Click Add Filter
3. A checkbox appears in the tree but there is no visible text editor.
4. Type asdf. No text appears.
5. Hit ENTER. The text asdf now appears.

We need to either fix the in-place text editor or get rid of it and replace it 
with a simple text-input area above the tree.",SWT,normal
PLATFORM-483112,PLATFORM,[GTK3] TreeItems with multiple columns only show images in the first one,"Created attachment 258294
Tree with multiple columns only displays first image

I have discovered a regression in my patch from bug 469277.

Trees with multiple columns can only have images set for the first column on GTK3 because the pixbufRenderers for the other columns are still set to size 0x0. The fix necessary is to do a check in TreeItem.setImage() to ensure that all pixbufRenderers for that TreeItem take on the size of the initial image.

I'll assign this to myself as it's my regression and I already have a fix for it. Attached is a screenshot that displays the issue. I'll attach a snippet as well.",SWT,normal
PLATFORM-363215,PLATFORM,Switch build to auto-tagging two branch model,"A couple of weeks ago we decided to try a new model where builds are automatically tagged from a designated build branch. I am opening this bug to cover logistics and builder changes to convert to this approach. A brief summary of the approach:

- Nightly builds run from master branch. No tagging is done. I think the builder stay unchanged here. It will continue to hammer the map files to point to master rather than the tags in the maps.

- Integration builds run from integration branch. The builder tags all repositories and updates the map files for any bundles that have changed. I believe the builder itself doesn't need changes here but we need an extra step in the bootstrap script to perform the tagging.

On logistics the question is how it fits into the current priority list:

1) Git migration
2) Conversion of Eclipse 4 to full builder
3) Moving build to eclipse.org.

I currently see this as part of 2). There's not a lot of value in switching 3.x development to a two-branch model because soon we won't be doing 3.x nightly builds anymore. Without a nightly build there is no longer much value in having two branches.",Releng,normal
PLATFORM-61951,PLATFORM,File-New-Other Wizards dialog should scroll to the previously selected wizard,"In a product based on eclipse with a lot of wizards I launch one of the wizards
say X thats at the bottom of the list (needs scrolling) then I hit File-New Other
I see that wizard X I previously used is selected but the wizard list does not
scroll to reveal that selection.",UI,normal
PLATFORM-301127,PLATFORM,The outline does not repaint after show/hide desktop,"Build Identifier: I20080617-2000

When eclipse is in fullscreen and the outline tab is attached left or right and then reduce all windows(show desktop or windowskey + d) and make them reappear same operation again

Reproducible: Always

Steps to Reproduce:
1.Open the Outline tab (attached to the left or right)
2.Reduce all windows(show desktop)
3.Show Back the windows(show desktop again)",SWT,low
PDE-83727,PDE,logged message wording,"I got the following in my log.  The intent is correct but the wording is 
confusing

!ENTRY org.eclipse.pde.core 2 1 2005-01-26 12:06:32.455
!MESSAGE Problems encountered while PDE was scanning the Target Platform
!SUBENTRY 1 org.eclipse.core.resources.hpux 2 2 2005-01-26 12:06:32.465
!MESSAGE Parent plug-in of fragment org.eclipse.core.resources is missing

What is actually happening is that the resources plugin is missing but I have 
the delta pack in my target.  The last line seems to suggest that 
org.eclipse.core.resources is a fragment.  Perhaps it should read

!MESSAGE Fragment host: org.eclipse.core.resources is missing

BTW this brings up an issue of the log filling up with these kind of messages 
when the delta pack is present.  Basically I get about 12 of these in my log 
when the delta pack is there.  The series gets repeated well repeatedly.",UI,low
EMFCOMPARE-202250,EMFCOMPARE,no serialization of EMFDiff in reflective mode,"Comparing two models with an ecore metamodel in reflective mod one is not able to save the diff as emfdiff.

No exception No error log.",Core,high
PLATFORM-473063,PLATFORM,[Compatibility] Contributed perspective does not show configured icon,"When contributing a perspective via model fragment to an Eclipse application in compatibility mode (e.g. the Eclipse IDE) the configured item is not used in the perspective switcher or the perspective selection dialog.

The reason for this seems to be located in PerspectiveRegistry#postConstruct(). As a new perspective is contributed there is no originalDescriptor. Therefore no image is set initially and it is not possible to set an ImageDescriptor afterwards.",UI,normal
EGIT-352253,EGIT,[patch] typing is very slow when entering invalid name in Create Branch dialog,"Steps: 
1. Open Create Branch
2. Paste invalid branch name
3. Add more characters

Typing gets *very* slow once the text gets longer than the input field.",UI,normal
EMF.DIFFMERGE-525507,EMF.DIFFMERGE,[Sirius] Specific label for DAnalysisCustomData,Sirius elements of type DAnalysisCustomData do not have a simple-to-read label. It should thus be provided by the Sirius diff/merge-specific label provider.,UI,normal
SUBVERSIVE-354058,SUBVERSIVE,Refactor SVN locks support code,"Found problems:
1) circular dependencies between classes
2) copy/paste of many relatively large fragments of identical code
3) non-optimal resource collecting algorithms",UI,normal
PLATFORM-224940,PLATFORM,[metadata gen] Test Updates site has two category IU's with same name,"I just connected to http://update.eclipse.org/testUpdates/

I see these categories in the list:
Eclipse Platform
Eclipse Platform
Eclipse SDK
Eclipse SDK I20080330-1350
Other
releng.tools

This raised my heartrate because I spent Thursday chasing duplicate category bugs in the UI.  But when I checked the properties of those first two categories I saw that they were indeed different.  One has an id of org.eclipse.platform.ide.categoryIU and the other one has an id of org.eclipse.platform.sdk.categoryIU",Releng,normal
JDT-88865,JDT,MoveInstanceMethodTests#testFail7() should work now,"Bindings.findType(ITypeBinding ..) now uses ITypeBinding#getJavaElement()
which also works for local types. MoveInstanceMethodTests#testFail7() used to
get a FATAL in checkFinalConditions(..) because the target type was not found. I
disabled the test for now.

The scenario of testFail7() is currently not reproducable from the UI anyway
since MoveInstanceMethod is disabled for local types. This restriction can now
be dropped and the test can be converted into a succeeding test once the UI also
allows to move methods to local types.",UI,normal
ACCELEO-427094,ACCELEO,Multiples EPackage as roots in .ecore file are ignored,"When starting my environment I can't open the MTL editor at all.
I'm getting a stack :

Caused by: java.util.EmptyStackException
	at java.util.Stack.peek(Stack.java:102)
	at java.util.Stack.pop(Stack.java:84)
	at org.eclipse.acceleo.common.internal.utils.LazyEPackageDescriptor$EcoreEPackageSAXHandler.endElement(LazyEPackageDescriptor.java:447)
	at com.sun.org.apache.xerces.internal.parsers.AbstractSAXParser.endElement(AbstractSAXParser.java:609)
	at com.sun.org.apache.xerces.internal.impl.XMLDocumentFragmentScannerImpl.scanEndElement(XMLDocumentFragmentScannerImpl.java:1789)
	at com.sun.org.apache.xerces.internal.impl.XMLDocumentFragmentScannerImpl$FragmentContentDriver.next(XMLDocumentFragmentScannerImpl.java:2965)
	at com.sun.org.apache.xerces.internal.impl.XMLDocumentScannerImpl.next(XMLDocumentScannerImpl.java:606)
	at com.sun.org.apache.xerces.internal.impl.XMLDocumentFragmentScannerImpl.scanDocument(XMLDocumentFragmentScannerImpl.java:510)
	at com.sun.org.apache.xerces.internal.parsers.XML11Configuration.parse(XML11Configuration.java:848)
	at com.sun.org.apache.xerces.internal.parsers.XML11Configuration.parse(XML11Configuration.java:777)
	at com.sun.org.apache.xerces.internal.parsers.XMLParser.parse(XMLParser.java:141)
	at com.sun.org.apache.xerces.internal.parsers.AbstractSAXParser.parse(AbstractSAXParser.java:1213)
	at com.sun.org.apache.xerces.internal.jaxp.SAXParserImpl$JAXPSAXParser.parse(SAXParserImpl.java:649)
	at com.sun.org.apache.xerces.internal.jaxp.SAXParserImpl.parse(SAXParserImpl.java:333)
	at org.eclipse.acceleo.common.internal.utils.LazyEPackageDescriptor.create(LazyEPackageDescriptor.java:309)
	at org.eclipse.acceleo.common.internal.utils.AcceleoPackageRegistry.registerEcorePackages(AcceleoPackageRegistry.java:313)
	at org.eclipse.acceleo.common.AcceleoCommonPlugin$1.visit(AcceleoCommonPlugin.java:263)
	at org.eclipse.core.internal.resources.Resource$2.visit(Resource.java:126)
	at org.eclipse.core.internal.resources.Resource$1.visitElement(Resource.java:85)
	at org.eclipse.core.internal.watson.ElementTreeIterator.doIteration(ElementTreeIterator.java:82)
	at org.eclipse.core.internal.watson.ElementTreeIterator.doIteration(ElementTreeIterator.java:86)
	at org.eclipse.core.internal.watson.ElementTreeIterator.doIteration(ElementTreeIterator.java:86)
	at org.eclipse.core.internal.watson.ElementTreeIterator.doIteration(ElementTreeIterator.java:86)
	at org.eclipse.core.internal.watson.ElementTreeIterator.doIteration(ElementTreeIterator.java:86)
	at org.eclipse.core.internal.watson.ElementTreeIterator.doIteration(ElementTreeIterator.java:86)
	at org.eclipse.core.internal.watson.ElementTreeIterator.doIteration(ElementTreeIterator.java:86)
	at org.eclipse.core.internal.watson.ElementTreeIterator.doIteration(ElementTreeIterator.java:86)
	at org.eclipse.core.internal.watson.ElementTreeIterator.doIteration(ElementTreeIterator.java:86)
	at org.eclipse.core.internal.watson.ElementTreeIterator.doIteration(ElementTreeIterator.java:86)
	at org.eclipse.core.internal.watson.ElementTreeIterator.doIteration(ElementTreeIterator.java:86)


preventing the AcceleoCommon plugin to start.

This probably comes from a .ecore file which is just wrong (I'll try to find which one it is unfortunately the error message is not helping)",Core,low
JDT-227876,JDT,[move method] does not qualify field access,"Build ID: I20080409-1425

Steps To Reproduce:

1. Make the following two classes:

public class SourceClass {
	DestinationClass destination = new DestinationClass()
	public void methodToMoveToDestination(String value) {
		this.destination.value = value
	}	
}

public class DestinationClass {
	public String value
}

2. Do a Move Method on SourceClass.methodToMoveToDestination(...) to DestinationClass and select Keep original method as delegate to moved method.

3. After refactoring note that SourceClass is passed as a reference (via this) to the moved method in the DestinationClass.  However it is not needed as a parameter because it is NEVER used in the moved method.  This is quite annoying since it requires a Change Method Signature to be done just after the Move Method to get rid of the unnecessary parameter (SourceClass).",UI,low
PLATFORM-483362,PLATFORM,Add tests for new command lookup method from Bug 482680,+++ This bug was initially created as a clone of Bug #482680 +++,UI,normal
TYCHO-512396,TYCHO,NullPointerException with xzCompress in SimpleArtifactRepository.getLocation(),"We've been building a project with an old Tycho version (0.21.0) and have been trying to upgrade our Eclipse environments from Mars to Neon.2. This caused serialization incompatibilities for serializable lambdas because code produced by Tycho 0.21.0 generates objects that Neon.2-built versions cannot de-serialize. Therefore we finally tried to upgrade to Tycho 1.0.0 so that things match and are up-to-date again. This however caused the below exception during our product build. When I debugged this I found that SimpleArtifactRepository calls its superclass constructor with null for the location parameter which seems to be causing the exception later. It would be possible to pass through the location argument to the SimpleArtifactRepository thus creating a patch that could make things work. However I then found out that simply adding false also seems to solve the issue.

Is this a Tycho or an Equinox p2 issue? Sorry if this then goes to the wrong component.

!ENTRY org.eclipse.equinox.p2.artifact.repository 4 0 2017-02-17 15:55:42.095
!MESSAGE Unexpected error loading extension:
org.eclipse.equinox.p2.artifact.repository.XZedRepository
!STACK 0
java.lang.NullPointerException: while trying to invoke the method
java.net.URI.getScheme() of a null object returned from
org.eclipse.equinox.internal.p2.artifact.repository.simple.SimpleArtifactRepository.getLocation()
        at
org.eclipse.equinox.internal.p2.artifact.repository.simple.SimpleArtifactRepository.isLocal(SimpleArtifactRepository.java:1058)
        at
org.eclipse.equinox.internal.p2.artifact.repository.simple.SimpleArtifactRepository.isModifiable(SimpleArtifactRepository.java:1062)
        at
org.eclipse.equinox.internal.p2.artifact.repository.simple.XZedSimpleArtifactRepositoryFactory.load(XZedSimpleArtifactRepositoryFactory.java:89)
        at
org.eclipse.equinox.internal.p2.artifact.repository.simple.XZedSimpleArtifactRepositoryFactory.load(XZedSimpleArtifactRepositoryFactory.java:37)
        at
org.eclipse.equinox.internal.p2.artifact.repository.ArtifactRepositoryManager.factoryLoad(ArtifactRepositoryManager.java:73)
        at
org.eclipse.equinox.internal.p2.repository.helpers.AbstractRepositoryManager.loadRepository(AbstractRepositoryManager.java:768)
        at
org.eclipse.equinox.internal.p2.repository.helpers.AbstractRepositoryManager.loadRepository(AbstractRepositoryManager.java:668)
        at
org.eclipse.equinox.internal.p2.artifact.repository.ArtifactRepositoryManager.loadRepository(ArtifactRepositoryManager.java:104)
        at
org.eclipse.equinox.p2.internal.repository.tools.RecreateRepositoryApplication.initialize(RecreateRepositoryApplication.java:61)
        at
org.eclipse.equinox.p2.internal.repository.tools.RecreateRepositoryApplication.run(RecreateRepositoryApplication.java:40)
        at
org.eclipse.tycho.p2.tools.mirroring.MirrorApplicationServiceImpl.mirrorReactor(MirrorApplicationServiceImpl.java:171)
        at
org.eclipse.tycho.plugins.p2.repository.AssembleRepositoryMojo.execute(AssembleRepositoryMojo.java:144)
        at
org.apache.maven.plugin.DefaultBuildPluginManager.executeMojo(DefaultBuildPluginManager.java:133)
        at
org.apache.maven.lifecycle.internal.MojoExecutor.execute(MojoExecutor.java:208)
        at
org.apache.maven.lifecycle.internal.MojoExecutor.execute(MojoExecutor.java:153)
        at
org.apache.maven.lifecycle.internal.MojoExecutor.execute(MojoExecutor.java:145)
        at
org.apache.maven.lifecycle.internal.LifecycleModuleBuilder.buildProject(LifecycleModuleBuilder.java:108)
        at
org.apache.maven.lifecycle.internal.LifecycleModuleBuilder.buildProject(LifecycleModuleBuilder.java:76)
        at
org.apache.maven.lifecycle.internal.builder.singlethreaded.SingleThreadedBuilder.build(SingleThreadedBuilder.java:51)
        at
org.apache.maven.lifecycle.internal.LifecycleStarter.execute(LifecycleStarter.java:116)
        at org.apache.maven.DefaultMaven.doExecute(DefaultMaven.java:361)
        at org.apache.maven.DefaultMaven.execute(DefaultMaven.java:155)
        at org.apache.maven.cli.MavenCli.execute(MavenCli.java:584)
        at org.apache.maven.cli.MavenCli.doMain(MavenCli.java:213)
        at org.apache.maven.cli.MavenCli.main(MavenCli.java:157)
        at sun.reflect.NativeMethodAccessorImpl.invoke0(Native Method)
        at
sun.reflect.NativeMethodAccessorImpl.invoke(NativeMethodAccessorImpl.java:62)
        at
sun.reflect.DelegatingMethodAccessorImpl.invoke(DelegatingMethodAccessorImpl.java:43)
        at java.lang.reflect.Method.invoke(Method.java:498)
        at
org.codehaus.plexus.classworlds.launcher.Launcher.launchEnhanced(Launcher.java:289)
        at
org.codehaus.plexus.classworlds.launcher.Launcher.launch(Launcher.java:229)
        at
org.codehaus.plexus.classworlds.launcher.Launcher.mainWithExitCode(Launcher.java:415)
        at
org.codehaus.plexus.classworlds.launcher.Launcher.main(Launcher.java:356)",Core,normal
JDT-8201,JDT,Mnemonic collision: Shift Left & Open Type Hierarchy,"Edit menu:
S&hift Left
Open Type &Hierarchy",UI,normal
PLATFORM-67165,PLATFORM,[Browser] HTML not rendered w/XP style using javaw.exe.manifest comctl,"Other widgets created with the same jvm do reflect comctl 6.0 look & feel but 
the HTML in the browser is rendered old-style.",SWT,high
PLATFORM-391838,PLATFORM,Use gtk_render_expander () instead of gtk_paint_expander () for GTK+ 3,"This patch replaces gtk_paint_expander () with gtk_paint_expander () for GTK+3:

http://fedorapeople.org/cgit/aspektor/public_git/eclipse.platform.swt.git/commit/?h=gtk3_render_exapnder

I took my inspiration from here:

https://mail.gnome.org/archives/commits-list/2011-January/msg03200.html",SWT,normal
Z_ARCHIVED-142605,Z_ARCHIVED,False positive copyright flag,In the incorrect copyright year list notices.html files are flagged with the incorrect year. But notices.html is a legal file (like epl-v10.html) and should not have the standard HTML copyright in it. Please exclude files named notices.html from the copyright check.,TPTP,normal
PLATFORM-280033,PLATFORM,[Contributions] Improve Customize Perspective dialog on the Command Groups Availability tab,"Following the discussion the newsgroup I had a look at the Command Groups Availability and its really confusing. First of all its not Command Groups rather Action Sets. It has nothing to do with a Command at all. There doesn't seem to be a way to add a command in that set (at least I couldn't find one)

Either we have to provide an extension point for a command group and add the functionality there or rename the tab to Action Sets or do something else to avoid the confusion.",UI,normal
PDE-250322,PDE,Tracing tab in PDE launch configs does not show checkmark for selected options,"I20081007-1600 is OK in 3.4.1

The Tracing tab in PDE launch configs does not show checkmark for selected options.

Steps:
- new Eclipse Application launch config
- enable tracing for org.eclipse.ui select options debug and trace/commands
- debug
- open About dialog
=> tracing options written to console

- exit runtime
- open debug dialog again
=> org.eclipse.ui is *not* checked. But debugging again shows that the tracing option is still active. Major because I cannot find out any more which options are enabled.",UI,high
EGIT-332834,EGIT,Commit scans .metadata,When a repo exist at the wortkspace the scan for changes walks down the .metadata directory. That directory may be huge and usuallu not one wants to commit. We should excluder it somehow.,Core,normal
RECOMMENDERS-455860,RECOMMENDERS,Recommenders broken in Mars M4 due to dependency resolution issue in equinox,Should we change import-package by require-bundle? We do that for all org.eclipse. plugins. Why not doing the same here?,Core,high
XTEND-430830,XTEND,Active annotations examples misses dependencies and uses old API,"The tests in the AA example won't run unless you add five additional dependencies
 org.apache.log4jbundle-version=1.2.15
 org.eclipse.xtext.xbase.junitbundle-version=2.5.3
 org.eclipse.xtext.junit4bundle-version=2.5.3
 org.eclipse.jdt.corebundle-version=3.9.50
 org.eclipse.emf.codegenbundle-version=2.9.0

Into the bargain the examples use the old toJavaCode() method and obsolete lambdas around the template expressions for initializers and method bodies.",Core,normal
PLATFORM-274236,PLATFORM,[CommonNavigator] Incorrect check for existence of item in contribution memory,The check in the NavigatorContentService.rememberContribution() should be containsKey() not containsValue(),UI,normal
Z_ARCHIVED-94315,Z_ARCHIVED,Add serialVersionUIDs for classes that implement java.io.Serializable.,"Add serialVersionUIDs for classes that implement java.io.Serializable.

The following scenarios should specify a serialVersionUID:

-Classes that implement java.io.Serializable.
-Classes that implement interfaces that extend java.io.Serializable.
-Classes that extend other classes that fulfill the above criteria (e.g. 
extending java.lang.Throwable).

The serialVersionUID is a stream-Unique Identifier (SUID) for Java binary de-
serialization of a class.  If the serialVersionUID is not specified the JVM 
will compute it automatically based on fields and methods in the class.  If a 
compatible change is introduced between releases the Java binary de-
serialization of the class would be broken between releases.  The value of the 
serialVersionUID MUST not be modified unless an incompatible change is 
introduced.      

See the 'Java Object Serialization Specification' for more details.

Compatible changes include:
-Adding modifying access or modifying static/transient to non-static/non-
transient of fields.
-Adding or removing classes.
-Adding or removing writeObject/readObject methods.
-Adding java.io.Serializable inheritance.

Incompatible changes include:
-Deleting modifying non-static/non-transient to static/transient or modifying 
the declared type of fields.
-Modifying the hierarchy or interchanging/removing 
java.io.Serializable/java.io.Externalizable inheritance of the class.
-Modifying writeObject/readObject methods.
-Adding writeReplace/readResolve methods.

The serialVersionUID can be generated using the /bin/serialver.exe 
utility.

Affected plug-in(s)/JAR(s) include:

org.eclipse.hyades.analysis.engine (ae.jar)",TPTP,normal
PLATFORM-56637,PLATFORM,[Preferences] DialogMessageArea image is too large,"Is the background color of the error shown by DialogMessageArea to be changed?  
Or do you intend to leave it as it is right now?  The error message looks a 
little out of place in the current implementation (being surrounded by white 
space).",UI,normal
PDE-130664,PDE,Radio button layout in product editor,"On the overview page of the product editor the options to create a plugin-based or feature-based configuration are radio buttons laid out underneath the label.

They should be lined up beside the label as we have a lot of horizontal unused real estate.",UI,normal
PLATFORM-478547,PLATFORM,Invalid entry in build.properties file of the org.eclipse.jface.databinding plugin,"The output.databinding.jar = bin/ property in the org.eclipse.jface.databinding plugin causes the following warning and a quickfix suggests to remove this entry.

This is the text of the warning: The library 'databinding.jar' has not been specified on the bundle classpath.",UI,normal
PDE-31719,PDE,[Schema Editor] ClassCastException on selection,"Build: I20030211

I got an internal error while selecting an element in the list on the right hand
side of the Definition tab of a schema editor.

- The schema editor was open on the org.eclipse.ui popupMenus.exsd schema in
HEAD in eclipse.org.  I did not have this file locally I was viewing it
directly from the repository.

- I have the select on hover preference turned on.  I selected by hovering
over an element not by clicking.

- I cannot reproduce but I'm attaching the log file.",UI,normal
PLATFORM-16769,PLATFORM,Move Builder JREs to their own project,"We should move the builder JREs to their own project so that we don't have to 
load them into Eclipse each time we want to work on our scripts.

I suggest eclipseBuildJRE",Releng,normal
PLATFORM-184385,PLATFORM,SetItemCount() in Table extremly slow on MacOSX when lowering itemcount,"Build ID: I20070323-1616

Steps To Reproduce:
1. Create a virtual table set itemcount to 30000 items.
2. Now set itemcount to 5
3. Go drink a coffee you have enough time until the UI is ready again.


More information:
mac only tested with 3.3M6 and 3.2",SWT,high
PLATFORM-137320,PLATFORM,[StyledText] caret does not move correctly when inserted text wraps,"Run the following example and hit the Escape key.  Notice that the caret is somewhere past the end of the first line but it should really be between by and abcdefghij on the second line.  The inserted text has caused the line to wrap but the caret has not followed.  If you arrow left or arrow right the caret fixes itself.

public static void main (String [] args) {
	Display display = new Display ()
	Shell shell = new Shell (display)
	shell.setLayout(new FillLayout())
	final StyledText text = new StyledText(shell SWT.BORDER | SWT.WRAP)
	text.setText(A drop target receives data in a Drag and Drop operation. The data received by\n+
                 the drop target may have come from the same widget from a different widget within \n+
                 the same application or from a different application altogether. For example you \n+
                 can drag text from an email application and drop it on your application or you could \n+
                 drag an item in a tree and drop it below a different node in the same tree.)
	text.addListener(SWT.KeyDown new Listener() {
		public void handleEvent(Event e) {
			if (e.character == SWT.ESC) {
				text.setCaretOffset(78)
				text.insert(abcdefghij)
			}
		}
	})
	Point size = shell.computeSize(SWT.DEFAULT SWT.DEFAULT)
	shell.setSize(size.x + 4 size.y + 100)
	shell.open ()
	while (!shell.isDisposed ()) {
		if (!display.readAndDispatch ()) display.sleep ()
	}
	display.dispose ()
}",SWT,normal
PLATFORM-70048,PLATFORM,[DND] Testing coverage needed for detached windows.,There is currently no coverage for detached windows in the dnd test suite.,UI,normal
Z_ARCHIVED-212753,Z_ARCHIVED,Fix translatability and copyright errors,Fix translatability and copyright errors,TPTP,normal
Z_ARCHIVED-151649,Z_ARCHIVED,Bundle SetConfig utility for org.eclipse.tptp.trace.arm RAC plugin in config.jar,After the fix in bug #151648 has been checked in it needs to be packaged inside a file named 'config.jar' that is placed in the root of the plugin directory.,TPTP,normal
EGIT-434429,EGIT,Add option to include untracked changes in stash dialog,"I often stash my changes before pulling from the remote. 
If untracked changes were included the workspace would be clean after a stash operation.

The patch for this feature depends on 434411 or patch https://git.eclipse.org/r/#/c/26212/
Is there a way to submit the patch to gerrit before the jgit patch is merged?",UI,low
AJDT-244300,AJDT,[build] Error when project dependency has output in project root,"Build ID: I20080617-2000

Steps To Reproduce:
1. Create an AspectJ enabled project 
2. Create a Java project which has output dir set to root (instead of bin subdir).
3. Add as dependency to AspectJ project.
4. AspectJ build will now fail with the following error:

java.lang.IllegalArgumentException: Path must include project and resource name: /JavaProjectCreatedInStep2
	at org.eclipse.core.runtime.Assert.isLegal(Assert.java:64)
	at org.eclipse.core.internal.resources.Workspace.newResource(Workspace.java:1628)
	at org.eclipse.core.internal.resources.Container.getFolder(Container.java:137)
	at org.eclipse.ajdt.core.AspectJCorePreferences.resolveDependentProjectClasspath(AspectJCorePreferences.java:487)
	at org.eclipse.ajdt.core.AspectJCorePreferences.resolveClasspathContainer(AspectJCorePreferences.java:510)
	at org.eclipse.ajdt.core.AspectJCorePreferences.internalGetProjectPath(AspectJCorePreferences.java:400)
	at org.eclipse.ajdt.core.AspectJCorePreferences.getResolvedProjectInpath(AspectJCorePreferences.java:328)
	at org.eclipse.ajdt.internal.core.ajde.CoreCompilerConfiguration.getInpath(CoreCompilerConfiguration.java:114)
	at org.eclipse.ajdt.core.builder.AJBuilder.validateInpathAspectPath(AJBuilder.java:282)
	at org.eclipse.ajdt.core.builder.AJBuilder.build(AJBuilder.java:134)
	at org.eclipse.core.internal.events.BuildManager$2.run(BuildManager.java:633)
	at org.eclipse.core.runtime.SafeRunner.run(SafeRunner.java:37)
	at org.eclipse.core.internal.events.BuildManager.basicBuild(BuildManager.java:170)
	at org.eclipse.core.internal.events.BuildManager.basicBuild(BuildManager.java:201)
	at org.eclipse.core.internal.events.BuildManager$1.run(BuildManager.java:253)
	at org.eclipse.core.runtime.SafeRunner.run(SafeRunner.java:37)
	at org.eclipse.core.internal.events.BuildManager.basicBuild(BuildManager.java:256)
	at org.eclipse.core.internal.events.BuildManager.basicBuildLoop(BuildManager.java:309)
	at org.eclipse.core.internal.events.BuildManager.build(BuildManager.java:341)
	at org.eclipse.core.internal.events.AutoBuildJob.doBuild(AutoBuildJob.java:140)
	at org.eclipse.core.internal.events.AutoBuildJob.run(AutoBuildJob.java:238)
	at org.eclipse.core.internal.jobs.Worker.run(Worker.java:55)




More information:
Eclipse AspectJ Development Tools

Version: 1.6.0.200808141435
AspectJ version: 1.6.2.20080807114600

Windows XP Java 6 runtime",Core,normal
GEMINI.BLUEPRINT-434148,GEMINI.BLUEPRINT,Virgo fails to start on Turkish Windows,"Environment: TR Windows Server 2008 R2 SP1 
Virgo fails to start with this error: No enum constant org.eclipse.gemini.blueprint.service.importer.support.MemberType.SERVÝCE_OBJECT
Any idea how SERVICE_OBJECT can be messed up in a Turkish system?

See full log enclosed.


2014-05-05 23:20:36.616] [INFO ] kernel-dm-0                   .a.d.i.BlueprintEventPostingOsgiBundleApplicationContextListener  Sending event to topic 'org/osgi/service/blueprint/container/FAILURE' with properties '{bundle.version=3.6.2.RELEASE bundle=org.eclipse.virgo.kernel.deployer_3.6.2.RELEASE [30] bundle.symbolicName=org.eclipse.virgo.kernel.deployer exception=org.springframework.beans.factory.BeanDefinitionStoreException: Unexpected exception parsing XML document from URL [bundleentry://30.fwk1299133979/META-INF/spring/deployer-context.xml] nested exception is java.lang.IllegalArgumentException: No enum constant org.eclipse.gemini.blueprint.service.importer.support.MemberType.SERVÝCE_OBJECT type=5 timestamp=1399321236501 bundle.id=30}' 
[2014-05-05 23:20:36.630] [INFO ] kernel-dm-1                   org.springframework.beans.factory.xml.XmlBeanDefinitionReader     Loading XML bean definitions from URL [bundleentry://32.fwk1299133979/META-INF/spring/osgi-context.xml] 
[2014-05-05 23:20:36.786] [ERROR] kernel-dm-0                   org.eclipse.virgo.medic.eventlog.default                         AG0000E Application context creation failure for bundle 'org.eclipse.virgo.kernel.deployer' version '3.6.2.RELEASE'. org.springframework.beans.factory.BeanDefinitionStoreException: Unexpected exception parsing XML document from URL [bundleentry://30.fwk1299133979/META-INF/spring/deployer-context.xml] nested exception is java.lang.IllegalArgumentException: No enum constant org.eclipse.gemini.blueprint.service.importer.support.MemberType.SERVÝCE_OBJECT
	at org.springframework.beans.factory.xml.XmlBeanDefinitionReader.doLoadBeanDefinitions(XmlBeanDefinitionReader.java:412)
	at org.springframework.beans.factory.xml.XmlBeanDefinitionReader.loadBeanDefinitions(XmlBeanDefinitionReader.java:334)
	at org.springframework.beans.factory.xml.XmlBeanDefinitionReader.loadBeanDefinitions(XmlBeanDefinitionReader.java:302)
	at org.springframework.beans.factory.support.AbstractBeanDefinitionReader.loadBeanDefinitions(AbstractBeanDefinitionReader.java:174)
	at org.springframework.beans.factory.support.AbstractBeanDefinitionReader.loadBeanDefinitions(AbstractBeanDefinitionReader.java:209)
	at org.springframework.beans.factory.support.AbstractBeanDefinitionReader.loadBeanDefinitions(AbstractBeanDefinitionReader.java:180)
	at org.eclipse.gemini.blueprint.context.support.OsgiBundleXmlApplicationContext.loadBeanDefinitions(OsgiBundleXmlApplicationContext.java:170)
	at org.eclipse.gemini.blueprint.context.support.OsgiBundleXmlApplicationContext.loadBeanDefinitions(OsgiBundleXmlApplicationContext.java:140)
	at org.springframework.context.support.AbstractRefreshableApplicationContext.refreshBeanFactory(AbstractRefreshableApplicationContext.java:131)
	at org.springframework.context.support.AbstractApplicationContext.obtainFreshBeanFactory(AbstractApplicationContext.java:522)
	at org.eclipse.gemini.blueprint.context.support.AbstractDelegatedExecutionApplicationContext.access$800(AbstractDelegatedExecutionApplicationContext.java:60)
	at org.eclipse.gemini.blueprint.context.support.AbstractDelegatedExecutionApplicationContext$3.run(AbstractDelegatedExecutionApplicationContext.java:242)
	at org.eclipse.gemini.blueprint.util.internal.PrivilegedUtils.executeWithCustomTCCL(PrivilegedUtils.java:85)
	at org.eclipse.gemini.blueprint.context.support.AbstractDelegatedExecutionApplicationContext.startRefresh(AbstractDelegatedExecutionApplicationContext.java:220)
	at org.eclipse.gemini.blueprint.extender.internal.dependencies.startup.DependencyWaiterApplicationContextExecutor.stageOne(DependencyWaiterApplicationContextExecutor.java:224)
	at org.eclipse.gemini.blueprint.extender.internal.dependencies.startup.DependencyWaiterApplicationContextExecutor.refresh(DependencyWaiterApplicationContextExecutor.java:177)
	at org.eclipse.gemini.blueprint.context.support.AbstractDelegatedExecutionApplicationContext.refresh(AbstractDelegatedExecutionApplicationContext.java:157)
	at org.eclipse.gemini.blueprint.extender.internal.activator.LifecycleManager$1.run(LifecycleManager.java:211)
	at org.eclipse.virgo.kernel.agent.dm.ContextPropagatingTaskExecutor$2.run(ContextPropagatingTaskExecutor.java:95)
	at java.util.concurrent.ThreadPoolExecutor.runWorker(Unknown Source)
	at java.util.concurrent.ThreadPoolExecutor$Worker.run(Unknown Source)
	at java.lang.Thread.run(Unknown Source)
Caused by: java.lang.IllegalArgumentException: No enum constant org.eclipse.gemini.blueprint.service.importer.support.MemberType.SERVÝCE_OBJECT
	at java.lang.Enum.valueOf(Unknown Source)
	at org.eclipse.gemini.blueprint.service.importer.support.MemberType.valueOf(MemberType.java:25)
	at org.eclipse.gemini.blueprint.config.internal.CollectionBeanDefinitionParser$CollectionAttributeCallback.process(CollectionBeanDefinitionParser.java:52)
	at org.eclipse.gemini.blueprint.config.internal.util.ParserUtils.parseAttributes(ParserUtils.java:65)
	at org.eclipse.gemini.blueprint.config.internal.util.ParserUtils.parseCustomAttributes(ParserUtils.java:93)
	at org.eclipse.gemini.blueprint.config.internal.AbstractReferenceDefinitionParser.parseAttributes(AbstractReferenceDefinitionParser.java:272)
	at org.eclipse.gemini.blueprint.config.internal.CollectionBeanDefinitionParser.parseAttributes(CollectionBeanDefinitionParser.java:95)
	at org.eclipse.gemini.blueprint.config.internal.AbstractReferenceDefinitionParser.doParse(AbstractReferenceDefinitionParser.java:237)
	at org.eclipse.gemini.blueprint.config.internal.AbstractReferenceDefinitionParser.parseInternal(AbstractReferenceDefinitionParser.java:181)
	at org.springframework.beans.factory.xml.AbstractBeanDefinitionParser.parse(AbstractBeanDefinitionParser.java:59)
	at org.springframework.beans.factory.xml.NamespaceHandlerSupport.parse(NamespaceHandlerSupport.java:73)
	at org.springframework.beans.factory.xml.BeanDefinitionParserDelegate.parseCustomElement(BeanDefinitionParserDelegate.java:1419)
	at org.springframework.beans.factory.xml.BeanDefinitionParserDelegate.parseCustomElement(BeanDefinitionParserDelegate.java:1409)
	at org.springframework.beans.factory.xml.DefaultBeanDefinitionDocumentReader.parseBeanDefinitions(DefaultBeanDefinitionDocumentReader.java:184)
	at org.springframework.beans.factory.xml.DefaultBeanDefinitionDocumentReader.doRegisterBeanDefinitions(DefaultBeanDefinitionDocumentReader.java:140)
	at org.springframework.beans.factory.xml.DefaultBeanDefinitionDocumentReader.registerBeanDefinitions(DefaultBeanDefinitionDocumentReader.java:111)
	at org.springframework.beans.factory.xml.XmlBeanDefinitionReader.registerBeanDefinitions(XmlBeanDefinitionReader.java:493)
	at org.springframework.beans.factory.xml.XmlBeanDefinitionReader.doLoadBeanDefinitions(XmlBeanDefinitionReader.java:390)
	... 21 common frames omitted",Core,high
PLATFORM-80900,PLATFORM,[PerspectiveBar] Platform does not remember order of perspective buttons,"Using I200412081200

Mostly using the following four perspectives: Team Sync CVS Debug and Java and
displaying all the buttons next to each other in the upper right corner.

On shutdown the platform does not remember the order of the buttons. So every
time Eclipse is restarted one has to rearrange them again. The order of the
buttons is always the same as mentioned above.",UI,normal
PLATFORM-16180,PLATFORM,Why is the Ant graphic used for external tools,"Why do we use an Ant graphic for external tools...  the connection doesn't seem 
to be appropriate in general?",UI,high
PDE-288525,PDE,[Cheat sheet] Creating a Rich Client Application typo,"User-Agent:       Mozilla/5.0 (Windows U Windows NT 5.1 fr rv:1.9.1.2) Gecko/20090729 Firefox/3.5.2 (.NET CLR 3.5.30729)
Build Identifier: 3.5.0

In the Creating a Rich Client Application cheat sheet task 2 (Define a plug-in based product) step 5 (Define the product) sub-step 4 reads Verify product is the inputted value for the Product ID text box.  This should rather be Verify product1 is the inputted value for the Product ID text box.

Reproducible: Always",UI,low
ACCELEO-332657,ACCELEO,Troubles with Indigo M4 acceleo update site : NPE visitAcceleoForBlock(AcceleoEvaluationVisitor.java:384),"Hi

on Modisco project when taking in account last Acceleo update site for M4 build (3.1.0.v20101214-0511) we have some troubles with all our generation junit tests :

NPE at org.eclipse.acceleo.engine.internal.evaluation.AcceleoEvaluationVisitor.visitAcceleoForBlock(AcceleoEvaluationVisitor.java:384)

It seems that this method has changed (calling now getEvaluationVisitor() which returns null because the visitor field points to a AcceleoEvaluationVisitor and not a AcceleoEvaluationVisitorDecorator).",Core,normal
JDT-157798,JDT,[clean up] NPE in preview,"20060919

- create the folloing two CUs

package a
public class B{
	void foo() {
		if (true)
			return
	}
}
-----
package a

public class A {

}

- select the two CUs and invoke 'Clean Up'
- on the wizard page click on the 'Configure Clean Ups' link and create a new profile based on the built-in but with 'Convert control statement bodies to block' and 'Code formatting enabled'
- press next. On the preview page expand the node for B/java and click on the type node

!ENTRY org.eclipse.ltk.core.refactoring 4 10000 2006-09-19 14:49:21.569
!MESSAGE Could not find the original of the copied text edit {ReplaceEdit} [22960] << 

!ENTRY org.eclipse.ltk.core.refactoring 4 10000 2006-09-19 14:49:21.569
!MESSAGE Could not find the original of the copied text edit {ReplaceEdit} [21393] <<

	

!ENTRY org.eclipse.ltk.core.refactoring 4 10000 2006-09-19 14:49:21.569
!MESSAGE Could not find the original of the copied text edit {ReplaceEdit} [21030] << 

!ENTRY org.eclipse.ltk.core.refactoring 4 10000 2006-09-19 14:49:21.579
!MESSAGE Could not find the original of the copied text edit {ReplaceEdit} [167134] <<


!ENTRY org.eclipse.jface 4 2 2006-09-19 14:49:21.579
!MESSAGE Problems occurred when invoking code from plug-in: org.eclipse.jface.
!STACK 0
org.eclipse.core.runtime.AssertionFailedException: null argument:
	at org.eclipse.core.runtime.Assert.isNotNull(Assert.java:84)
	at org.eclipse.core.runtime.Assert.isNotNull(Assert.java:72)
	at org.eclipse.ltk.core.refactoring.MultiStateTextFileChange$ComposableUndoEdit.setGroup(MultiStateTextFileChange.java:189)
	at org.eclipse.ltk.core.refactoring.MultiStateTextFileChange$ComposableUndoEdit.access$1(MultiStateTextFileChange.java:188)
	at org.eclipse.ltk.core.refactoring.MultiStateTextFileChange$2.documentAboutToBeChanged(MultiStateTextFileChange.java:525)
	at org.eclipse.jface.text.AbstractDocument.fireDocumentAboutToBeChanged(AbstractDocument.java:606)
	at org.eclipse.jface.text.AbstractDocument.replace(AbstractDocument.java:1072)
	at org.eclipse.jface.text.AbstractDocument.replace(AbstractDocument.java:1091)
	at org.eclipse.text.edits.ReplaceEdit.performDocumentUpdating(ReplaceEdit.java:82)
	at org.eclipse.text.edits.TextEdit.traverseDocumentUpdating(TextEdit.java:896)
	at org.eclipse.text.edits.TextEdit.traverseDocumentUpdating(TextEdit.java:889)
	at org.eclipse.text.edits.TextEditProcessor.executeDo(TextEditProcessor.java:186)
	at org.eclipse.text.edits.TextEdit.dispatchPerformEdits(TextEdit.java:736)
	at org.eclipse.text.edits.TextEditProcessor.performEdits(TextEditProcessor.java:154)
	at org.eclipse.ltk.core.refactoring.MultiStateTextFileChange.getPreviewContent(MultiStateTextFileChange.java:540)
	at org.eclipse.ltk.internal.ui.refactoring.TextEditChangePreviewViewer.setInput(TextEditChangePreviewViewer.java:202)
	at org.eclipse.ltk.internal.ui.refactoring.InternalLanguageElementNode.feedInput(InternalLanguageElementNode.java:53)
	at org.eclipse.ltk.internal.ui.refactoring.PreviewWizardPage.showPreview(PreviewWizardPage.java:553)
	at org.eclipse.ltk.internal.ui.refactoring.PreviewWizardPage.access$3(PreviewWizardPage.java:532)
	at org.eclipse.ltk.internal.ui.refactoring.PreviewWizardPage$5.selectionChanged(PreviewWizardPage.java:523)
	at org.eclipse.jface.viewers.Viewer$2.run(Viewer.java:162)
	at org.eclipse.core.runtime.SafeRunner.run(SafeRunner.java:37)
	at org.eclipse.core.runtime.Platform.run(Platform.java:850)
	at org.eclipse.ui.internal.JFaceUtil$1.run(JFaceUtil.java:44)
	at org.eclipse.jface.util.SafeRunnable.run(SafeRunnable.java:149)
	at org.eclipse.jface.viewers.Viewer.fireSelectionChanged(Viewer.java:160)
	at org.eclipse.jface.viewers.StructuredViewer.updateSelection(StructuredViewer.java:1998)
	at org.eclipse.jface.viewers.StructuredViewer.handleSelect(StructuredViewer.java:1131)
	at org.eclipse.jface.viewers.CheckboxTreeViewer.handleSelect(CheckboxTreeViewer.java:271)
	at org.eclipse.jface.viewers.StructuredViewer$4.widgetSelected(StructuredViewer.java:1157)
	at org.eclipse.jface.util.OpenStrategy.fireSelectionEvent(OpenStrategy.java:213)
	at org.eclipse.jface.util.OpenStrategy.access$3(OpenStrategy.java:207)
	at org.eclipse.jface.util.OpenStrategy$1.handleEvent(OpenStrategy.java:374)
	at org.eclipse.swt.widgets.EventTable.sendEvent(EventTable.java:66)
	at org.eclipse.swt.widgets.Widget.sendEvent(Widget.java:928)
	at org.eclipse.swt.widgets.Display.runDeferredEvents(Display.java:3390)
	at org.eclipse.swt.widgets.Display.readAndDispatch(Display.java:3009)
	at org.eclipse.jface.window.Window.runEventLoop(Window.java:820)
	at org.eclipse.jface.window.Window.open(Window.java:796)
	at org.eclipse.ltk.ui.refactoring.RefactoringWizardOpenOperation$1.run(RefactoringWizardOpenOperation.java:132)
	at org.eclipse.swt.custom.BusyIndicator.showWhile(BusyIndicator.java:67)
	at org.eclipse.ltk.ui.refactoring.RefactoringWizardOpenOperation.run(RefactoringWizardOpenOperation.java:145)
	at org.eclipse.jdt.internal.ui.refactoring.actions.RefactoringStarter.activate(RefactoringStarter.java:40)
	at org.eclipse.jdt.internal.corext.refactoring.RefactoringExecutionStarter.startCleanupRefactoring(RefactoringExecutionStarter.java:266)
	at org.eclipse.jdt.internal.ui.actions.CleanUpAction.runOnMultiple(CleanUpAction.java:188)
	at org.eclipse.jdt.internal.ui.actions.CleanUpAction.run(CleanUpAction.java:94)
	at org.eclipse.jdt.ui.actions.SelectionDispatchAction.dispatchRun(SelectionDispatchAction.java:268)
	at org.eclipse.jdt.ui.actions.SelectionDispatchAction.run(SelectionDispatchAction.java:244)
	at org.eclipse.jface.action.Action.runWithEvent(Action.java:499)
	at org.eclipse.jface.action.ActionContributionItem.handleWidgetSelection(ActionContributionItem.java:539)
	at org.eclipse.jface.action.ActionContributionItem.access$2(ActionContributionItem.java:488)
	at org.eclipse.jface.action.ActionContributionItem$5.handleEvent(ActionContributionItem.java:400)
	at org.eclipse.swt.widgets.EventTable.sendEvent(EventTable.java:66)
	at org.eclipse.swt.widgets.Widget.sendEvent(Widget.java:928)
	at org.eclipse.swt.widgets.Display.runDeferredEvents(Display.java:3390)
	at org.eclipse.swt.widgets.Display.readAndDispatch(Display.java:3009)
	at org.eclipse.ui.internal.Workbench.runEventLoop(Workbench.java:1914)
	at org.eclipse.ui.internal.Workbench.runUI(Workbench.java:1878)
	at org.eclipse.ui.internal.Workbench.createAndRunWorkbench(Workbench.java:419)
	at org.eclipse.ui.PlatformUI.createAndRunWorkbench(PlatformUI.java:149)
	at org.eclipse.ui.internal.ide.IDEApplication.run(IDEApplication.java:95)
	at org.eclipse.core.internal.runtime.PlatformActivator$1.run(PlatformActivator.java:78)
	at org.eclipse.core.runtime.internal.adaptor.EclipseAppLauncher.runApplication(EclipseAppLauncher.java:104)
	at org.eclipse.core.runtime.internal.adaptor.EclipseAppLauncher.start(EclipseAppLauncher.java:74)
	at org.eclipse.core.runtime.adaptor.EclipseStarter.run(EclipseStarter.java:348)
	at org.eclipse.core.runtime.adaptor.EclipseStarter.run(EclipseStarter.java:165)
	at sun.reflect.NativeMethodAccessorImpl.invoke0(Native Method)
	at sun.reflect.NativeMethodAccessorImpl.invoke(NativeMethodAccessorImpl.java:39)
	at sun.reflect.DelegatingMethodAccessorImpl.invoke(DelegatingMethodAccessorImpl.java:25)
	at java.lang.reflect.Method.invoke(Method.java:585)
	at org.eclipse.core.launcher.Main.invokeFramework(Main.java:341)
	at org.eclipse.core.launcher.Main.basicRun(Main.java:285)
	at org.eclipse.core.launcher.Main.run(Main.java:987)
	at org.eclipse.core.launcher.Main.main(Main.java:962)",UI,normal
Z_ARCHIVED-201649,Z_ARCHIVED,org.eclipse.tptp.trace.arm files have missing or incorrect copyright statements,"In the TPTP-4.4.1-200708290100 build copyright reports the following files have missing copyright statements:

plugins/org.eclipse.tptp.trace.arm/src-model/org/eclipse/tptp/trace/arm/internal/model/probes/EJBProbe.java
plugins/org.eclipse.tptp.trace.arm/src-model/org/eclipse/tptp/trace/arm/internal/model/probes/GenericProbe.java
plugins/org.eclipse.tptp.trace.arm/src-model/org/eclipse/tptp/trace/arm/internal/model/probes/IIOPProbe.java
plugins/org.eclipse.tptp.trace.arm/src-model/org/eclipse/tptp/trace/arm/internal/model/probes/JDBCProbe.java
plugins/org.eclipse.tptp.trace.arm/src-model/org/eclipse/tptp/trace/arm/internal/model/probes/ServletProbe.java
plugins/org.eclipse.tptp.trace.arm/src-probes/org/eclipse/tptp/trace/arm/internal/model/iiop/ArmTestInterceptor.java

In the TPTP-4.4.1-200708290100 build copyright reports the following files have incorrect years in the copyright statements:

plugins/org.eclipse.tptp.trace.arm/src-agent/org/eclipse/tptp/trace/arm/internal/agent/NativesUnavailableException.java
plugins/org.eclipse.tptp.trace.arm/src-arm/org/eclipse/tptp/trace/arm/internal/correlator/TPTPArmCorrelatorImpl.java
plugins/org.eclipse.tptp.trace.arm/src-arm/org/eclipse/tptp/trace/arm/internal/metric/ArmMetricDefinitionImpl.java
plugins/org.eclipse.tptp.trace.arm/src-arm/org/eclipse/tptp/trace/arm/internal/transaction/ArmApplicationDefinitionImpl.java
plugins/org.eclipse.tptp.trace.arm/src-arm/org/eclipse/tptp/trace/arm/internal/transaction/ArmApplicationImpl.java
plugins/org.eclipse.tptp.trace.arm/src-arm/org/eclipse/tptp/trace/arm/internal/transaction/ArmCorrelatorImpl.java
plugins/org.eclipse.tptp.trace.arm/src-arm/org/eclipse/tptp/trace/arm/internal/transaction/ArmIdentityPropertiesImpl.java
plugins/org.eclipse.tptp.trace.arm/src-arm/org/eclipse/tptp/trace/arm/internal/transaction/ArmIdentityPropertiesTransactionImpl.java
plugins/org.eclipse.tptp.trace.arm/src-arm/org/eclipse/tptp/trace/arm/internal/transaction/ArmInterfaceImpl.java
plugins/org.eclipse.tptp.trace.arm/src-arm/org/eclipse/tptp/trace/arm/internal/transaction/ArmTransactionDefinitionImpl.java
plugins/org.eclipse.tptp.trace.arm/src-arm/org/eclipse/tptp/trace/arm/internal/transaction/ArmUserImpl.java
plugins/org.eclipse.tptp.trace.arm/src-arm/org/eclipse/tptp/trace/arm/internal/util/AbstractArmProperty.java
plugins/org.eclipse.tptp.trace.arm/src-arm/org/eclipse/tptp/trace/arm/internal/util/ArmContextProperty.java
plugins/org.eclipse.tptp.trace.arm/src-arm/org/eclipse/tptp/trace/arm/internal/util/ArmIdentityProperty.java
plugins/org.eclipse.tptp.trace.arm/src-arm-core/org/eclipse/tptp/trace/arm/internal/correlator/TPTPArmCorrelator.java
plugins/org.eclipse.tptp.trace.arm/src-logging/org/eclipse/tptp/trace/arm/internal/logging/ARMLogger.java
plugins/org.eclipse.tptp.trace.arm/src-model/org/eclipse/tptp/trace/arm/internal/model/impl/AbstractDataImpl.java
plugins/org.eclipse.tptp.trace.arm/src-model/org/eclipse/tptp/trace/arm/internal/model/impl/IIOPDataImpl.java
plugins/org.eclipse.tptp.trace.arm/src-probes/org/eclipse/tptp/trace/arm/internal/model/iiop/ArmRequestInterceptor.java",TPTP,high
TYCHO-342808,TYCHO,Support dependency management through .target files,"Created attachment 193230
Demonstrate that Tycho is not limited to .target content - the .target doesn't contain org.eclipse.osgi

Currently Tycho doesn't have support for explicit dependency management: the dependency resolution cannot be forced to use only a subset of the content available in the listed repositories. (Note: Repositories listed in target files are treated in the same way as POM repositories with layout p2 - they are not restricted to the units in the resolved .target file see attached demo project.)

Tycho should interpret .target files in the same way as the PDE: it should restrict the content that can be seen from the build to the resolution result of the .target file. This would allow a strict dependency management through which certain problems that we see today can be prevented:
- unwanted optional dependencies
- use of newer versions of the project being built

From an implementation point of view this requires a two step depencency resolution:
1) Resolve the .target file(s)
2) Resolve the project dependencies (as today) using the resolution result of 1 as input
For step 1 it should be possible to reuse the p2/PDE (?) implementation of .target file resolution. (If not the p2/PDE code should be refactored so that this is possible.)


Note that this enhancement does not affect users that just want to get started quickly: they could still use repositories with layout p2 in order to have Tycho to just download everything that is referenced in manifests feature.xmls etc.",Core,high
MYLYN_DOCS_VEX-331462,MYLYN_DOCS_VEX,Use WTP catalog to resolve document types,As a first step towards bug 250829 and bug 250838 Vex should use the WTP catalog to locate document types instead of defining an own extension point to register document types.,Core,normal
PLATFORM-408992,PLATFORM,Use eclipse-cbi-plugin 1.0.3 released version,"We're still using eclipse-cbi-plugin 1.0.1-SNAPSHOT and I think this should be switched to a released version for Kepler.

This requires eclipse-cbi-plugin project to release a 1.0.1. I will open a Bug against the CBI project to have this done.",Releng,normal
PLATFORM-383189,PLATFORM,Warnings and Errors in the SWT Combo when running on Linux,"Created attachment 217672
Snippet

I get a lot of those:

(SWT:10646): GLib-GObject-CRITICAL **: g_object_get_qdata: assertion `G_IS_OBJECT (object)' failed

(SWT:10646): GLib-GObject-WARNING **: invalid uninstantiatable type `(null)' in cast to `GtkObject'

(SWT:10646): Gtk-CRITICAL **: IA__gtk_widget_realize: assertion `GTK_IS_WIDGET (widget)' failed

(SWT:10646): Gtk-CRITICAL **: IA__gtk_widget_grab_focus: assertion `GTK_IS_WIDGET (widget)' failed

(SWT:10646): Gtk-CRITICAL **: IA__gtk_widget_realize: assertion `GTK_IS_WIDGET (widget)' failed

Reproduction steps:
(1) Run a snippet.
(2) Try changing the values while a dialog continues to appear and disappear


Majority of g_object_get_gdata assertions is caused by Combo#deregister method by line:
display.removeWidget (menuHandle)",SWT,normal
Z_ARCHIVED-273249,Z_ARCHIVED, events does not include an id attribute.," events does not include an id attribute.

For example:



This is a required attribute so the event can be cached by its ID (see org.eclipse.hyades.loaders.common.XMLexecutionEventLoader.addYourselfToContainer()).",TPTP,high
PLATFORM-252693,PLATFORM,computeSize causing Resize and Move events,Control that you use sizeToFit to do computeSize are causing events to be sent when sizeToFit is called. Need to use an ignoreResize flag to stop those events.,SWT,normal
PLATFORM-132853,PLATFORM,[Dialogs] no indicator for long messages in floating status,"If there is a message in the new floating status that exceeds the viewable area in  the TitleAreaDialog there is no indicator (like ...) that the message continues.  It just appears to be cut off.  Perhaps there should be something like a little arrow to scroll to view the rest of the message.  The old status area had the same problem but it showed at least 2 lines so this problem didn't occur as often as it will now.

Steps:
1. Create new Java class
2. Enter a class name that starts with a lowercase letter you will get a warning message saying:
Type name is discouraged. By convention Java type names usually start with an uppercase letter",UI,normal
PLATFORM-176989,PLATFORM,Add Jetty and JSP Support bundles to Platform Feature,"The Jetty and JSP Support Bundles should be added to the Platform Feature.

The bundles from the eclipse depot are:
1) org.eclipse.equinox.http.jetty
2) org.eclipse.equinox.http.servlet
3) org.eclipse.equinox.http.registry
4) org.eclipse.equinox.jsp.jasper
5) org.eclipse.equinox.jsp.jasper.registry

We will also need to add the following bundles from Orbit:
1) javax.servlet (v2_4)
2) javax.servlet.jsp (v2_0)
3) org.apache.commons.el (v1_0)
4) org.apache.commons.logging (v1_0_4)
5) org.apache.jasper (v5_5_17)
6) org.mortbay.jetty (v5_1_11)",Releng,normal
PDE-48388,PDE,NPE for empty documentation tag,"This bug is related to 
https://bugs.eclipse.org/bugs/show_bug.cgi?id=48387
(that is both found at same time) but is seperate from it. 

I happen to have a test schema (unrelated to extension points) in a project that 
has an empty documention tag namely:
    
        
    

This causes NPE while building. From org.eclipse.pde.internal.core.schema.
Schema.processSchemaAnnotation. 
Below I've pasted (top of) stack trace that appears in console. 
    
= = = =
java.lang.NullPointerException
        at org.eclipse.pde.internal.core.schema.Schema.
processSchemaAnnotation(Schema.java:717)
        at org.eclipse.pde.internal.core.schema.Schema.
traverseDocumentTree(Schema.java:883)
        at org.eclipse.pde.internal.builders.SchemaTransformer.
transform(SchemaTransformer.java:194)
        at org.eclipse.pde.internal.builders.ExtensionPointSchemaBuilder.
transform(ExtensionPointSchemaBuilder.java:355)
        at org.eclipse.pde.internal.builders.ExtensionPointSchemaBuilder.
compileFile(ExtensionPointSchemaBuilder.java:128)
        at org.eclipse.pde.internal.builders.ExtensionPointSchemaBuilder.
compileSchemasIn(ExtensionPointSchemaBuilder.java:265)
        at org.eclipse.pde.internal.builders.ExtensionPointSchemaBuilder.
compileSchemasIn(ExtensionPointSchemaBuilder.java:263)
        at org.eclipse.pde.internal.builders.ExtensionPointSchemaBuilder.
compileSchemasIn(ExtensionPointSchemaBuilder.java:263)
        at org.eclipse.pde.internal.builders.ExtensionPointSchemaBuilder.
compileSchemasIn(ExtensionPointSchemaBuilder.java:263)
        at org.eclipse.pde.internal.builders.ExtensionPointSchemaBuilder.
build(ExtensionPointSchemaBuilder.java:88)
        at org.eclipse.core.internal.events.BuildManager$2.run(BuildManager.
java:482)
        at org.eclipse.core.internal.runtime.InternalPlatform.
run(InternalPlatform.java:1127)
        at org.eclipse.core.runtime.Platform.run(Platform.java:464)
        at org.eclipse.core.internal.events.BuildManager.
basicBuild(BuildManager.java:130)",UI,normal
PLATFORM-56075,PLATFORM,[Wizards] New project wizard Next enabled with no selection,"I200403240800

In a new workspace File>New>Project
Click Show All Wizards
In Simple select Project
Click Show All Wizards to turn it off

No selection but Next is still enabled.",UI,normal
Z_ARCHIVED-113914,Z_ARCHIVED,Client command processing crashes if overloaded,"I created a test client (MultiThread) to stimulate high traffic volumes.  If I 
set this client to start 100 threads each of which launches an agent the 
client crashes in the processControlMessage function because the buffer is in 
an unexpected state.

I would guess that the problem is caused by the buffer into which incoming 
messages are read being filled and ending with a partial message.  Then when 
we read another buffer it doesn't begin with the start of a message.

I haven't been able to verify that this is definitely the cause of the crash.",TPTP,high
PLATFORM-21969,PLATFORM,List.getSelectionIndex bug,"On the attached project the selectionIndex is always 0 however the java
documentation explicitely says that -1 should be returned if there is no
selection  (which should always be the case on an empty list)",SWT,normal
JDT-14106,JDT,Declarations in Hierarchy does not find declarations in hierarchy,"In Eclipse M5 Windows (but probably happens everywhere):

0) Get the source for SWT into Eclipse
1) In Hierarchy view select Control.isTabGroup()
2) Declarations->Hierarchy
3) You only get Control.isTabGroup() (WRONG)
4) Declarations->Workspace
5) You get Control.isTabGroup() and Decorations.isTabGroup() (CORRECT)

Decorations is a subclass of Control so I expected that it would be found.

So I went to Decorations.isTabGroup() and tried the same thing and it found 
both.  If the definition of Hiearchy is to look up the hierarchy then please 
remove this search feature as it is harmful.  I get the same look up the 
hierarchy feature by turning on show inherited feature.

This bug/feature has already caused me to introduce a bug in my code because 
I was looking for everyone that was affected by my change to a method in the 
super class and incorrectly thought nobody reimplemented the method.",Core,normal
PDE-60125,PDE,NPE importing external plugins,"i20040427

Got the following NPE when re-importing external plugins as binary projects. I
was asked if I wanted to overwrite org.apache.ant and selected Yes to All.
The import failed with a error dialog showing just NullPointerException.

Tried again same thing.

!ENTRY org.eclipse.pde.ui 4 0 Apr 27 2004 11:24:04.966
!MESSAGE java.lang.NullPointerException
!STACK 0
java.lang.NullPointerException
        at org.eclipse.pde.internal.core.SourceLocationManager.processExtensions
(SourceLocationManager.java:179)
        at org.eclipse.pde.internal.core.SourceLocationManager.initializeExtensi
onLocations(SourceLocationManager.java:135)
        at org.eclipse.pde.internal.core.SourceLocationManager.initialize(Source
LocationManager.java:99)
        at org.eclipse.pde.internal.core.SourceLocationManager.findSourceLocatio
n(SourceLocationManager.java:73)
        at org.eclipse.pde.internal.core.SourceLocationManager.findSourceFile(So
urceLocationManager.java:54)
        at org.eclipse.pde.internal.ui.wizards.imports.PluginImportOperation.imp
ortSource(PluginImportOperation.java:376)
        at org.eclipse.pde.internal.ui.wizards.imports.PluginImportOperation.imp
ortPluginContent(PluginImportOperation.java:304)
        at org.eclipse.pde.internal.ui.wizards.imports.PluginImportOperation.imp
ortAsBinary(PluginImportOperation.java:178)
        at org.eclipse.pde.internal.ui.wizards.imports.PluginImportOperation.imp
ortPlugin(PluginImportOperation.java:118)
        at org.eclipse.pde.internal.ui.wizards.imports.PluginImportOperation.run
(PluginImportOperation.java:80)
        at org.eclipse.core.internal.resources.Workspace.run(Workspace.java:1650
)
        at org.eclipse.core.internal.resources.Workspace.run(Workspace.java:1670
)
        at org.eclipse.pde.internal.ui.wizards.imports.PluginImportWizard$2.run(
PluginImportWizard.java:104)
        at org.eclipse.jface.operation.ModalContext$ModalContextThread.run(Modal
Context.java:101)",UI,high
LYO-386697,LYO,StackOverflowException when extended property refers to the current resource,"Hitting a StackOverflowException due to infinite recursion when an extended property has a reference to the current resource.   Example:   A ChangeRequest has the following subject:




and contains the following attribute:



In JenaModelHelper (and the Json equivalent) this causes us to recurse infinitely between fromResource() and handleExtendedPropertyValue().   

Proposed solution is to maintain a set of visited URIs during extended property passing and skip recursion if a particular URI has already been visited.

Need to be sure to test round-tripping of artifacts with unknown properties and blank nodes.",Core,high
OCL-468444,OCL,[cg] OCLinEcore operation bodies displace Java bodies,"If OCLinEcore is used in conjunction with Java body EAnnotations the Java is displaced.

Simple fix: if the OCLinEcore content is null and there is a Java body keep the Java body rather than generating a FIXME comment.",Core,normal
MYLYN-195238,MYLYN,[Package Explorer] Link with Editor state not saved,"Build ID: I20070621-1340

Steps To Reproduce:
1. Install Eclipse 3.3 (Java development edition)
2. Start with default workspace create new project and new Java file in Project
3. Activate Link with Editor in the Package Explorer by clicking the toolbar icon or from the menu
4. Exit and re-start Eclipse: Link with Editor is inactive again activation will not be saved between sessions as it has been in previous versions",UI,normal
EGIT-433116,EGIT,[historyView] When commit has too many tags message and branches are not visible,"Created attachment 242149
history view of a commit with many tags showing the problem

When a commit in the History view has many tags the branches or the commit message itself may not be visible.

See the attached picture for an example from the eclipse.platform.ui repository.

I think we could improve it by only showing a small number of tags and showing the rest only when the user hovers over it. Proposed patch coming up.",UI,normal
JUBULA-346855,JUBULA,Missing reused project is named null + version number in the TCB,For missing reused projects appears the name null plus version number null[5.0] in the Test Case Browser instead of GUID plus version number 14589525851549[5.0].,Core,low
NEBULA-420422,NEBULA,[New widgets] Opal,"Created attachment 236919
Source code for Opal

I'd like to propose Opal widgets [http://code.google.com/a/eclipselabs.org/p/opal/] as part of Nebula.
Because some components are already included in Nebula I propose a subset which contains the following widgets :
    - Multichoice a tool to select items.
    - TextAssist an improved Text widget with auto-completion
    - Brushed Metal Composite a composite that displays a brushed metal texture à la mac
    - Dual List a widget allows the user to select one or many elements and order them.
    - Infinite progress panel a widget that displays an animation during long task operations
    - Switch button another look for checkboxes
    - Gradient composite a composite that displays a gradient in its background.
    - Image Selector a fancy image selector
    - Dialog box a trivial Task Dialog API for SWT
    - Horizontal Spinner a horizontal spinner
    - Panels 2 panels to make your forms nicer
    - CheckBoxGroup a group with a checkbox. When one clicks on the checkbox the whole content of the group is deactivated.
    - HeapManager a widget that displays the available heap size the current heap size and a button to perform a Garbage Collecting.
    - ColumnBrowser a widget that displays a tree structure a la mac in miller columns.
    - Launcher a widget used to launch applications modules or anything with a simple and fancy zoom effect
    - Headera widget that displays a header composed of a title an image and a description.
    - Titled Separator an enhanced separator with a title and/or an image.
    - LoginDialog a component to authentify users.
    - Tip of the Day a window that displays the tip of the day.
    - Preference Window an easy-to-build window that can be used to set up preferences.
    - Range Slider a slider that allow the user to select a range
    - Prompt Support an utility class to add a Prompt to Text and Combo widgets !
    - Transition Composite a widget that display controls like pages and manage transitions between each page.
    - Property Table a widget to edit properties. Each property is given a name a type a description.
    - DynamicTableColumns an enhanced table that allow you to set width by using pixels or percentages.
    - SystemMonitor a widget to monitor some aspects of your system and application.
    - Calculator a widget that displays a Calculator or a Calculator Combo.
    - RoundedToolbar a widget that displays a rounded toolbar.
    - StarRating a widget that displays a star rating component.
    - Breadcrumb a widget that displays a bread crumb.
    - OButton a widget that displays a custom button (PushToggle or Arrow). 

The project has started 2 years ago and is developped by 3 commiters.

I hope that my project will merge with Nebula.",Core,normal
XTEND-485032,XTEND,Eclipse Error Constraints may not be primitives with assertJ and primitive types,"Created attachment 258944
simple project to reproduce

Overview: While working in a simple project with assertJ trying to use 

assertThat(anyPrimitiveType)

fails with an exception on saving:

Error updating dirty state editor. Constraints may not be primitives
 
Steps to Reproduce: 

    1) Import attached project. 
    2) Save .xtend file.

Actual Results:

    Error while saving.
    Test is still runnable

Expected Results: 

    File is saved without errors.

Additional Information:

    I can reproduce on xtend 2.9 and 2.8 with Java 7 and Java 8",Core,normal
PDE-338133,PDE,Import tests DNF when importing from repository,"N20110222 and later.

Test failures in the nightly builds fail with a DNF.  Kim told me that a CVS dialog is opening up during our import from repository tests asking for a username and password for the pserver repo.",UI,high
PDE-20926,PDE,Plugins from workspace not picked up by runtime workbench.,"20020624 integration build.

Steps to reproduce:
1.Start Eclipse
2.File->New->Project...  Plug-in Development Plug-in Project Next 
Type Test in project name Next Next Choose Hello World Next Next Finish.
3.Dialog titled: New Hello World plug-in project saying: Plug-ins required 
to compile Java classes in this plug-in are currently disabled. The wizard must 
enable them to avoid compile errors apears.  Click OK.
4.Click RunningMan drop downV->Run As->Run-time workbench.
5.Close runtime workbench.
6.Open CVS perspective create Anonymous repository location to eclipse.org 
select org.eclipse.help project from HEAD right click->Check out as project.
7.File->Import External plug-ins and Fragments Next Next click Existing 
Project click Invert Selection click Finish.
8.Open Java perspective expand org.eclipse.help->src-
>org.eclipse.help.internal.  Double click HelpPlugin.java.
9.Insert line
 		System.out.println(Help system startup)
before line
		HelpSystem.startup()
Save HelpPlugin.java in the editor.
10.Click RunningMan drop downV -> Runtime-Workbench
11.Dialog titled Runtime-Workbench Launcher appears saying: The list of 
plug-ins to run contains duplicates. Plug-ins from the workspace will be used. 
To fix the problem uncheck offending external plugins in the Launch 
Configuration.
12.Click OK.
13.Runtime-workbench will come up.  __Problem 1 - I did not get a chance to 
change the change the Launch Configuration.__
14.Launch help in runtime workbench.  __ Problem 2 - The console stays empty 
meaning the edited HelpPlugins.java does not get picked up.__",UI,high
EGIT-291524,EGIT,EGit feature declares that it provides org.eclipse.jgit,"User-Agent:       Mozilla/5.0 (Macintosh U Intel Mac OS X 10_5_8 en-gb) AppleWebKit/531.9 (KHTML like Gecko) Version/4.0.3 Safari/531.9
Build Identifier: 

The EGit feature declares that it provides org.eclipse.jgit which in fact it doesn't. 


   <plugin
         id=org.eclipse.jgit
         download-size=0
         install-size=0
         version=0.0.0
         unpack=false/>

This should be removed and a plugin dependency should be added.

Reproducible: Always",Core,normal
PDT-294570,PDT,unit test for include statement of phar support,,Core,normal
PLATFORM-332146,PLATFORM,permgen settings when running tests should match those in the SDK,"This exposed an issue in pde build here 331917.

In today's arch call Olivier suggested setting them by default when running all tests.  

This reason this is an issue is that we run the tests by calling java -jar launchername",Releng,normal
PDE-178853,PDE,Export Product wizard wont start,The export product wizard wont start on I20070322-0950 on OS X or Vista.  Screencap coming...,UI,high
GRAPHITI-323155,GRAPHITI,Check if DefaultPrintFeature and DefaultSaveFeature make sense,The two features do not seem to be used. Instead  the functionality could be available via the dialogs.,Core,normal
PLATFORM-276255,PLATFORM,[relengtool][regression] Eclipse/IBM Fix copyrights inserts space char in Copyright headers where it shouldn't,"Build ID: 3.5M7

When the Fix Copyrights action touches a file in order to replace the copyright-to-year it inserts an additional space character at the beginning of each line in the Copyright header.

For instance this:

# Copyright

is changed into this:

#  Copyright

I'm not sure if this change is intended -- in the past the Fix Copyrights action only touched the one single line where it replaced the year. Now it touches the entire Copyright header which is problematic in two ways:

(1) Unnecessary diffs in CVS
(2) Tools for file scanning / search+replace which used to match against the
    entire verbatim Copyright header cannot do so any more because there are
    now two variants of the Copyright header (with 1 space if not touched by
    the 3.5m7 tool or with 2 spaces if touched by it).

Does anybody know what change(s) could have introduced this regression?",Releng,normal
OCL-215110,OCL,[ast] Detailed EssentialOCL model inconsistencies,"I just upgraded my QVT/EQVT comparator and it threw out the following
EssentialOCL (OCL 06-05-01)/MDT-OCL anomalies a couple of which I have reported before might as well group them all together.

CollectionLiteralExp.part should not be ordered (implicit specification)
CollectionType should be abstract
CollectionType.elementType should be [1..1] (explicit specification)
ExpressionInOCL should be spelled ExpressionInOcl
ExpressionInOCL should not be abstract
ExpressionInOCL.contextVariable should be [0..1] (explicit specification)ExpressionInOCL.parameterVariable should not be ordered (implicit specification)
IfExp.condition should be [1..1] (explicit specification)
IfExp.elseExpression should be [1..1] (explicit specification)
IfExp.thenExpression should be [1..1] (explicit specification)
LetExp.in should be [1..1] (explicit specification)
LetExp.variable should be [1..1] (implicit specification)
LoopExp.body should be [1..1] (explicit specification)
LoopExp.iterator should not be ordered (implicit specification)
TupleLiteralExp.part should not be ordered (implicit specification)
UnlimitedNaturalLiteralExp should be spelled UnlimitedNaturalExp
UnlimitedNaturalLiteralExp.integerSymbol should be spelled UnlimitedNaturalExp.symbol

and also though clearly erroneously

TupleLiteralExp.attribute should be containment (explicit specification)",Core,normal
XTEND-393704,XTEND,[formatter] allow configuration of newLines after annotations based on the annotation's location,e.g. annotations before class vs. annotations before methods.,Core,normal
Z_ARCHIVED-150843,Z_ARCHIVED,Update probekit viewlet,"The viewlet for Probekit Editor needs to be updated:

http://www.eclipse.org/tptp/home/documents/tutorials/screencasts/ProbekitEditor_viewlet_swf.html",TPTP,normal
PLATFORM-491129,PLATFORM,NullPointerException After delete projects in hierarchical Project Explorer,,UI,normal
OCL-415073,OCL,[Visitors]  Inconsistent AbstractExtendingDelegatingVisitor template,"The AbstractExtendingDelegatin visitors template produces some sensible documentation for the generated visitor:

An AbstractExtendingDelegating«visitorClassName» provides a default implementation for each
visitXxx method that delegates to the supertype if the supertype is in the same package as
the visited type otherwise it delegates to the delegate.

To be consistent with the documentation the template would have to change as follows:

replace:

public abstract class AbstractExtendingDelegating«visitorClassName»>

by 

public abstract class AbstractExtendingDelegating«visitorClassName»>

and replace

return delegate.visit«eClass.name»(object)

by

return delegate.visit«firstSuperClass.name»(object)

Regards
Adolfo.",Core,normal
XTEND-410571,XTEND,Mark use of Java type literals as error,"The expression : 

  String.class

is valid code but it doesn't do what people with a Java background might expect
as it translates to String.class.getClass().

This is because String is a type literal and class is a shortcut for getClass().

We need to disallow this as it doesn't make sense (people usually don't want to obtain the class object of Class) and it's very pitfall very likely to happen and surprising to users.",Core,high
QVTO-461409,QVTO,Contribute QVTO code coverage tool (UI),"Created attachment 251290
This patch contains the plugins mentioned in the description.

This contribution contains plugin project:
- org.eclipse.m2m.qvt.oml.tools.coverage.ui: launch delegates menu contributions preference page QVTO editor annotator and classes to store coverage result models.

This patch is generated from:
https://github.com/nspyre/qvto.git branch code-coverage-ui (based on branch code-coverage-releng).",UI,normal
PDE-130407,PDE,Wrong ordering in the registry view,"Now that we introduced versions into the bundle label

org.eclipse.pde.core (v....)
appears before
org.eclipse.pde (v...)

because dot comes lexicographically before a space

We should have our own sorter that tokenizes a bundle label and compares the first segment only",UI,normal
PDE-89459,PDE,JARd plugins are second-class citizens in the Plugins view,"3.1 M6 candidate.

In the plug-ins view JARd plugins as childless nodes.
Opening the manifest files for such plugins is a pain.  I have to be creative 
e.g. right-click on the plugin in question open the dependencies view and 
then double click on the plugin in the dependencies view.

We should fix the double-click behavior of the plugins view.
double-clicking on such a plug-in in the plugins view should open the manifest 
file.

We should also add an 'Open' item to the context menu of such plug-ins.

Incidentally same goes for workspace plugins ie. plugins that appear with a 
project icon in the plugins view.",UI,normal
Z_ARCHIVED-281074,Z_ARCHIVED,General maintenance bug for TPTP 4.5.2.1,General maintenance bug for TPTP 4.5.2.1.,TPTP,normal
PLATFORM-34970,PLATFORM,[Program] System editor not found in HP-UX 11.00,"Problem description:
On HP-UX 11.00 selecting system editor from the open with context menu of 
a file produces a Problems Opening Editor error dialog saying unable to open 
external editor for . This works fine on HP-UX 11.11. I am abled to 
open the system editor using the visual environment (CUE) on both versions of 
OS.

Steps to reproduce:
1. Create a new Java project.
2. Left click on the .project file in the new project tree in the navigator 
view.
3. Right click in the navigator view and select open with and then 
choose system editor. An error dialog appears.

Found in:
OS: HP-UX 11.00.   Eclipse: V2.1 Build Id: 200303071024 (RC2)

Comments: It may be something different in the environment of the two servers 
but I have no idea what it might be.",SWT,normal
JDT-509324,JDT,[1.8][inference] jdt generics regression in neon.2,"Created attachment 265905
sample maven project

Got some code that 
 - compiles fine in neon 1
 - has a compile error in neon 2
 - compiles fine with javac / maven on commandline
 - compiles fine in oxygen (I didn't try but one of my coleagues did)

Wasn't totally sure if we should report this. Since maybe its already fixed in oxygen. 

But since neon.2 isn't even released yet and this seems to be a problem actually introduced in neon.2...

Anyhoo I'l leave it to the experts to decide if this can / should still be fixed in Neon. 

To reproduce: import attached maven project in neon.2
You will get a compile error like this:

Description	Resource	Path	Location	Type
Type mismatch: cannot convert from Object to TestGenerics.SshHost	TestGenerics.java	/neon-2-compilation-problem/src/main/java/testgenerics	line 32	Java Problem",Core,normal
PLATFORM-100622,PLATFORM,[Browser] Opening Applet crashes Eclipse,"1. create an HTML file with contents:







2. open with/web browser
3. Eclipse crashes.

From console:
2005-06-17 12:11:00.816 java[1114] GrP not requesting _registerDragTypes because the window is 
dying already
2005-06-17 12:11:46.057 java[1114] Apple Java Plugin: Java Plugin isn't first to load JVM. (src/plugin/
src/macosx/native/apple/applet/JavaInstance.m - -[JavaInstance init] : 124)
2005-06-17 12:11:46.059 java[1114] Apple Applet Plugin: JNI exception (registerNatives 334)
Exception in thread Thread-4 java.lang.NoClassDefFoundError: sun/plugin/javascript/webkit/JSObject",SWT,high
JDT-201587,JDT,[quick fix] change type does not fully qualify conflicting type,"I20070828-0800

Given:
package test2
public class E02 {}

package test1
public class E01 {
	private class E02 {}
	private E02 e02
	public E01() {
		e02= new test2.E02()
	}
}
1. Go to compile error
2. Ctrl-1
3. 'Change type of e02 to E02'
Is:
 test2.E02 is imported
Should:
 Field type should be fully qualified",UI,normal
PDE-188280,PDE,[Dependencies][Views] Fragment host shown twice,"3.3RC1

Show dependencies view for fragment org.eclipse.jdt.compiler.apt in Callees mode. org.eclipse.jdt.core is shown twice in the tree.",UI,normal
MYLYN-220862,MYLYN,[m2.3.1] capture screen shot includes screen shot dialog,When I capture a screen shot the image includes the capture dialog. Once I got a white area instead of the dialog. There could be a race condition between hiding the wizard and a refresh taking place. In 2.2 this still worked but it seems to me that the whole capturing process was much slower.,UI,normal
Z_ARCHIVED-142480,Z_ARCHIVED,Invalid template string,The string used to obtain a qualified class name in the Exception templates is incorrect,TPTP,normal
PLATFORM-15310,PLATFORM,Find actions in Edit menu not well organized,"The Find actions in the Edit menu are scattered:
...
---
Select All
---
Find/Change <<<<<<
Search
---
Add Bookmark
---
Find Next  <<<<<<
Find Previous
Incremental Find

All the Find actions should appear together.",UI,normal
Z_ARCHIVED-137560,Z_ARCHIVED,waitingForData is not called for IAC in its console class,"When profiling an application that requires user input the Console class used for RAC calls the waitingForData method of Process until input is served to the program.  The automation framework overides 'waitingForData' and uses it to serve input to the program.  The code that calls waitingForData is indicated below:

:: Console.java

while(!complete) {
  int length=0
  try {
     length=is.read(buffer)
  } catch(InterruptedIOException e) {
    /* Read timeout don't want to wait too long */
    if(_processor != null) {
	_processor.waitingForData()
    }
  }
...

This method doesn't seem to be called when profiling an application with IAC.  
Marking bug as blocker since it blocks IAC test cases from being automated.

Note that this defect can be targetted to i3 and it shouldn't hold back i2.",TPTP,high
PLATFORM-12885,PLATFORM,label as a seperator doesn't resize properly,"OS: WinXP
Build: 20020404

If a dialog is resized and contains a label acting as a seperator the seperator
is drawn without respecting it's fixed horizontal setting (e.g. it looks like a
heart-monitor/sketch draw line). I haven't tried this on other platforms but it
happens consistently on XP.",SWT,normal
JDT-34169,JDT,Add JUnit TestSuite blocks,"In RC2 I was able to add a new JUnit test suite using the wizard. After 2 or 3 
calls to wizard it stopped working. The Next button trigers some activity 
(mouse pointer changes) but does not advance to the next screen. The same 
workspace works fine with RC1 after this problem with RC2.",UI,high
Z_ARCHIVED-186602,Z_ARCHIVED,The Alaysis Results view does not shown anything.,"Build ID: Eclipse 3.3M6 TPTP Analysis Feature 4.4.0.v200703270100F

Steps To Reproduce:
When I run the Analysis tool on a project or workspace etc it runs and opens up the Analysis Results view. However the view shows nothing - only one line in the list/tree that says:  [project] (07/05/11 09:28:58) [83 results in 736ms].

There are markers if I open up a file.

More information:",TPTP,high
Z_ARCHIVED-224840,Z_ARCHIVED,Can not cancel changes while closing datapool editor,"Build ID: tptp45 i6

Steps To Reproduce:
1. Open an datapool editor in eclipse workbench .
2. Do some actions such encrypt an column change it's  cell value
3. DO not click save  button in eclipse Menu .
4. Click close datapool editor .
5. System prompt user to select  save or no or  cancel  
6. Click no to close editor to escape changing  and close it directly .
7. Open datapool editor again and find the changes is still saved .


More information:",TPTP,high
Z_ARCHIVED-148913,Z_ARCHIVED,(Web)Installation Guide needed for TPTP release 4.2,A new Installation Guide supporting TPTP 4.2 (location and filename \tptp\home\downloads\installguide\InstallGuide42.html) is needed that is consistent with prior releases.,TPTP,normal
EPSILON-371724,EPSILON,[EMC] XML Driver ANT task does not respect read/store attributes,The ANT task for loading an XML model currently ignores the values of the read / store attributes and uses the defaults instead.,Core,normal
PLATFORM-484398,PLATFORM,Create a programmatic way to define core expressions,"Core-expressions need currently to be defined via plugin.xml expressions. That is error prone and hard to read and debug. 

From an email discussion with Tom and Dirk Tom made the suggestion to provide also expression via code and @Execute method.

It does not yet exist but once more the model is prepared for other
expression frameworks.

MCoreExpression is the only one currently implemented but we could have

MImperativeExpression extends MExpression MContribution {

}

class MyExpression {
   @Execute
   public boolean evaluate(MPerspective p) {
     return my.special.perspective.equals(p.getElementId())
   }
}",UI,normal
PLATFORM-14595,PLATFORM,JFaceColors does not dispose of colors.,"The colors looked up by JFaceColors are not disposed explicitly anywhere 
currently leaving the user of those colors to clean them up.

We need to either
a) Cache the colors and cleanup on shutdown or 
b) Make it more explicit that the colours need to be cleared up",UI,high
PDE-57074,PDE,Dynamic classpath not updated for fragment when prereq projects deleted,"build I20040330

- UI in source rest imported as binaries
- delete all binary projects
- the UI plugin projects classpaths get updated properly to point to the target
platform's plugins but not the fragment project for org.eclipse.ui.win32
- closing and reopening the project fixes it up",UI,normal
EPSILON-312517,EPSILON,[ETL] Some classes are not recognized,"Build Identifier: 20100218-1602

For istance. I have this model.



  
    
      
        
      
    
    
      
        
      
    
  


In the metamodel I have a class called Rule but when I executed the next sentences:

rule trasnform_policie2
	transform f: Source!Rule
	to p : Target!Filter_Rule{
	
	f.println()
	hello.println()
}

The execution doesn't found any Source!Rule. In the metamodel this class exists However I have tried and this can found other classes like Source!Policy

I think this doesn't hapen with all models/metamodels.

Reproducible: Always

Steps to Reproduce:
1. Do a model to model trasnformation using ETL.
2. 
3.",Core,high
EGIT-512508,EGIT,Irritating normalize/corrupt branch name,"There seems to be a new unexplained option on the checkout dialog to normalize the branch name. There is no explanation of normalize e.g hover/help text.

It seems to mean corrupt and there seems no preference to revert to something sensible.

Since it is a common practice to name branches as committer-id/branch-name please remove/reverse this option so that sanity prevails.",UI,normal
PLATFORM-329181,PLATFORM,Shell with RESIZE and SHEET style does not pack properly,"Build Identifier: 3.7m2

On Mac (cocoa) if the shell includes both the SWT.RESIZE and SWT.SHEET styles then calling pack() will leave the window too short.  If either of these styles is excluded then pack works correctly.  See example below.



Reproducible: Always

Steps to Reproduce:
import org.eclipse.swt.SWT
import org.eclipse.swt.layout.FillLayout
import org.eclipse.swt.layout.GridLayout
import org.eclipse.swt.widgets.Button
import org.eclipse.swt.widgets.Display
import org.eclipse.swt.widgets.Event
import org.eclipse.swt.widgets.Listener
import org.eclipse.swt.widgets.Shell

public class TestSheet {

	public static void main(String[] args) {
		final Display display = new Display()
		final Shell shell = new Shell(display)
		FillLayout layout = new FillLayout()
		layout.marginWidth = 50
		layout.marginHeight = 50
		shell.setLayout(layout)
		Button button = new Button(shell SWT.PUSH)
		button.setText(Push Me)
		button.addListener(SWT.Selection new Listener() {

			public void handleEvent(Event event) {
				Shell popup = new Shell(shell SWT.DIALOG_TRIM | SWT.SHEET
						| SWT.RESIZE)
				popup.setLayout(new GridLayout())
				for (int i = 1 i < 6 i++) {
					new Button(popup SWT.PUSH).setText(Button  + i)
				}
				popup.pack()
				popup.open()
			}
		})

		shell.pack()
		shell.open()
		while (!shell.isDisposed()) {
			if (!display.readAndDispatch())
				display.sleep()
		}
		display.dispose()

	}
}",SWT,normal
TIGERSTRIPE-227741,TIGERSTRIPE,Audit messages for Artifact rules refer to Global rules,"This is because the ArtifactRuleAuditor extends the GlobalRuleAuditor.

Should really have a Base Auditor doing the common checks then subclass to global or artifact as necessary.",UI,low
PLATFORM-485840,PLATFORM,NPE im PerspectiveSwitcher#closePerspective,"PerspectiveSwitcher#closePerspective uses 

MWindow win = modelService.getTopLevelWindowFor(persp)
WorkbenchPage page = (WorkbenchPage) win.getContext().get(IWorkbenchPage.class)

This leads to an NPE is you close a perspective which was not yet activate as it has no toplevelWindow.

To test:

1.) Start a runtime Eclipse and open several perspectives close it again
2.) Restart this runtime Eclipse and start closing perspectives



java.lang.NullPointerException
	at org.eclipse.e4.ui.workbench.addons.perspectiveswitcher.PerspectiveSwitcher.closePerspective(PerspectiveSwitcher.java:690)
	at org.eclipse.e4.ui.workbench.addons.perspectiveswitcher.PerspectiveSwitcher.access$4(PerspectiveSwitcher.java:688)
	at org.eclipse.e4.ui.workbench.addons.perspectiveswitcher.PerspectiveSwitcher$15.widgetSelected(PerspectiveSwitcher.java:683)
	at org.eclipse.swt.widgets.TypedListener.handleEvent(TypedListener.java:248)
	at org.eclipse.swt.widgets.EventTable.sendEvent(EventTable.java:84)
	at org.eclipse.swt.widgets.Display.sendEvent(Display.java:4494)
	at org.eclipse.swt.widgets.Widget.sendEvent(Widget.java:1339)
	at org.eclipse.swt.widgets.Display.runDeferredEvents(Display.java:3832)
	at org.eclipse.swt.widgets.Display.readAndDispatch(Display.java:3443)
	at org.eclipse.e4.ui.internal.workbench.swt.PartRenderingEngine$4.run(PartRenderingEngine.java:1122)
	at org.eclipse.core.databinding.observable.Realm.runWithDefault(Realm.java:336)
	at org.eclipse.e4.ui.internal.workbench.swt.PartRenderingEngine.run(PartRenderingEngine.java:1023)
	at org.eclipse.e4.ui.internal.workbench.E4Workbench.createAndRunUI(E4Workbench.java:157)
	at org.eclipse.ui.internal.Workbench$5.run(Workbench.java:691)
	at org.eclipse.core.databinding.observable.Realm.runWithDefault(Realm.java:336)
	at org.eclipse.ui.internal.Workbench.createAndRunWorkbench(Workbench.java:604)
	at org.eclipse.ui.PlatformUI.createAndRunWorkbench(PlatformUI.java:150)
	at org.eclipse.ui.internal.ide.application.IDEApplication.start(IDEApplication.java:138)
	at org.eclipse.equinox.internal.app.EclipseAppHandle.run(EclipseAppHandle.java:196)
	at org.eclipse.core.runtime.internal.adaptor.EclipseAppLauncher.runApplication(EclipseAppLauncher.java:134)
	at org.eclipse.core.runtime.internal.adaptor.EclipseAppLauncher.start(EclipseAppLauncher.java:104)
	at org.eclipse.core.runtime.adaptor.EclipseStarter.run(EclipseStarter.java:388)
	at org.eclipse.core.runtime.adaptor.EclipseStarter.run(EclipseStarter.java:243)
	at sun.reflect.NativeMethodAccessorImpl.invoke0(Native Method)
	at sun.reflect.NativeMethodAccessorImpl.invoke(NativeMethodAccessorImpl.java:62)
	at sun.reflect.DelegatingMethodAccessorImpl.invoke(DelegatingMethodAccessorImpl.java:43)
	at java.lang.reflect.Method.invoke(Method.java:497)
	at org.eclipse.equinox.launcher.Main.invokeFramework(Main.java:670)
	at org.eclipse.equinox.launcher.Main.basicRun(Main.java:609)
	at org.eclipse.equinox.launcher.Main.run(Main.java:1516)
	at org.eclipse.equinox.launcher.Main.main(Main.java:1489)",UI,normal
Z_ARCHIVED-224569,Z_ARCHIVED,Update project sets for TPTP 4.5.,"Update project sets for TPTP 4.5.

These project sets should include all of the TPTP plug-ins  including the new plug-ins created for the as-is components.",TPTP,normal
PLATFORM-46156,PLATFORM,Eclipse crash with KERN_PROTECTION_FAILURE when customizing perspective,"Eclipse 200311040800
osx: 10.3
power mac G5

Crash when customizing the perspective:

Crash log

**********

Host:       eden
Date/Time:  2003-11-05 22:56:04 +0000
OS Version: 10.3 (Build 7B85)

Command:    java_swt (/Users/channing/java/eclipse/Eclipse.app/Contents/MacOS/java_swt)
PID:        1697
Thread:     0

Exception:  EXC_BAD_ACCESS (0x0001)
Codes:      KERN_PROTECTION_FAILURE (0x0002) at 0x00000040

Thread 0 Crashed:
 #0   0x927e04fc in GetMenuSystemAttributes(MenuData* unsigned long*) 
(GetMenuSystemAttributes(MenuData* unsigned long*) + 0)
 #1   0x927de27c in FindNextMenuInRoot(IterPosition* MenuData*) 
(FindNextMenuInRoot(IterPosition* MenuData*) + 176)
 #2   0x927dfe40 in FindNextMenu(IterPosition* RootMenus*) (FindNextMenu(IterPosition* 
RootMenus*) + 228)
 #3   0x927e5df4 in MenuIterGetDataAtIndex(OpaqueMenuIteratorRef* long) 
(MenuIterGetDataAtIndex(OpaqueMenuIteratorRef* long) + 92)
 #4   0x927e56e0 in UpdateMenuEnabling() (UpdateMenuEnabling() + 272)
 #5   0x928134b0 in MenuBarTimer(__EventLoopTimer* void*) (MenuBarTimer(__EventLoopTimer* 
void*) + 92)
 #6   0x90194848 in __CFRunLoopDoTimer (__CFRunLoopDoTimer + 244)
 #7   0x90191ba8 in __CFRunLoopRun (__CFRunLoopRun + 1480)
 #8   0x901960bc in CFRunLoopRunSpecific (CFRunLoopRunSpecific + 328)
 #9   0x927d5ecc in RunCurrentEventLoopInMode (RunCurrentEventLoopInMode + 172)
 #10  0x927dc640 in ReceiveNextEventCommon (ReceiveNextEventCommon + 380)
 #11  0x9284d698 in ReceiveNextEventInMode (ReceiveNextEventInMode + 72)
 #12  0x0261d670 in Java_org_eclipse_swt_internal_carbon_OS_ReceiveNextEvent 
(Java_org_eclipse_swt_internal_carbon_OS_ReceiveNextEvent + 212)
 #13  0x0423fd4c in 0x423fd4c
 #14  0x04540a74 in 0x4540a74
 #15  0x03d97e10 in 0x3d97e10
 #16  0x03d97f90 in 0x3d97f90
 #17  0x03d98200 in 0x3d98200
 #18  0x03d97ea0 in 0x3d97ea0
 #19  0x03d9516c in 0x3d9516c
 #20  0x947ba0f8 in JVM_GetCPMethodClassNameUTF (JVM_GetCPMethodClassNameUTF + 2856)
 #21  0x947dbce8 in JVM_GetCPClassNameUTF (JVM_GetCPClassNameUTF + 2456)
 #22  0x948538e4 in JVM_IsNaN (JVM_IsNaN + 23316)
 #23  0x9487b234 in __floatdisf (__floatdisf + 3828)
 #24  0x948a9150 in JVM_InvokeMethod (JVM_InvokeMethod + 496)
 #25  0x03d9e5c0 in 0x3d9e5c0
 #26  0x03d97ea0 in 0x3d97ea0
 #27  0x03d97ea0 in 0x3d97ea0
 #28  0x03d98200 in 0x3d98200
 #29  0x03d97ea0 in 0x3d97ea0
 #30  0x03d97ea0 in 0x3d97ea0
 #31  0x03d97ea0 in 0x3d97ea0
 #32  0x03d9516c in 0x3d9516c
 #33  0x947ba0f8 in JVM_GetCPMethodClassNameUTF (JVM_GetCPMethodClassNameUTF + 2856)
 #34  0x947dbce8 in JVM_GetCPClassNameUTF (JVM_GetCPClassNameUTF + 2456)
 #35  0x948d06fc in JVM_UnloadLibrary (JVM_UnloadLibrary + 62364)
 #36  0x9499e79c in jio_vsnprintf (jio_vsnprintf + 66524)
 #37  0x00003448 in main (java_swt.c:362)
 #38  0x00002118 in _start (crt.c:267)
 #39  0x00001f98 in start (start + 48)

Thread 1:
 #0   0x900075c8 in mach_msg_trap (mach_msg_trap + 8)
 #1   0x90007118 in mach_msg (mach_msg + 56)
 #2   0x9487f80c in JNI_CreateJavaVM_Impl (JNI_CreateJavaVM_Impl + 17580)
 #3   0x9487f7a0 in JNI_CreateJavaVM_Impl (JNI_CreateJavaVM_Impl + 17472)
 #4   0x9496f9cc in JVM_UnloadLibrary (JVM_UnloadLibrary + 714348)
 #5   0x900247e8 in _pthread_body (_pthread_body + 40)

Thread 2:
 #0   0x900075c8 in mach_msg_trap (mach_msg_trap + 8)
 #1   0x90007118 in mach_msg (mach_msg + 56)
 #2   0x947a7688 in JVM_GetClassAccessFlags (JVM_GetClassAccessFlags + 4584)
 #3   0x947da944 in __divdi3 (__divdi3 + 20612)
 #4   0x947f0480 in JVM_GetMethodIxModifiers (JVM_GetMethodIxModifiers + 1264)
 #5   0x94897b8c in JVM_GetInterfaceVersion (JVM_GetInterfaceVersion + 97052)
 #6   0x9496f9cc in JVM_UnloadLibrary (JVM_UnloadLibrary + 714348)
 #7   0x900247e8 in _pthread_body (_pthread_body + 40)

Thread 3:
 #0   0x900075c8 in mach_msg_trap (mach_msg_trap + 8)
 #1   0x90007118 in mach_msg (mach_msg + 56)
 #2   0x947a7608 in JVM_GetClassAccessFlags (JVM_GetClassAccessFlags + 4456)
 #3   0x947a2034 in _mh_dylib_header (_mh_dylib_header + 8244)
 #4   0x947ab3a4 in __cmpdi2 (__cmpdi2 + 6820)
 #5   0x947a7ae8 in JVM_MonitorWait (JVM_MonitorWait + 264)
 #6   0x04499ca4 in 0x4499ca4
 #7   0x044a1560 in 0x44a1560
 #8   0x03d97f90 in 0x3d97f90
 #9   0x03d9516c in 0x3d9516c
 #10  0x947ba0f8 in JVM_GetCPMethodClassNameUTF (JVM_GetCPMethodClassNameUTF + 2856)
 #11  0x947dbce8 in JVM_GetCPClassNameUTF (JVM_GetCPClassNameUTF + 2456)
 #12  0x94818868 in JVM_Close (JVM_Close + 1208)
 #13  0x94829120 in JVM_Interrupt (JVM_Interrupt + 736)
 #14  0x948cdeac in JVM_UnloadLibrary (JVM_UnloadLibrary + 52044)
 #15  0x948145d4 in JVM_FindClassFromClass (JVM_FindClassFromClass + 3092)
 #16  0x9496f9cc in JVM_UnloadLibrary (JVM_UnloadLibrary + 714348)
 #17  0x900247e8 in _pthread_body (_pthread_body + 40)

Thread 4:
 #0   0x900075c8 in mach_msg_trap (mach_msg_trap + 8)
 #1   0x90007118 in mach_msg (mach_msg + 56)
 #2   0x947a7608 in JVM_GetClassAccessFlags (JVM_GetClassAccessFlags + 4456)
 #3   0x947a2034 in _mh_dylib_header (_mh_dylib_header + 8244)
 #4   0x947ab3a4 in __cmpdi2 (__cmpdi2 + 6820)
 #5   0x947a7ae8 in JVM_MonitorWait (JVM_MonitorWait + 264)
 #6   0x04499ca4 in 0x4499ca4
 #7   0x04211884 in 0x4211884
 #8   0x042115e0 in 0x42115e0
 #9   0x03d97ea0 in 0x3d97ea0
 #10  0x03d9516c in 0x3d9516c
 #11  0x947ba0f8 in JVM_GetCPMethodClassNameUTF (JVM_GetCPMethodClassNameUTF + 2856)
 #12  0x947dbce8 in JVM_GetCPClassNameUTF (JVM_GetCPClassNameUTF + 2456)
 #13  0x94818868 in JVM_Close (JVM_Close + 1208)
 #14  0x94829120 in JVM_Interrupt (JVM_Interrupt + 736)
 #15  0x948cdeac in JVM_UnloadLibrary (JVM_UnloadLibrary + 52044)
 #16  0x948145d4 in JVM_FindClassFromClass (JVM_FindClassFromClass + 3092)
 #17  0x9496f9cc in JVM_UnloadLibrary (JVM_UnloadLibrary + 714348)
 #18  0x900247e8 in _pthread_body (_pthread_body + 40)

Thread 5:
 #0   0x900075c8 in mach_msg_trap (mach_msg_trap + 8)
 #1   0x90007118 in mach_msg (mach_msg + 56)
 #2   0x947a7688 in JVM_GetClassAccessFlags (JVM_GetClassAccessFlags + 4584)
 #3   0x947b7130 in JVM_GetCPMethodSignatureUTF (JVM_GetCPMethodSignatureUTF + 6160)
 #4   0x947b72d0 in JVM_GetCPMethodSignatureUTF (JVM_GetCPMethodSignatureUTF + 6576)
 #5   0x9496f9cc in JVM_UnloadLibrary (JVM_UnloadLibrary + 714348)
 #6   0x900247e8 in _pthread_body (_pthread_body + 40)

Thread 6:
 #0   0x90014628 in semaphore_wait_trap (semaphore_wait_trap + 8)
 #1   0x948d2e80 in JVM_UnloadLibrary (JVM_UnloadLibrary + 72480)
 #2   0x948d2044 in JVM_UnloadLibrary (JVM_UnloadLibrary + 68836)
 #3   0x948145d4 in JVM_FindClassFromClass (JVM_FindClassFromClass + 3092)
 #4   0x9496f9cc in JVM_UnloadLibrary (JVM_UnloadLibrary + 714348)
 #5   0x900247e8 in _pthread_body (_pthread_body + 40)

Thread 7:
 #0   0x900075c8 in mach_msg_trap (mach_msg_trap + 8)
 #1   0x90007118 in mach_msg (mach_msg + 56)
 #2   0x947a7608 in JVM_GetClassAccessFlags (JVM_GetClassAccessFlags + 4456)
 #3   0x947da9a4 in __divdi3 (__divdi3 + 20708)
 #4   0x94811ce0 in JVM_GetFieldIxModifiers (JVM_GetFieldIxModifiers + 2912)
 #5   0x947fda2c in JVM_SocketAvailable (JVM_SocketAvailable + 4876)
 #6   0x948145d4 in JVM_FindClassFromClass (JVM_FindClassFromClass + 3092)
 #7   0x9496f9cc in JVM_UnloadLibrary (JVM_UnloadLibrary + 714348)
 #8   0x900247e8 in _pthread_body (_pthread_body + 40)

Thread 8:
 #0   0x900075c8 in mach_msg_trap (mach_msg_trap + 8)
 #1   0x90007118 in mach_msg (mach_msg + 56)
 #2   0x947a7608 in JVM_GetClassAccessFlags (JVM_GetClassAccessFlags + 4456)
 #3   0x947a2034 in _mh_dylib_header (_mh_dylib_header + 8244)
 #4   0x947ab3a4 in __cmpdi2 (__cmpdi2 + 6820)
 #5   0x947a7ae8 in JVM_MonitorWait (JVM_MonitorWait + 264)
 #6   0x03d9e5c0 in 0x3d9e5c0
 #7   0x03d97f90 in 0x3d97f90
 #8   0x03d97f90 in 0x3d97f90
 #9   0x03d982f0 in 0x3d982f0
 #10  0x03d9516c in 0x3d9516c
 #11  0x947ba0f8 in JVM_GetCPMethodClassNameUTF (JVM_GetCPMethodClassNameUTF + 2856)
 #12  0x947dbce8 in JVM_GetCPClassNameUTF (JVM_GetCPClassNameUTF + 2456)
 #13  0x94818868 in JVM_Close (JVM_Close + 1208)
 #14  0x94829120 in JVM_Interrupt (JVM_Interrupt + 736)
 #15  0x948cdeac in JVM_UnloadLibrary (JVM_UnloadLibrary + 52044)
 #16  0x948145d4 in JVM_FindClassFromClass (JVM_FindClassFromClass + 3092)
 #17  0x9496f9cc in JVM_UnloadLibrary (JVM_UnloadLibrary + 714348)
 #18  0x900247e8 in _pthread_body (_pthread_body + 40)

Thread 9:
 #0   0x900075c8 in mach_msg_trap (mach_msg_trap + 8)
 #1   0x90007118 in mach_msg (mach_msg + 56)
 #2   0x947a7688 in JVM_GetClassAccessFlags (JVM_GetClassAccessFlags + 4584)
 #3   0x947a2034 in _mh_dylib_header (_mh_dylib_header + 8244)
 #4   0x947ab3a4 in __cmpdi2 (__cmpdi2 + 6820)
 #5   0x947a7ae8 in JVM_MonitorWait (JVM_MonitorWait + 264)
 #6   0x04499ca4 in 0x4499ca4
 #7   0x0451ba8c in 0x451ba8c
 #8   0x03d9516c in 0x3d9516c
 #9   0x947ba0f8 in JVM_GetCPMethodClassNameUTF (JVM_GetCPMethodClassNameUTF + 2856)
 #10  0x947dbce8 in JVM_GetCPClassNameUTF (JVM_GetCPClassNameUTF + 2456)
 #11  0x94818868 in JVM_Close (JVM_Close + 1208)
 #12  0x94829120 in JVM_Interrupt (JVM_Interrupt + 736)
 #13  0x948cdeac in JVM_UnloadLibrary (JVM_UnloadLibrary + 52044)
 #14  0x948145d4 in JVM_FindClassFromClass (JVM_FindClassFromClass + 3092)
 #15  0x9496f9cc in JVM_UnloadLibrary (JVM_UnloadLibrary + 714348)
 #16  0x900247e8 in _pthread_body (_pthread_body + 40)

Thread 10:
 #0   0x900075c8 in mach_msg_trap (mach_msg_trap + 8)
 #1   0x90007118 in mach_msg (mach_msg + 56)
 #2   0x947a7688 in JVM_GetClassAccessFlags (JVM_GetClassAccessFlags + 4584)
 #3   0x947a2034 in _mh_dylib_header (_mh_dylib_header + 8244)
 #4   0x947ab3a4 in __cmpdi2 (__cmpdi2 + 6820)
 #5   0x947a7ae8 in JVM_MonitorWait (JVM_MonitorWait + 264)
 #6   0x03d9e5c0 in 0x3d9e5c0
 #7   0x03d97f90 in 0x3d97f90
 #8   0x041136dc in 0x41136dc
 #9   0x03d97ea0 in 0x3d97ea0
 #10  0x03d9516c in 0x3d9516c
 #11  0x947ba0f8 in JVM_GetCPMethodClassNameUTF (JVM_GetCPMethodClassNameUTF + 2856)
 #12  0x947dbce8 in JVM_GetCPClassNameUTF (JVM_GetCPClassNameUTF + 2456)
 #13  0x94818868 in JVM_Close (JVM_Close + 1208)
 #14  0x94829120 in JVM_Interrupt (JVM_Interrupt + 736)
 #15  0x948cdeac in JVM_UnloadLibrary (JVM_UnloadLibrary + 52044)
 #16  0x948145d4 in JVM_FindClassFromClass (JVM_FindClassFromClass + 3092)
 #17  0x9496f9cc in JVM_UnloadLibrary (JVM_UnloadLibrary + 714348)
 #18  0x900247e8 in _pthread_body (_pthread_body + 40)

PPC Thread State:
  srr0: 0x927e04fc srr1: 0x0000f030                vrsave: 0x00000000
    cr: 0x84024222  xer: 0x20000000   lr: 0x927da78c  ctr: 0x90193720
    r0: 0x927de27c   r1: 0xbfffde30   r2: 0x00000030   r3: 0x00000000
    r4: 0xbfffde70   r5: 0x73686f72   r6: 0x00000000   r7: 0x00000002
    r8: 0x00000000   r9: 0xbfffddd2  r10: 0x00000000  r11: 0xbfffddd2
   r12: 0x0c583c90  r13: 0x00500ac0  r14: 0x00000000  r15: 0x00000001
   r16: 0x00000000  r17: 0x00000000  r18: 0xa01915f8  r19: 0x00000000
   r20: 0x00000000  r21: 0x00000000  r22: 0x0030fb00  r23: 0x0030fc18
   r24: 0xa019475c  r25: 0xa00011ac  r26: 0x00000194  r27: 0x0c5a7fc0
   r28: 0x0034e210  r29: 0x00000010  r30: 0xbfffdf80  r31: 0x927dfd6c",SWT,normal
JDT-13325,JDT,Problem in Search/Decorating labelproviders - was: Java Browsing: Package disapears after rename,"The old package is removed but the new package is not added.
There's an error in the label provider (see attached log).",UI,high
TYCHO-381224,TYCHO,Tycho's artifact repository descriptors don't have the repository property set,"org.eclipse.equinox.p2.repository.artifact.IArtifactDescriptor.getRepository() specifies that the value must not be null for descriptors contained in repositories. This API is not fulfilled by descriptors from Tycho's IArtifactRepository implementations.

Currently this does not have any negative effect but it could lead to failures in the future e.g. NPEs in org.eclipse.equinox.internal.p2.artifact.repository.MirrorRequest.collectStats(IArtifactDescriptor IProgressMonitor)",Core,low
OCL-488278,OCL,[classic-as] Make long integers loadable and saveable,"QVTo Bug 475907 reports a failure to save and load long integers.

Problem is that the extension works hard to inhibit accidental use of the extended API but the load/save requires the extended API to be uninhibited.",Core,normal
PDE-274724,PDE,[ds tooling] new component wizard does not honour dialog font,"Build id: I20090428-0100

1. Window > Preferences > General > Appearance > Colors and Fonts
2. Basic > Dialog Font
3. Click 'Change...' increase the font size by a few points.
4. Click 'OK' to commit the change.
5. File > New > Other...
6. Plug-in Development > Component Definition
7. The top part is bigger in size but the bottom section is still the original size.",UI,normal
PDE-142738,PDE,TVT3.2:TCT564: KO: Column name shown in English,"OS : RHEL 3.1
Must fix or not a must fix: YES
Build date: 20060517
Component Name: BASE
Blocking: No
Language: KO
Bitmap Location: V:\defects\KO\03.002240.gif
Tester Name: Junghan Yoo
Problem Description: English column name. Please refer to the screen shot attached below.

Steps to reproduce:
On the menu bar from the main Workbench panel click File > New > Projects
Select  Plug-in Project
Click Next
Put plug-in in Project name
Click Next
Click Next
Click Next
Click Finish
Right Click on plug-in project
Select PDE Tools > Externalize Strings

This article was reassigned from Category:''TVT/Testing''.",UI,high
PAPYRUS-279036,PAPYRUS,[Sash System] ActionBar action are disable,The actions set by the ActionBarContributors are not activated.,Core,normal
PDE-143523,PDE,NPE during plugin-import,"-Start a runtime workbench with branch32 pde code in your host
-Open Plug-ins view
-Import org.eclipse.pde.ui (binary)

NPE in ClasspathComputer#updateSeverityComplianceOption(...)

map.get(key) returns null which is then used as a key to retreive from another map",UI,normal
EMF-396383,EMF,Notification.getNewValue() is unspecified for REMOVE_MANY,"The javadoc for org.eclipse.emf.common.notify.Notification states that getNewValue() contains the elements newly added to the list. It does not specify what it will contain for a Notification of REMOVE REMOVE_MANY or MOVE.

In the case of REMOVE_MANY:
org.eclipse.emf.databinding.internal.EMFPropertyListener expects this to be an int[] array.

org.eclipse.ocl.examples.impactanalyzer.impl.DerivedPropertyNotifierImpl$DerivedPropertyAdapter fills both newValue and oldValue with the contents of the list before and after the change.

----
Expected change:

Adapt the javadoc to reflect the intended usage.",Core,normal
EGIT-463676,EGIT,push to gerrit should sort branches case insensitive,"The quick assist in the push to gerrit dialog sorts the suggested branches case sensitive. This does not follow the general egit philosophy of sorting branches case insensitive.

I will try to create a fix for this one.",UI,low
PLATFORM-1888,PLATFORM,StringConverter.removeWhiteSpaces should use Character.isWhitespace() (1GA8LD0),"2 problems with implementation of 
com.ibm.jface.resource.StringConverter.removeWhiteSpaces(String)

1) 
 * [Issue: This method should probably use Character.isWhitespace()
 *  as its definition of whitespace to be consistent with the
 *  Java platform.

2)
 * [Issue: This method should be rewritten to avoid creating
 *  unnecesasary garbage in the common case where the source
 *  string does not contain any whitespace.

NOTES:",UI,normal
HANDLY-473296,HANDLY,Widget is disposed for outline tree,"Dispose method of classes org.eclipse.handly.ui.outline.OutlineContextMenuContribution and
org.eclipse.handly.ui.outline.ExpandableCheckFiltersContribution throws SWTException on close outline view because outline tree widget was disposed with parent view page.


org.eclipse.swt.SWTException: Widget is disposed
	at org.eclipse.swt.SWT.error(SWT.java:4441)
	at org.eclipse.swt.SWT.error(SWT.java:4356)
	at org.eclipse.swt.SWT.error(SWT.java:4327)
	at org.eclipse.swt.widgets.Widget.error(Widget.java:476)
	at org.eclipse.swt.widgets.Widget.checkWidget(Widget.java:413)
	at org.eclipse.swt.widgets.Tree.getSelection(Tree.java:1694)
	at org.eclipse.jface.viewers.TreeViewer.getSelection(TreeViewer.java:232)
	at org.eclipse.jface.viewers.TreeViewer.setSelection(TreeViewer.java:311)
	at org.eclipse.jface.viewers.AbstractTreeViewer.setSelectionToWidget(AbstractTreeViewer.java:2547)
	at org.eclipse.jface.viewers.AbstractTreeViewer.setSelectionToWidget(AbstractTreeViewer.java:2974)
	at org.eclipse.jface.viewers.StructuredViewer.preservingSelection(StructuredViewer.java:1443)
	at org.eclipse.jface.viewers.TreeViewer.preservingSelection(TreeViewer.java:366)
	at org.eclipse.jface.viewers.StructuredViewer.preservingSelection(StructuredViewer.java:1397)
	at org.eclipse.jface.viewers.StructuredViewer.refresh(StructuredViewer.java:1497)
	at org.eclipse.jface.viewers.ColumnViewer.refresh(ColumnViewer.java:521)
	at org.eclipse.jface.viewers.StructuredViewer.refresh(StructuredViewer.java:1456)
	at org.eclipse.jface.viewers.AbstractTreeViewer.setExpandPreCheckFilters(AbstractTreeViewer.java:3197)
	at org.eclipse.handly.ui.outline.ExpandableCheckFiltersContribution.dispose(ExpandableCheckFiltersContribution.java:37)
	at org.eclipse.handly.ui.outline.CommonOutlinePage$5.run(CommonOutlinePage.java:373)
	at org.eclipse.core.runtime.SafeRunner.run(SafeRunner.java:42)
	at org.eclipse.handly.ui.outline.CommonOutlinePage.disposeContributions(CommonOutlinePage.java:369)
	at org.eclipse.handly.ui.outline.CommonOutlinePage.dispose(CommonOutlinePage.java:178)
	at org.eclipse.ui.views.contentoutline.ContentOutline.doDestroyPage(ContentOutline.java:149)
	at org.eclipse.ui.part.PageBookView.removePage(PageBookView.java:894)
	at org.eclipse.ui.part.PageBookView.partClosed(PageBookView.java:815)
	at org.eclipse.ui.part.PageBookView$4.partClosed(PageBookView.java:1086)
	at org.eclipse.ui.internal.WorkbenchPage$23.run(WorkbenchPage.java:4966)
	at org.eclipse.core.runtime.SafeRunner.run(SafeRunner.java:42)
	at org.eclipse.ui.internal.WorkbenchPage.firePartClosed(WorkbenchPage.java:4963)
	at org.eclipse.ui.internal.e4.compatibility.CompatibilityPart$1.handleEvent(CompatibilityPart.java:98)
	at org.eclipse.e4.ui.services.internal.events.UIEventHandler$1.run(UIEventHandler.java:40)
	at org.eclipse.swt.widgets.Synchronizer.syncExec(Synchronizer.java:187)
	at org.eclipse.ui.internal.UISynchronizer.syncExec(UISynchronizer.java:156)
	at org.eclipse.swt.widgets.Display.syncExec(Display.java:4590)
	at org.eclipse.e4.ui.internal.workbench.swt.E4Application$1.syncExec(E4Application.java:218)
	at org.eclipse.e4.ui.services.internal.events.UIEventHandler.handleEvent(UIEventHandler.java:36)
	at org.eclipse.equinox.internal.event.EventHandlerWrapper.handleEvent(EventHandlerWrapper.java:197)
	at org.eclipse.equinox.internal.event.EventHandlerTracker.dispatchEvent(EventHandlerTracker.java:197)
	at org.eclipse.equinox.internal.event.EventHandlerTracker.dispatchEvent(EventHandlerTracker.java:1)
	at org.eclipse.osgi.framework.eventmgr.EventManager.dispatchEvent(EventManager.java:230)
	at org.eclipse.osgi.framework.eventmgr.ListenerQueue.dispatchEventSynchronous(ListenerQueue.java:148)
	at org.eclipse.equinox.internal.event.EventAdminImpl.dispatchEvent(EventAdminImpl.java:135)
	at org.eclipse.equinox.internal.event.EventAdminImpl.sendEvent(EventAdminImpl.java:78)
	at org.eclipse.equinox.internal.event.EventComponent.sendEvent(EventComponent.java:39)
	at org.eclipse.e4.ui.services.internal.events.EventBroker.send(EventBroker.java:81)
	at org.eclipse.e4.ui.internal.workbench.UIEventPublisher.notifyChanged(UIEventPublisher.java:59)
	at org.eclipse.emf.common.notify.impl.BasicNotifierImpl.eNotify(BasicNotifierImpl.java:374)
	at org.eclipse.e4.ui.model.application.ui.impl.UIElementImpl.setWidget(UIElementImpl.java:261)
	at org.eclipse.e4.ui.workbench.renderers.swt.SWTPartRenderer.unbindWidget(SWTPartRenderer.java:150)
	at org.eclipse.e4.ui.workbench.renderers.swt.SWTPartRenderer.disposeWidget(SWTPartRenderer.java:173)
	at org.eclipse.e4.ui.workbench.renderers.swt.ContributedPartRenderer.disposeWidget(ContributedPartRenderer.java:266)
	at org.eclipse.e4.ui.internal.workbench.swt.PartRenderingEngine.safeRemoveGui(PartRenderingEngine.java:933)
	at org.eclipse.e4.ui.internal.workbench.swt.PartRenderingEngine.access$3(PartRenderingEngine.java:862)
	at org.eclipse.e4.ui.internal.workbench.swt.PartRenderingEngine$8.run(PartRenderingEngine.java:857)
	at org.eclipse.core.runtime.SafeRunner.run(SafeRunner.java:42)
	at org.eclipse.e4.ui.internal.workbench.swt.PartRenderingEngine.removeGui(PartRenderingEngine.java:841)
	at org.eclipse.e4.ui.internal.workbench.swt.PartRenderingEngine$1.handleEvent(PartRenderingEngine.java:160)
	at org.eclipse.e4.ui.services.internal.events.UIEventHandler$1.run(UIEventHandler.java:40)
	at org.eclipse.swt.widgets.Synchronizer.syncExec(Synchronizer.java:187)
	at org.eclipse.ui.internal.UISynchronizer.syncExec(UISynchronizer.java:156)
	at org.eclipse.swt.widgets.Display.syncExec(Display.java:4590)
	at org.eclipse.e4.ui.internal.workbench.swt.E4Application$1.syncExec(E4Application.java:218)
	at org.eclipse.e4.ui.services.internal.events.UIEventHandler.handleEvent(UIEventHandler.java:36)
	at org.eclipse.equinox.internal.event.EventHandlerWrapper.handleEvent(EventHandlerWrapper.java:197)
	at org.eclipse.equinox.internal.event.EventHandlerTracker.dispatchEvent(EventHandlerTracker.java:197)
	at org.eclipse.equinox.internal.event.EventHandlerTracker.dispatchEvent(EventHandlerTracker.java:1)
	at org.eclipse.osgi.framework.eventmgr.EventManager.dispatchEvent(EventManager.java:230)
	at org.eclipse.osgi.framework.eventmgr.ListenerQueue.dispatchEventSynchronous(ListenerQueue.java:148)
	at org.eclipse.equinox.internal.event.EventAdminImpl.dispatchEvent(EventAdminImpl.java:135)
	at org.eclipse.equinox.internal.event.EventAdminImpl.sendEvent(EventAdminImpl.java:78)
	at org.eclipse.equinox.internal.event.EventComponent.sendEvent(EventComponent.java:39)
	at org.eclipse.e4.ui.services.internal.events.EventBroker.send(EventBroker.java:81)
	at org.eclipse.e4.ui.internal.workbench.UIEventPublisher.notifyChanged(UIEventPublisher.java:59)
	at org.eclipse.emf.common.notify.impl.BasicNotifierImpl.eNotify(BasicNotifierImpl.java:374)
	at org.eclipse.e4.ui.model.application.ui.impl.UIElementImpl.setToBeRendered(UIElementImpl.java:303)
	at org.eclipse.e4.ui.internal.workbench.PartServiceImpl.hidePart(PartServiceImpl.java:1281)
	at org.eclipse.e4.ui.internal.workbench.PartServiceImpl.hidePart(PartServiceImpl.java:1215)
	at org.eclipse.e4.ui.workbench.renderers.swt.StackRenderer.closePart(StackRenderer.java:1218)
	at org.eclipse.e4.ui.workbench.renderers.swt.StackRenderer.access$3(StackRenderer.java:1200)
	at org.eclipse.e4.ui.workbench.renderers.swt.StackRenderer$12.close(StackRenderer.java:1092)
	at org.eclipse.swt.custom.CTabFolder.onMouse(CTabFolder.java:1874)
	at org.eclipse.swt.custom.CTabFolder$1.handleEvent(CTabFolder.java:288)
	at org.eclipse.swt.widgets.EventTable.sendEvent(EventTable.java:84)
	at org.eclipse.swt.widgets.Display.sendEvent(Display.java:4454)
	at org.eclipse.swt.widgets.Widget.sendEvent(Widget.java:1388)
	at org.eclipse.swt.widgets.Display.runDeferredEvents(Display.java:3799)
	at org.eclipse.swt.widgets.Display.readAndDispatch(Display.java:3409)
	at org.eclipse.e4.ui.internal.workbench.swt.PartRenderingEngine$9.run(PartRenderingEngine.java:1151)
	at org.eclipse.core.databinding.observable.Realm.runWithDefault(Realm.java:332)
	at org.eclipse.e4.ui.internal.workbench.swt.PartRenderingEngine.run(PartRenderingEngine.java:1032)
	at org.eclipse.e4.ui.internal.workbench.E4Workbench.createAndRunUI(E4Workbench.java:148)
	at org.eclipse.ui.internal.Workbench$5.run(Workbench.java:636)
	at org.eclipse.core.databinding.observable.Realm.runWithDefault(Realm.java:332)
	at org.eclipse.ui.internal.Workbench.createAndRunWorkbench(Workbench.java:579)
	at org.eclipse.ui.PlatformUI.createAndRunWorkbench(PlatformUI.java:150)
	at org.eclipse.ui.internal.ide.application.IDEApplication.start(IDEApplication.java:135)
	at org.eclipse.equinox.internal.app.EclipseAppHandle.run(EclipseAppHandle.java:196)
	at org.eclipse.core.runtime.internal.adaptor.EclipseAppLauncher.runApplication(EclipseAppLauncher.java:134)
	at org.eclipse.core.runtime.internal.adaptor.EclipseAppLauncher.start(EclipseAppLauncher.java:104)
	at org.eclipse.core.runtime.adaptor.EclipseStarter.run(EclipseStarter.java:380)
	at org.eclipse.core.runtime.adaptor.EclipseStarter.run(EclipseStarter.java:235)
	at sun.reflect.NativeMethodAccessorImpl.invoke0(Native Method)
	at sun.reflect.NativeMethodAccessorImpl.invoke(NativeMethodAccessorImpl.java:57)
	at sun.reflect.DelegatingMethodAccessorImpl.invoke(DelegatingMethodAccessorImpl.java:43)
	at java.lang.reflect.Method.invoke(Method.java:606)
	at org.eclipse.equinox.launcher.Main.invokeFramework(Main.java:648)
	at org.eclipse.equinox.launcher.Main.basicRun(Main.java:603)
	at org.eclipse.equinox.launcher.Main.run(Main.java:1465)
	at org.eclipse.equinox.launcher.Main.main(Main.java:1438)

!ENTRY org.eclipse.handly.ui 4 2 2015-07-22 18:34:13.600
!MESSAGE Problems occurred when invoking code from plug-in: org.eclipse.handly.ui.
!STACK 0
org.eclipse.swt.SWTException: Widget is disposed
	at org.eclipse.swt.SWT.error(SWT.java:4441)
	at org.eclipse.swt.SWT.error(SWT.java:4356)
	at org.eclipse.swt.SWT.error(SWT.java:4327)
	at org.eclipse.swt.widgets.Widget.error(Widget.java:476)
	at org.eclipse.swt.widgets.Widget.checkWidget(Widget.java:413)
	at org.eclipse.swt.widgets.Control.setMenu(Control.java:4518)
	at org.eclipse.handly.ui.outline.OutlineContextMenuContribution.dispose(OutlineContextMenuContribution.java:68)
	at org.eclipse.handly.ui.outline.CommonOutlinePage$5.run(CommonOutlinePage.java:373)
	at org.eclipse.core.runtime.SafeRunner.run(SafeRunner.java:42)
	at org.eclipse.handly.ui.outline.CommonOutlinePage.disposeContributions(CommonOutlinePage.java:369)
	at org.eclipse.handly.ui.outline.CommonOutlinePage.dispose(CommonOutlinePage.java:178)
	at org.eclipse.ui.views.contentoutline.ContentOutline.doDestroyPage(ContentOutline.java:149)
	at org.eclipse.ui.part.PageBookView.removePage(PageBookView.java:894)
	at org.eclipse.ui.part.PageBookView.partClosed(PageBookView.java:815)
	at org.eclipse.ui.part.PageBookView$4.partClosed(PageBookView.java:1086)
	at org.eclipse.ui.internal.WorkbenchPage$23.run(WorkbenchPage.java:4966)
	at org.eclipse.core.runtime.SafeRunner.run(SafeRunner.java:42)
	at org.eclipse.ui.internal.WorkbenchPage.firePartClosed(WorkbenchPage.java:4963)
	at org.eclipse.ui.internal.e4.compatibility.CompatibilityPart$1.handleEvent(CompatibilityPart.java:98)
	at org.eclipse.e4.ui.services.internal.events.UIEventHandler$1.run(UIEventHandler.java:40)
	at org.eclipse.swt.widgets.Synchronizer.syncExec(Synchronizer.java:187)
	at org.eclipse.ui.internal.UISynchronizer.syncExec(UISynchronizer.java:156)
	at org.eclipse.swt.widgets.Display.syncExec(Display.java:4590)
	at org.eclipse.e4.ui.internal.workbench.swt.E4Application$1.syncExec(E4Application.java:218)
	at org.eclipse.e4.ui.services.internal.events.UIEventHandler.handleEvent(UIEventHandler.java:36)
	at org.eclipse.equinox.internal.event.EventHandlerWrapper.handleEvent(EventHandlerWrapper.java:197)
	at org.eclipse.equinox.internal.event.EventHandlerTracker.dispatchEvent(EventHandlerTracker.java:197)
	at org.eclipse.equinox.internal.event.EventHandlerTracker.dispatchEvent(EventHandlerTracker.java:1)
	at org.eclipse.osgi.framework.eventmgr.EventManager.dispatchEvent(EventManager.java:230)
	at org.eclipse.osgi.framework.eventmgr.ListenerQueue.dispatchEventSynchronous(ListenerQueue.java:148)
	at org.eclipse.equinox.internal.event.EventAdminImpl.dispatchEvent(EventAdminImpl.java:135)
	at org.eclipse.equinox.internal.event.EventAdminImpl.sendEvent(EventAdminImpl.java:78)
	at org.eclipse.equinox.internal.event.EventComponent.sendEvent(EventComponent.java:39)
	at org.eclipse.e4.ui.services.internal.events.EventBroker.send(EventBroker.java:81)
	at org.eclipse.e4.ui.internal.workbench.UIEventPublisher.notifyChanged(UIEventPublisher.java:59)
	at org.eclipse.emf.common.notify.impl.BasicNotifierImpl.eNotify(BasicNotifierImpl.java:374)
	at org.eclipse.e4.ui.model.application.ui.impl.UIElementImpl.setWidget(UIElementImpl.java:261)
	at org.eclipse.e4.ui.workbench.renderers.swt.SWTPartRenderer.unbindWidget(SWTPartRenderer.java:150)
	at org.eclipse.e4.ui.workbench.renderers.swt.SWTPartRenderer.disposeWidget(SWTPartRenderer.java:173)
	at org.eclipse.e4.ui.workbench.renderers.swt.ContributedPartRenderer.disposeWidget(ContributedPartRenderer.java:266)
	at org.eclipse.e4.ui.internal.workbench.swt.PartRenderingEngine.safeRemoveGui(PartRenderingEngine.java:933)
	at org.eclipse.e4.ui.internal.workbench.swt.PartRenderingEngine.access$3(PartRenderingEngine.java:862)
	at org.eclipse.e4.ui.internal.workbench.swt.PartRenderingEngine$8.run(PartRenderingEngine.java:857)
	at org.eclipse.core.runtime.SafeRunner.run(SafeRunner.java:42)
	at org.eclipse.e4.ui.internal.workbench.swt.PartRenderingEngine.removeGui(PartRenderingEngine.java:841)
	at org.eclipse.e4.ui.internal.workbench.swt.PartRenderingEngine$1.handleEvent(PartRenderingEngine.java:160)
	at org.eclipse.e4.ui.services.internal.events.UIEventHandler$1.run(UIEventHandler.java:40)
	at org.eclipse.swt.widgets.Synchronizer.syncExec(Synchronizer.java:187)
	at org.eclipse.ui.internal.UISynchronizer.syncExec(UISynchronizer.java:156)
	at org.eclipse.swt.widgets.Display.syncExec(Display.java:4590)
	at org.eclipse.e4.ui.internal.workbench.swt.E4Application$1.syncExec(E4Application.java:218)
	at org.eclipse.e4.ui.services.internal.events.UIEventHandler.handleEvent(UIEventHandler.java:36)
	at org.eclipse.equinox.internal.event.EventHandlerWrapper.handleEvent(EventHandlerWrapper.java:197)
	at org.eclipse.equinox.internal.event.EventHandlerTracker.dispatchEvent(EventHandlerTracker.java:197)
	at org.eclipse.equinox.internal.event.EventHandlerTracker.dispatchEvent(EventHandlerTracker.java:1)
	at org.eclipse.osgi.framework.eventmgr.EventManager.dispatchEvent(EventManager.java:230)
	at org.eclipse.osgi.framework.eventmgr.ListenerQueue.dispatchEventSynchronous(ListenerQueue.java:148)
	at org.eclipse.equinox.internal.event.EventAdminImpl.dispatchEvent(EventAdminImpl.java:135)
	at org.eclipse.equinox.internal.event.EventAdminImpl.sendEvent(EventAdminImpl.java:78)
	at org.eclipse.equinox.internal.event.EventComponent.sendEvent(EventComponent.java:39)
	at org.eclipse.e4.ui.services.internal.events.EventBroker.send(EventBroker.java:81)
	at org.eclipse.e4.ui.internal.workbench.UIEventPublisher.notifyChanged(UIEventPublisher.java:59)
	at org.eclipse.emf.common.notify.impl.BasicNotifierImpl.eNotify(BasicNotifierImpl.java:374)
	at org.eclipse.e4.ui.model.application.ui.impl.UIElementImpl.setToBeRendered(UIElementImpl.java:303)
	at org.eclipse.e4.ui.internal.workbench.PartServiceImpl.hidePart(PartServiceImpl.java:1281)
	at org.eclipse.e4.ui.internal.workbench.PartServiceImpl.hidePart(PartServiceImpl.java:1215)
	at org.eclipse.e4.ui.workbench.renderers.swt.StackRenderer.closePart(StackRenderer.java:1218)
	at org.eclipse.e4.ui.workbench.renderers.swt.StackRenderer.access$3(StackRenderer.java:1200)
	at org.eclipse.e4.ui.workbench.renderers.swt.StackRenderer$12.close(StackRenderer.java:1092)
	at org.eclipse.swt.custom.CTabFolder.onMouse(CTabFolder.java:1874)
	at org.eclipse.swt.custom.CTabFolder$1.handleEvent(CTabFolder.java:288)
	at org.eclipse.swt.widgets.EventTable.sendEvent(EventTable.java:84)
	at org.eclipse.swt.widgets.Display.sendEvent(Display.java:4454)
	at org.eclipse.swt.widgets.Widget.sendEvent(Widget.java:1388)
	at org.eclipse.swt.widgets.Display.runDeferredEvents(Display.java:3799)
	at org.eclipse.swt.widgets.Display.readAndDispatch(Display.java:3409)
	at org.eclipse.e4.ui.internal.workbench.swt.PartRenderingEngine$9.run(PartRenderingEngine.java:1151)
	at org.eclipse.core.databinding.observable.Realm.runWithDefault(Realm.java:332)
	at org.eclipse.e4.ui.internal.workbench.swt.PartRenderingEngine.run(PartRenderingEngine.java:1032)
	at org.eclipse.e4.ui.internal.workbench.E4Workbench.createAndRunUI(E4Workbench.java:148)
	at org.eclipse.ui.internal.Workbench$5.run(Workbench.java:636)
	at org.eclipse.core.databinding.observable.Realm.runWithDefault(Realm.java:332)
	at org.eclipse.ui.internal.Workbench.createAndRunWorkbench(Workbench.java:579)
	at org.eclipse.ui.PlatformUI.createAndRunWorkbench(PlatformUI.java:150)
	at org.eclipse.ui.internal.ide.application.IDEApplication.start(IDEApplication.java:135)
	at org.eclipse.equinox.internal.app.EclipseAppHandle.run(EclipseAppHandle.java:196)
	at org.eclipse.core.runtime.internal.adaptor.EclipseAppLauncher.runApplication(EclipseAppLauncher.java:134)
	at org.eclipse.core.runtime.internal.adaptor.EclipseAppLauncher.start(EclipseAppLauncher.java:104)
	at org.eclipse.core.runtime.adaptor.EclipseStarter.run(EclipseStarter.java:380)
	at org.eclipse.core.runtime.adaptor.EclipseStarter.run(EclipseStarter.java:235)
	at sun.reflect.NativeMethodAccessorImpl.invoke0(Native Method)
	at sun.reflect.NativeMethodAccessorImpl.invoke(NativeMethodAccessorImpl.java:57)
	at sun.reflect.DelegatingMethodAccessorImpl.invoke(DelegatingMethodAccessorImpl.java:43)
	at java.lang.reflect.Method.invoke(Method.java:606)
	at org.eclipse.equinox.launcher.Main.invokeFramework(Main.java:648)
	at org.eclipse.equinox.launcher.Main.basicRun(Main.java:603)
	at org.eclipse.equinox.launcher.Main.run(Main.java:1465)
	at org.eclipse.equinox.launcher.Main.main(Main.java:1438)",UI,high
RIENA-356322,RIENA,RidgetContainerAnnotationProcessor does not 'respect' overridden event processing methods (e.g. @OnSelectionChanged),The RCAP processes all annotations within a ridget container and within its super classes. In this hierarchy it can be that a event method (annotated with the same annotation) may be overridden. Currently this results in multiple generated listeners for the same event. Which results in calling multiple times the same overridden event handling method. But this method should only be called once.,UI,normal
PLATFORM-485822,PLATFORM,Use enhanced foor loops in PerspectiveSwitcher,,UI,normal
PLATFORM-87051,PLATFORM,NPE in file dialog when trying to open a file with a wierd name.,"create a file named : 
GPS_Gil_32§11'33_ N34§52'22_ E to Sapir Herzliya.log

try to open it with file dialog.
an NPE is thrown:

java.lang.NullPointerException
	at
org.eclipse.swt.widgets.FileDialog.computeResultChooserDialog(FileDialog.java:140)
	at org.eclipse.swt.widgets.FileDialog.openChooserDialog(FileDialog.java:324)
	at org.eclipse.swt.widgets.FileDialog.open(FileDialog.java:293)
	at
com.telmap.navtool.gps.views.swt.GPSFileReaderComposite$4.widgetSelected(GPSFileReaderComposite.java:214)
	at org.eclipse.swt.widgets.TypedListener.handleEvent(TypedListener.java:89)
	at org.eclipse.swt.widgets.EventTable.sendEvent(EventTable.java:82)
	at org.eclipse.swt.widgets.Widget.sendEvent(Widget.java:1009)
	at org.eclipse.swt.widgets.Display.runDeferredEvents(Display.java:2728)
	at org.eclipse.swt.widgets.Display.readAndDispatch(Display.java:2427)
	at org.eclipse.ui.internal.Workbench.runEventLoop(Workbench.java:1612)
	at org.eclipse.ui.internal.Workbench.runUI(Workbench.java:1578)
	at org.eclipse.ui.internal.Workbench.createAndRunWorkbench(Workbench.java:293)
	at org.eclipse.ui.PlatformUI.createAndRunWorkbench(PlatformUI.java:144)
	at com.telmap.navtool.NavToolApplication.run(NavToolApplication.java:21)
	at
org.eclipse.core.internal.runtime.PlatformActivator$1.run(PlatformActivator.java:228)
	at org.eclipse.core.runtime.adaptor.EclipseStarter.run(EclipseStarter.java:333)
	at org.eclipse.core.runtime.adaptor.EclipseStarter.run(EclipseStarter.java:150)
	at sun.reflect.NativeMethodAccessorImpl.invoke0(Native Method)
	at sun.reflect.NativeMethodAccessorImpl.invoke(NativeMethodAccessorImpl.java:39)
	at
sun.reflect.DelegatingMethodAccessorImpl.invoke(DelegatingMethodAccessorImpl.java:25)
	at java.lang.reflect.Method.invoke(Method.java:585)
	at org.eclipse.core.launcher.Main.invokeFramework(Main.java:268)
	at org.eclipse.core.launcher.Main.basicRun(Main.java:260)
	at org.eclipse.core.launcher.Main.run(Main.java:887)
	at org.eclipse.core.launcher.Main.main(Main.java:871)",SWT,normal
PLATFORM-444715,PLATFORM,Remove photon support from swt,It's not build since 3.7 release.,SWT,normal
EGIT-455812,EGIT,32 unstable tests: Bare Repository has neither a working tree nor an index,"See first two test executions on https://git.eclipse.org/r/38591 
 * https://hudson.eclipse.org/egit/job/egit.gerrit/6556/
 * https://hudson.eclipse.org/egit/job/egit.gerrit/6555/

The review on which the tests are failing has nothing to do with failures.
They all fail with the stack:

org.eclipse.jgit.errors.NoWorkTreeException: Bare Repository has neither a working tree nor an index
	at org.eclipse.jgit.lib.Repository.getWorkTree(Repository.java:1245)
	at org.eclipse.jgit.internal.storage.file.FileRepository.create(FileRepository.java:334)
	at org.eclipse.jgit.lib.Repository.create(Repository.java:169)


org.eclipse.egit.ui.httpauth.PushTest.testPush
org.eclipse.egit.ui.internal.push.PushBranchWizardTest.pushWithRemoteUpstreamConfiguration
org.eclipse.egit.ui.internal.push.PushBranchWizardTest.pushWithDifferentBranchName
org.eclipse.egit.ui.internal.push.PushBranchWizardTest.pushToExistingRemoteAndSetRebase
org.eclipse.egit.ui.internal.push.PushBranchWizardTest.pushToNewRemote
org.eclipse.egit.ui.internal.push.PushBranchWizardTest.pushToExistingRemoteWithoutConfiguringUpstream
org.eclipse.egit.ui.internal.push.PushBranchWizardTest.pushToExistingRemote
org.eclipse.egit.ui.internal.push.PushBranchWizardTest.pushWhenNoRemoteExistsYet
org.eclipse.egit.ui.internal.push.PushBranchWizardTest.pushWithLocalUpstreamConfiguration
org.eclipse.egit.ui.internal.push.PushTagsWizardTest.pushTag
org.eclipse.egit.ui.internal.push.PushToUpstreamTest.pushWithExistingUpstreamConfiguration
org.eclipse.egit.ui.internal.push.PushToUpstreamTest.pushWithoutConfig
org.eclipse.egit.ui.internal.push.PushToUpstreamTest.pushWithDefaultRemoteWithPushRefSpecs
org.eclipse.egit.ui.test.team.actions.PushActionTest.testPushToPushDestination
org.eclipse.egit.ui.test.team.actions.PushActionTest.testPushToBothDestination
org.eclipse.egit.ui.view.repositories.GitRepositoriesViewBranchHandlingTest.testMergeOnRepo
org.eclipse.egit.ui.view.repositories.GitRepositoriesViewBranchHandlingTest.testCheckoutRemote
org.eclipse.egit.ui.view.repositories.GitRepositoriesViewBranchHandlingTest.testRenameBranch
org.eclipse.egit.ui.view.repositories.GitRepositoriesViewBranchHandlingTest.testCreateCheckoutDeleteLocalBranch
org.eclipse.egit.ui.view.repositories.GitRepositoriesViewBranchHandlingTest.testClonedRepository
org.eclipse.egit.ui.view.repositories.GitRepositoriesViewBranchHandlingTest.testBranchConfiguration
org.eclipse.egit.ui.view.repositories.GitRepositoriesViewFetchAndPushTest.testPushToOriginRemoteNode
org.eclipse.egit.ui.view.repositories.GitRepositoriesViewFetchAndPushTest.testFetchFromOriginFetchNode
org.eclipse.egit.ui.view.repositories.GitRepositoriesViewFetchAndPushTest.testFetchFromOriginRemoteNode
org.eclipse.egit.ui.view.repositories.GitRepositoriesViewFetchAndPushTest.testPushToOriginPushNode
org.eclipse.egit.ui.view.repositories.GitRepositoriesViewRemoteHandlingTest.testExpandRemotes
org.eclipse.egit.ui.view.repositories.GitRepositoriesViewRemoteHandlingTest.testConfigureRemote
org.eclipse.egit.ui.wizards.clone.GitCloneWizardHttpTest.org.eclipse.egit.ui.wizards.clone.GitCloneWizardHttpTest
org.eclipse.egit.ui.wizards.clone.GitCloneWizardHttpTest.org.eclipse.egit.ui.wizards.clone.GitCloneWizardHttpTest
org.eclipse.egit.ui.wizards.clone.GitCloneWizardTest.org.eclipse.egit.ui.wizards.clone.GitCloneWizardTest
org.eclipse.egit.ui.wizards.clone.GitCloneWizardTest.org.eclipse.egit.ui.wizards.clone.GitCloneWizardTest
org.eclipse.egit.ui.view.repositories.GitRepositoriesViewBranchHandlingTest.testCreateDeleteLocalBranchWithUnmerged",Releng,high
PLATFORM-54167,PLATFORM,[RCP] Need app-level control over banner curve and other window-level IDE branding elements,"build I20040303

Nick says:
> > We also need more control over the overall window layout.  At 
> > minimum we need to fully disable the banner curve for RCP apps 
> > (currently it only disappears if you turn off perspective bar and 
> > coolbar).  Ideally I'd like to give the app full control over the 
> > window layout but this will require opening up more API for things 
> > like TrimLayout PerspectiveBar FastViewBar and DnD of trim parts.

Chris responds:
> i think we should try the minimum here for M8. i.e. the banner curve
> off even when perspectives are showing.
> question: is this just a small look change (like make the curve into
> a vertical line?) or a functional change e.g. be able to dock the 
> perspective bar in the regular coolbar area?

Nick replies:
At a minimum we need to do just the look change.  MVM was talking about 
functional improvements here too.
I think making the perspective bar be a regular toolbar would be fine for RCP 
apps even if DnD is not supported.
This is probably better than making it be a special component.  But this may 
complicate the story too much particularly if functional improvements are 
coming down the pipe.",UI,high
TIGERSTRIPE-262652,TIGERSTRIPE,Export facet content to project,"The goal is to allow users to export the content of a facet to a project. 
We’ll consider the recipient project has already been created for now. 
The wizard should be an “Export wizard to appear in the Tigerstripe Category”. 
As such it will be available from a right-click anywhere in the Explorer. If right-click happens on a facet file it should be picked up and pre-populated as the originating facet in the wizard. 
The Wizard would have:
The name of the source project. 
the name of the facet (which needs to belong to the source project or else the facet can’t be resolved) 
the name of the recipient (target) project 
a checkbox to let the use choose to “Include referenced projects” i.e if the content of referenced projects should be exported too (meaning that the content of the facet should be computed including referenced projects) 
a Finish button :-). 
If the initial right-click was on a project and/or facet the source project and facets should be pre-populated.

The logic should be kept away from the wizard code (i.e. Wizard in ui.base plugin next to other wizards logic in .base plugin internal)
The logic should to do following once the source/targets/options have been captured from the wizard:
in a runnable (similar to other wizards). 
apply facet to source project. Look in the code for action for “set as Active facet” in ui. 
query content thru Artifact Manager Session on that project (with or without dependencies based on options) 
for each artifact create the same artifact in the target project (i.e. Clone + add to target ArtifactManagerSession). Call “doSave()” on that artifact then which should create it on disk.",Core,normal
PLATFORM-17290,PLATFORM,Modify Method Parameters: wrong enablement of buttons,"F1 
 
Suse 8.0 KDE 3.0 GTK 2 
 
- create a method foo(int i) 
- select in outliner 
- execute Modify Method Parameters (Refactor Menu). 
  observe: Move Up/Down is disabled 
- press Next 
- press Back 
  observe: Move Up/Down is enabled. 
-",SWT,normal
JDT-15518,JDT,Java Browsing page needs lower case Settings,"The description at the beginning of the Java Browsing page needs the word 
Settigs to be in lower case as all of our descriptions are sentences not 
titles.Same issue for Java Editor.

Also Classpath Variables needs a period at the end of its description",UI,normal
AJDT-114947,AJDT,AJDT buttons missing from some perspectives,"The toolbar buttons contributed by AJDT include the build button the New
AspectJ Project button and the New Aspect entry on the New Class dropdown.
Currently these appear only in the Java perspective but they should also be
present on the other perspectives that contain the corresponding Java buttons:
 AspectVisualization
 Java Browsing
 Java Type Hierarchy
 Plug-in Development",UI,normal
PLATFORM-158175,PLATFORM,Java core [WM_BUTTONDOWN] when selecting a tree in Vista,"Windows Vista Beta 2
Build I20060929

When I select the Outline View on Vista I periodically get a Java VM exception. I can't do this consistently (it happens every 2 hours or so).

Here is the trace


An unexpected exception has been detected in native code outside the VM.
Unexpected Signal : EXCEPTION_ACCESS_VIOLATION (0xc0000005) occurred at PC=0x750F9B16
Function=CreateMappedBitmap+0x14A8
Library=C:\Windows\WinSxS\x86_microsoft.windows.common-controls_6595b64144ccf1df_6.0.5384.4_none_a8b0bff774788b5e\COMCTL32.dll

Current Java thread:
	at org.eclipse.swt.internal.win32.OS.CallWindowProcW(Native Method)
	at org.eclipse.swt.internal.win32.OS.CallWindowProc(OS.java:1883)
	at org.eclipse.swt.widgets.Tree.callWindowProc(Tree.java:1321)
	at org.eclipse.swt.widgets.Tree.WM_LBUTTONDOWN(Tree.java:5434)
	at org.eclipse.swt.widgets.Control.windowProc(Control.java:3285)
	at org.eclipse.swt.widgets.Tree.windowProc(Tree.java:4889)
	at org.eclipse.swt.widgets.Display.windowProc(Display.java:4072)
	at org.eclipse.swt.internal.win32.OS.DispatchMessageW(Native Method)
	at org.eclipse.swt.internal.win32.OS.DispatchMessage(OS.java:1964)
	at org.eclipse.swt.widgets.Display.readAndDispatch(Display.java:3007)
	at org.eclipse.ui.internal.Workbench.runEventLoop(Workbench.java:1914)
	at org.eclipse.ui.internal.Workbench.runUI(Workbench.java:1878)
	at org.eclipse.ui.internal.Workbench.createAndRunWorkbench(Workbench.java:419)
	at org.eclipse.ui.PlatformUI.createAndRunWorkbench(PlatformUI.java:149)
	at org.eclipse.ui.internal.ide.IDEApplication.run(IDEApplication.java:95)
	at org.eclipse.core.internal.runtime.PlatformActivator$1.run(PlatformActivator.java:78)
	at org.eclipse.core.runtime.internal.adaptor.EclipseAppLauncher.runApplication(EclipseAppLauncher.java:104)
	at org.eclipse.core.runtime.internal.adaptor.EclipseAppLauncher.start(EclipseAppLauncher.java:74)
	at org.eclipse.core.runtime.adaptor.EclipseStarter.run(EclipseStarter.java:348)
	at org.eclipse.core.runtime.adaptor.EclipseStarter.run(EclipseStarter.java:165)
	at sun.reflect.NativeMethodAccessorImpl.invoke0(Native Method)
	at sun.reflect.NativeMethodAccessorImpl.invoke(NativeMethodAccessorImpl.java:39)
	at sun.reflect.DelegatingMethodAccessorImpl.invoke(DelegatingMethodAccessorImpl.java:25)
	at java.lang.reflect.Method.invoke(Method.java:324)
	at org.eclipse.core.launcher.Main.invokeFramework(Main.java:341)
	at org.eclipse.core.launcher.Main.basicRun(Main.java:285)
	at org.eclipse.core.launcher.Main.run(Main.java:987)
	at org.eclipse.core.launcher.Main.main(Main.java:962)

Dynamic libraries:
0x00400000 - 0x0040B000 	C:\R33\0921\eclipse\jre\bin\java.exe
0x77B20000 - 0x77C2D000 	C:\Windows\system32\ntdll.dll
0x777F0000 - 0x778BE000 	C:\Windows\system32\kernel32.dll
0x77730000 - 0x777EA000 	C:\Windows\system32\ADVAPI32.dll
0x77680000 - 0x77728000 	C:\Windows\system32\RPCRT4.dll
0x76790000 - 0x76838000 	C:\Windows\system32\MSVCRT.dll
0x08000000 - 0x08138000 	C:\R33\0921\eclipse\jre\bin\client\jvm.dll
0x775E0000 - 0x7767C000 	C:\Windows\system32\USER32.dll
0x77AD0000 - 0x77B1A000 	C:\Windows\system32\GDI32.dll
0x74590000 - 0x745C1000 	C:\Windows\system32\WINMM.dll
0x778C0000 - 0x779FF000 	C:\Windows\system32\ole32.dll
0x76930000 - 0x769C0000 	C:\Windows\system32\OLEAUT32.dll
0x74550000 - 0x74587000 	C:\Windows\system32\OLEACC.dll
0x75760000 - 0x757C7000 	C:\Windows\system32\msvcp60.dll
0x76910000 - 0x7692E000 	C:\Windows\system32\IMM32.DLL
0x76840000 - 0x76909000 	C:\Windows\system32\MSCTF.dll
0x75C00000 - 0x75C2B000 	C:\Windows\system32\apphelp.dll
0x75CB0000 - 0x75CB9000 	C:\Windows\system32\LPK.DLL
0x75C30000 - 0x75CAC000 	C:\Windows\system32\USP10.dll
0x10000000 - 0x10007000 	C:\R33\0921\eclipse\jre\bin\hpi.dll
0x00BE0000 - 0x00BEE000 	C:\R33\0921\eclipse\jre\bin\verify.dll
0x00BF0000 - 0x00C09000 	C:\R33\0921\eclipse\jre\bin\java.dll
0x00C10000 - 0x00C1E000 	C:\R33\0921\eclipse\jre\bin\zip.dll
0x03550000 - 0x0355F000 	C:\R33\0921\eclipse\jre\bin\net.dll
0x76760000 - 0x7678D000 	C:\Windows\system32\WS2_32.dll
0x76410000 - 0x76416000 	C:\Windows\system32\NSI.dll
0x035A0000 - 0x035A8000 	C:\R33\0921\eclipse\jre\bin\nio.dll
0x03670000 - 0x036C3000 	C:\R33\0921\eclipse\configuration\org.eclipse.osgi\bundles\79\1\.cp\swt-win32-3309.dll
0x750C0000 - 0x75247000 	C:\Windows\WinSxS\x86_microsoft.windows.common-controls_6595b64144ccf1df_6.0.5384.4_none_a8b0bff774788b5e\COMCTL32.dll
0x766D0000 - 0x76723000 	C:\Windows\system32\SHLWAPI.dll
0x769C0000 - 0x76A1F000 	C:\Windows\system32\comdlg32.dll
0x76BF0000 - 0x77588000 	C:\Windows\system32\SHELL32.dll
0x76B30000 - 0x76BE6000 	C:\Windows\system32\WININET.dll
0x764C0000 - 0x764C6000 	C:\Windows\system32\Normaliz.dll
0x764D0000 - 0x76509000 	C:\Windows\system32\iertutil.dll
0x764B0000 - 0x764B9000 	C:\Windows\system32\VERSION.dll
0x76240000 - 0x7626B000 	C:\Windows\system32\WINTRUST.dll
0x76150000 - 0x7623D000 	C:\Windows\system32\CRYPT32.dll
0x75EB0000 - 0x75EC2000 	C:\Windows\system32\MSASN1.dll
0x75E90000 - 0x75EAD000 	C:\Windows\system32\USERENV.dll
0x75D50000 - 0x75D64000 	C:\Windows\system32\Secur32.dll
0x75ED0000 - 0x75EFF000 	C:\Windows\system32\ncrypt.dll
0x75D70000 - 0x75DAC000 	C:\Windows\system32\bcrypt.dll
0x76A20000 - 0x76A49000 	C:\Windows\system32\imagehlp.dll
0x763A0000 - 0x763DC000 	C:\Windows\system32\uxtheme.dll
0x04F50000 - 0x04F58000 	C:\R33\0921\eclipse\configuration\org.eclipse.osgi\bundles\17\1\.cp\os\win32\x86\localfile_1_0_0.dll
0x05120000 - 0x05133000 	C:\R33\0921\eclipse\configuration\org.eclipse.osgi\bundles\79\1\.cp\swt-gdip-win32-3309.dll
0x74D00000 - 0x74EA8000 	C:\Windows\WinSxS\x86_microsoft.windows.gdiplus_6595b64144ccf1df_1.0.5384.4_none_3926c030ef0acddf\gdiplus.dll
0x77A00000 - 0x77A84000 	C:\Windows\system32\CLBCatQ.DLL
0x70D10000 - 0x70D40000 	C:\Windows\system32\mlang.dll
0x752A0000 - 0x752A5000 	C:\Windows\system32\msimg32.dll
0x76A50000 - 0x76B17000 	C:\Windows\system32\urlmon.dll
0x75BA0000 - 0x75BFE000 	C:\Windows\system32\SXS.DLL
0x75660000 - 0x756A3000 	C:\Windows\System32\mswsock.dll
0x75650000 - 0x7565B000 	C:\Windows\system32\nlaapi.dll
0x759A0000 - 0x759CA000 	C:\Windows\system32\DNSAPI.dll
0x73520000 - 0x73528000 	C:\Windows\System32\winrnr.dll
0x77590000 - 0x775D9000 	C:\Windows\system32\WLDAP32.dll
0x76750000 - 0x76756000 	C:\Windows\system32\PSAPI.DLL
0x73510000 - 0x7351F000 	C:\Windows\system32\napinsp.dll
0x734F0000 - 0x73501000 	C:\Windows\system32\pnrpnsp.dll
0x758B0000 - 0x758C7000 	C:\Windows\system32\IPHLPAPI.DLL
0x75870000 - 0x758A1000 	C:\Windows\system32\dhcpcsvc.DLL
0x75860000 - 0x75867000 	C:\Windows\system32\WINNSI.DLL
0x73300000 - 0x73306000 	C:\Windows\system32\rasadhlp.dll
0x752B0000 - 0x752B6000 	C:\Windows\System32\wshtcpip.dll
0x6E2D0000 - 0x6E7B1000 	C:\Windows\system32\ieframe.dll
0x76330000 - 0x7639B000 	C:\Windows\system32\CRYPTUI.dll
0x75F00000 - 0x75F62000 	C:\Windows\system32\NETAPI32.dll
0x75DB0000 - 0x75E8F000 	C:\Windows\system32\WINBRAND.dll
0x70750000 - 0x70A8A000 	C:\Windows\system32\MSHTML.dll
0x71000000 - 0x71029000 	C:\Windows\system32\msls31.dll
0x70FD0000 - 0x70FFE000 	C:\Windows\system32\MSRATING.dll
0x74850000 - 0x74857000 	C:\Windows\system32\WSOCK32.dll
0x70F90000 - 0x70FC2000 	C:\Windows\system32\IEUI.dll
0x723C0000 - 0x723CD000 	C:\Windows\AppPatch\iebrshim.dll
0x73CC0000 - 0x73CCB000 	C:\Windows\system32\msimtf.dll
0x74860000 - 0x7493F000 	C:\Windows\system32\dbghelp.dll

Heap at VM Abort:
Heap
 def new generation   total 6336K used 1007K [0x10010000 0x106e0000 0x113c0000)
  eden space 5696K   6% used [0x10010000 0x1006bdc0 0x105a0000)
  from space 640K  99% used [0x10640000 0x106dfff8 0x106e0000)
  to   space 640K   0% used [0x105a0000 0x105a0000 0x10640000)
 tenured generation   total 82852K used 76965K [0x113c0000 0x164a9000 0x20010000)
   the space 82852K  92% used [0x113c0000 0x15ee97c8 0x15ee9800 0x164a9000)
 compacting perm gen  total 39936K used 39855K [0x20010000 0x22710000 0x24010000)
   the space 39936K  99% used [0x20010000 0x226fbd40 0x226fbe00 0x22710000)

Local Time = Thu Sep 21 12:36:56 2006
Elapsed Time = 1195
#
# The exception above was detected in native code outside the VM
#
# Java VM: Java HotSpot(TM) Client VM (1.4.2_08-b03 mixed mode)
#",SWT,high
AMALGAM-346778,AMALGAM,Missing operation details,"3.7RC1 Modeling EPP

a) GMF Tools is listed but missing

b) a smaller download e.g. just Acceleo gives a popup

Cannot complete installation
Problems occurred while performing installation: Operation details

but there are no details in the popup or the error log.",UI,normal
PLATFORM-223556,PLATFORM,3.3.1 and 3.3.2 readme files are missing internal anchor links,"Both pages below have a seventh section named Defects Fixed in Maintenance Releases and an appendix but there are no direct internal anchor links at the top of the page in the table of contents to let users jump to it directly. Please add this.

http://www.eclipse.org/eclipse/development/readme_eclipse_3.3.1.html
http://www.eclipse.org/eclipse/development/readme_eclipse_3.3.2.html",Releng,low
AJDT-116846,AJDT,All ITDs appear as public and static in the outline and other views,"If you install the Bean Example project and open BoundPoint.aj you will notice 
that all the ITDs appear a public (green circles) and static (red 'S' 
decoration) despite the fact that none of them are static and one of them is 
private.",UI,normal
JDT-15921,JDT,Add Working Set icon for Java, ,UI,normal
PLATFORM-385369,PLATFORM,CDT ViewContextService spawns an NPE,"After the upgrade to Eclipse Juno (platform 4.2) I encounter sometimes
the following problem. I start a debug session and all the key
bindings for step over/step into (F6/F5) etc. are suddenly gone. The
key bindings do not work and they are not shown in the Debug menu either. I have to restart the debug session several times before key bindings
are working. 
At the moment I cannot easiyl reproduce the faulty behavior. But there are some things I have noticed. It seems that setting the focus to the debug window before starting the debug session helps. In addition the faulty behavior does not occur when I have not the Debug perspective opened (Eclipse switches automatically to the debug perspective when I start a debug session).
But then I get a NPE!
org.eclipse.e4.core.di.InjectionException: java.lang.NullPointerException
        at org.eclipse.e4.core.internal.di.MethodRequestor.execute(MethodRequestor.java:63)
        at org.eclipse.e4.core.internal.contexts.ContextObjectSupplier$ContextInjectionListener.update(ContextObjectSupplier.java:77)
        at org.eclipse.e4.core.internal.contexts.TrackableComputationExt.update(TrackableComputationExt.java:106)
        at org.eclipse.e4.core.internal.contexts.EclipseContext.processScheduled(EclipseContext.java:308)
        at org.eclipse.e4.core.internal.contexts.EclipseContext.set(EclipseContext.java:322)
        at org.eclipse.e4.ui.internal.services.ContextContextService.activateContext(ContextContextService.java:53)
        at org.eclipse.ui.internal.contexts.ContextService.activateContext(ContextService.java:160)
        at org.eclipse.ui.internal.contexts.ContextService.activateContext(ContextService.java:103)
        at org.eclipse.debug.internal.ui.launchConfigurations.PerspectiveManager$5.runInUIThread(PerspectiveManager.java:489)
        at org.eclipse.debug.internal.ui.launchConfigurations.PerspectiveManager$1.run(PerspectiveManager.java:211)
        at org.eclipse.swt.widgets.RunnableLock.run(RunnableLock.java:35)
        at org.eclipse.swt.widgets.Synchronizer.runAsyncMessages(Synchronizer.java:135)
        at org.eclipse.swt.widgets.Display.runAsyncMessages(Display.java:3529)
        at org.eclipse.swt.widgets.Display.readAndDispatch(Display.java:3182)
        at org.eclipse.e4.ui.internal.workbench.swt.PartRenderingEngine$9.run(PartRenderingEngine.java:1022)
        at org.eclipse.core.databinding.observable.Realm.runWithDefault(Realm.java:332)
        at org.eclipse.e4.ui.internal.workbench.swt.PartRenderingEngine.run(PartRenderingEngine.java:916)
        at org.eclipse.e4.ui.internal.workbench.E4Workbench.createAndRunUI(E4Workbench.java:86)
        at org.eclipse.ui.internal.Workbench$5.run(Workbench.java:585)
        at org.eclipse.core.databinding.observable.Realm.runWithDefault(Realm.java:332)
        at org.eclipse.ui.internal.Workbench.createAndRunWorkbench(Workbench.java:540)
        at org.eclipse.ui.PlatformUI.createAndRunWorkbench(PlatformUI.java:149)
        at org.eclipse.ui.internal.ide.application.IDEApplication.start(IDEApplication.java:124)
        at org.eclipse.equinox.internal.app.EclipseAppHandle.run(EclipseAppHandle.java:196)
        at org.eclipse.core.runtime.internal.adaptor.EclipseAppLauncher.runApplication(EclipseAppLauncher.java:110)
        at org.eclipse.core.runtime.internal.adaptor.EclipseAppLauncher.start(EclipseAppLauncher.java:79)
        at org.eclipse.core.runtime.adaptor.EclipseStarter.run(EclipseStarter.java:353)
        at org.eclipse.core.runtime.adaptor.EclipseStarter.run(EclipseStarter.java:180)
        at sun.reflect.NativeMethodAccessorImpl.invoke0(Native Method)
        at sun.reflect.NativeMethodAccessorImpl.invoke(NativeMethodAccessorImpl.java:39)
        at sun.reflect.DelegatingMethodAccessorImpl.invoke(DelegatingMethodAccessorImpl.java:25)
        at java.lang.reflect.Method.invoke(Method.java:597)
        at org.eclipse.equinox.launcher.Main.invokeFramework(Main.java:629)
        at org.eclipse.equinox.launcher.Main.basicRun(Main.java:584)
        at org.eclipse.equinox.launcher.Main.run(Main.java:1438)
        at org.eclipse.equinox.launcher.Main.main(Main.java:1414)
Caused by: java.lang.NullPointerException
        at org.eclipse.ui.internal.WorkbenchPage.getViewStack(WorkbenchPage.java:3993)
        at org.eclipse.debug.internal.ui.views.ViewContextService$ViewBinding.checkZOrder(ViewContextService.java:517)
        at org.eclipse.debug.internal.ui.views.ViewContextService$DebugContextViewBindings.doActivation(ViewContextService.java:264)
        at org.eclipse.debug.internal.ui.views.ViewContextService$DebugContextViewBindings.activateChain(ViewContextService.java:235)
        at org.eclipse.debug.internal.ui.views.ViewContextService.activateChain(ViewContextService.java:1011)
        at org.eclipse.debug.internal.ui.views.ViewContextService.contextActivated(ViewContextService.java:838)
        at org.eclipse.debug.internal.ui.views.ViewContextService.contextManagerChanged(ViewContextService.java:1085)
        at org.eclipse.core.commands.contexts.ContextManager.fireContextManagerChanged(ContextManager.java:165)
        at org.eclipse.core.commands.contexts.ContextManager.setActiveContextIds(ContextManager.java:295)
        at org.eclipse.e4.ui.bindings.internal.BindingServiceImpl.setContextIds(BindingServiceImpl.java:237)
        at sun.reflect.GeneratedMethodAccessor12.invoke(Unknown Source)
        at sun.reflect.DelegatingMethodAccessorImpl.invoke(DelegatingMethodAccessorImpl.java:25)
        at java.lang.reflect.Method.invoke(Method.java:597)
        at org.eclipse.e4.core.internal.di.MethodRequestor.execute(MethodRequestor.java:56)


Further I want to note that I am using the CDT plugin for C/C++ development.",UI,normal
GMP-195126,GMP,Remove invalid dependency on org.eclipse.emf.query.ocl from features/org.eclipse.gmf.sdk*/feature.xml,"Build ID: I20070625-1500

Steps To Reproduce:
After installing latest releases of GMF (2.0) and EMF-query (1.1) SDKs platform claims:
====
Graphical Modeling Framework SDK (2.0.0.v20070608-1300-7f79CEEMnX9yDju9K-GK7_saZ8w1) requires plug-in org.eclipse.emf.query.ocl (1.0.1) or compatible.
====
In fact GMF SDK doesn't depend on org.eclipse.emf.query.ocl at all so following line:
====

====
should be just removed from features/org.eclipse.gmf.sdk*/feature.xml

More information:",Releng,low
EEF-516667,EEF,Too much space after an hyperlink,"The hyperlink widget grab all the space this is okay when there are actions defined.
This extra space should not exist when no actions are defined.",Core,normal
JDT-143079,JDT,[generate delegate] override methods includes final methods,Code generation choices include methods that are final.  Final methods should not be included since they cannot be overridden.,UI,normal
EMF.DIFFMERGE-480191,EMF.DIFFMERGE,NPE when enableassertions option is enabled,"When JVM option 'enableassertions' is enabled a NPE occurs:


Caused by: java.lang.NullPointerException

            at org.eclipse.emf.diffmerge.impl.helpers.UnidirectionalComparisonCopier.getCompletedMatches(UnidirectionalComparisonCopier.java:256)

            at org.eclipse.emf.diffmerge.impl.helpers.UnidirectionalComparisonCopier.completeMatch(UnidirectionalComparisonCopier.java:103)",Core,normal
PLATFORM-246999,PLATFORM,[Contributions] menuContribution/dynamic element cause plugin startup,"The dynamic elements should be proxied.  Currently they cause class loading even when they are in menus that are not shown.

PW",UI,normal
PLATFORM-126017,PLATFORM,[Viewers] TreeViewer should accept null from ILabelProvider#getText(..),"I20060131-1200

The javadoc of ILabelProvider#getText(..) says it's OK to return null but TreeViewers (and probably other viewers as well) throw the IAE below if this happens.

Since the user's label provider does not appear in the stacktrace it's not trivial to find out which label provider is actually 'guilty'.

Steps:
- create a new Plug-in Project with template 'Plug-in with a view'
- change SampleView.ViewLabelProvider.getText(String) to return null

java.lang.IllegalArgumentException: Argument cannot be null
	at org.eclipse.swt.SWT.error(SWT.java:3267)
	at org.eclipse.swt.SWT.error(SWT.java:3206)
	at org.eclipse.swt.SWT.error(SWT.java:3177)
	at org.eclipse.swt.widgets.Widget.error(Widget.java:427)
	at org.eclipse.swt.widgets.TreeItem.setText(TreeItem.java:1500)
	at org.eclipse.swt.widgets.TreeItem.setText(TreeItem.java:1532)
	at org.eclipse.jface.viewers.TreeViewer.doUpdateItem(TreeViewer.java:243)
	at org.eclipse.jface.viewers.AbstractTreeViewer$UpdateItemSafeRunnable.run(AbstractTreeViewer.java:88)
	at org.eclipse.core.runtime.SafeRunner.run(SafeRunner.java:37)
	at org.eclipse.core.runtime.Platform.run(Platform.java:804)
	at org.eclipse.ui.internal.JFaceUtil$1.run(JFaceUtil.java:44)
	at org.eclipse.jface.util.SafeRunnable.run(SafeRunnable.java:148)
	at org.eclipse.jface.viewers.AbstractTreeViewer.doUpdateItem(AbstractTreeViewer.java:630)
	at org.eclipse.jface.viewers.StructuredViewer$UpdateItemSafeRunnable.run(StructuredViewer.java:440)
	at org.eclipse.core.runtime.SafeRunner.run(SafeRunner.java:37)
	at org.eclipse.core.runtime.Platform.run(Platform.java:804)
	at org.eclipse.ui.internal.JFaceUtil$1.run(JFaceUtil.java:44)
	at org.eclipse.jface.util.SafeRunnable.run(SafeRunnable.java:148)
	at org.eclipse.jface.viewers.StructuredViewer.updateItem(StructuredViewer.java:1859)
	at org.eclipse.jface.viewers.AbstractTreeViewer.createTreeItem(AbstractTreeViewer.java:540)
	at org.eclipse.jface.viewers.AbstractTreeViewer$1.run(AbstractTreeViewer.java:519)
	at org.eclipse.swt.custom.BusyIndicator.showWhile(BusyIndicator.java:69)
	at org.eclipse.jface.viewers.AbstractTreeViewer.createChildren(AbstractTreeViewer.java:499)
	at org.eclipse.jface.viewers.TreeViewer.createChildren(TreeViewer.java:794)
	at org.eclipse.jface.viewers.AbstractTreeViewer$5.run(AbstractTreeViewer.java:1002)
	at org.eclipse.jface.viewers.StructuredViewer.preservingSelection(StructuredViewer.java:1259)
	at org.eclipse.jface.viewers.AbstractTreeViewer.inputChanged(AbstractTreeViewer.java:992)
	at org.eclipse.jface.viewers.ContentViewer.setInput(ContentViewer.java:249)
	at org.eclipse.jface.viewers.StructuredViewer.setInput(StructuredViewer.java:1475)
	at zztest.views.SampleView.createPartControl(SampleView.java:189)
	at org.eclipse.ui.internal.ViewReference.createPartHelper(ViewReference.java:331)
	at org.eclipse.ui.internal.ViewReference.createPart(ViewReference.java:196)
	at org.eclipse.ui.internal.WorkbenchPartReference.getPart(WorkbenchPartReference.java:555)
	at org.eclipse.ui.internal.Perspective.showView(Perspective.java:1656)
	at org.eclipse.ui.internal.WorkbenchPage.busyShowView(WorkbenchPage.java:940)
	at org.eclipse.ui.internal.WorkbenchPage.access$13(WorkbenchPage.java:923)
	at org.eclipse.ui.internal.WorkbenchPage$13.run(WorkbenchPage.java:3247)
	at org.eclipse.swt.custom.BusyIndicator.showWhile(BusyIndicator.java:69)
	at org.eclipse.ui.internal.WorkbenchPage.showView(WorkbenchPage.java:3244)
	at org.eclipse.ui.internal.WorkbenchPage.showView(WorkbenchPage.java:3222)
	at org.eclipse.ui.handlers.ShowViewHandler.openView(ShowViewHandler.java:146)
	at org.eclipse.ui.handlers.ShowViewHandler.openOther(ShowViewHandler.java:102)
	at org.eclipse.ui.handlers.ShowViewHandler.execute(ShowViewHandler.java:70)
	at org.eclipse.ui.internal.ShowViewMenu$3.run(ShowViewMenu.java:113)
	at org.eclipse.jface.action.Action.runWithEvent(Action.java:492)
	at org.eclipse.jface.action.ActionContributionItem.handleWidgetSelection(ActionContributionItem.java:530)
	at org.eclipse.jface.action.ActionContributionItem.access$2(ActionContributionItem.java:480)
	at org.eclipse.jface.action.ActionContributionItem$5.handleEvent(ActionContributionItem.java:392)
	at org.eclipse.swt.widgets.EventTable.sendEvent(EventTable.java:66)
	at org.eclipse.swt.widgets.Widget.sendEvent(Widget.java:920)
	at org.eclipse.swt.widgets.Display.runDeferredEvents(Display.java:3287)
	at org.eclipse.swt.widgets.Display.readAndDispatch(Display.java:2907)
	at org.eclipse.ui.internal.Workbench.runEventLoop(Workbench.java:1792)
	at org.eclipse.ui.internal.Workbench.runUI(Workbench.java:1756)
	at org.eclipse.ui.internal.Workbench.createAndRunWorkbench(Workbench.java:401)
	at org.eclipse.ui.PlatformUI.createAndRunWorkbench(PlatformUI.java:143)
	at org.eclipse.ui.internal.ide.IDEApplication.run(IDEApplication.java:106)
	at org.eclipse.core.internal.runtime.PlatformActivator$1.run(PlatformActivator.java:109)
	at org.eclipse.core.runtime.internal.adaptor.EclipseAppLauncher.runApplication(EclipseAppLauncher.java:93)
	at org.eclipse.core.runtime.internal.adaptor.EclipseAppLauncher.start(EclipseAppLauncher.java:69)
	at org.eclipse.core.runtime.adaptor.EclipseStarter.run(EclipseStarter.java:374)
	at org.eclipse.core.runtime.adaptor.EclipseStarter.run(EclipseStarter.java:169)
	at sun.reflect.NativeMethodAccessorImpl.invoke0(Native Method)
	at sun.reflect.NativeMethodAccessorImpl.invoke(NativeMethodAccessorImpl.java:64)
	at sun.reflect.DelegatingMethodAccessorImpl.invoke(DelegatingMethodAccessorImpl.java:43)
	at java.lang.reflect.Method.invoke(Method.java:615)
	at org.eclipse.core.launcher.Main.invokeFramework(Main.java:338)
	at org.eclipse.core.launcher.Main.basicRun(Main.java:282)
	at org.eclipse.core.launcher.Main.run(Main.java:977)
	at org.eclipse.core.launcher.Main.main(Main.java:952)",UI,normal
PAPYRUS-458736,PAPYRUS,Opening an element/package imported model causes the stereotype repair dialog to repeatedly popup for any of its fragments/submodels,"Created attachment 250348
Example model with a repeatable test case

If you import an RSARTE model which consists of fragments (.efx-files) and then open the resulting Papyrus .uml-model via a structure/container model which performs an element import (the standard construct in RSARTE) or package import then the repair stereotypes dialog comes repeatedly up proposing to migrate the profiles in the fragment/submodel (UML-RT and Documentation profiles) each time you open the model even if you perform the repair.

Steps to reproduce:

1) Import the RSARTE models in the attached project 
2) Start by opening the resulting StereotypeRepairBug model and navigate into its separate submodel (originating from the .efx fragment in RSARTE). This works fine without any sterotype repair dialog popping up.
3) Now open one of the container models (ContainerModel used element import and ContainerModel2 uses.
4) Navigate into the element/package import triggering lazy loading of the imported model (and its submodel).
5) The Repair Stereotype dialog now pops up proposing to migrate the UMLRealTime profile and the Documentation profile both related to the submodel/fragment.
6) Perform the migration and save the model.
7) Close the container model and open it up again navigating into the element/package import again.
8) The stereotype repair dialog now pops up again proposing to perform the same repair again.",Core,normal
RECOMMENDERS-469684,RECOMMENDERS,[news] Preference page layout issues,"The preference page has a weird layout which looks like it has two columns with most elements only using the first one.

This should be improved. My suggestion is to have one column elements like the list of available feeds span over two columns. For others have the right column grab all available horizontal space.",Core,normal
Z_ARCHIVED-108438,Z_ARCHIVED,Bug with FileTransferAgent,"In stress testing of FileTransferAgent it was noted that multiple transfers 
with the FileTransferAgent running were failing every other time for putFile.",TPTP,normal
PLATFORM-35786,PLATFORM,Eclipse crashes on shut down,"I200303261556

1) download eclipse into an empty directory
2) launch eclipse
3) shut down eclipse

Eclipse crashes.",SWT,high
MYLYN_DOCS_INTENT-397427,MYLYN_DOCS_INTENT,IntentWorkspaceRepositoryStructurer should not create one file per Chapter/Section/Model Fragment,"A quick performance analysis shown that the IntentWorkspaceRepositoryStructurer that splits the IntentDocument into several files (one per chapter/section/model fragment) causes performance issues.

This can be explained by the fact that to send the appropriate notifications the WorkspaceAdapter compares the old file state with its current serialization.

We should modify the IntentWorkspaceRepositoryStructurer to stop splitting files by default. Notice that this will have impacts on the IntentRepositoryStructurerTest.",Core,normal
PLATFORM-59471,PLATFORM,[ActivityMgmt] Need to add helpContextid to activities,"We need an extension point attribute for helpContextId. We can enable this by 
having the ? icon and enable it based on selection",UI,normal
PLATFORM-228627,PLATFORM,[Perspectives] Removal of minimize and maximize buttons on views and editors,"Build ID: 3.3

More information:
In an RCP application which is targetted at end users the ability to click on a view minimize button and have it dissapear to one side of the screen or the other is confusing. It is generating support calls we don't need as there is no reason for a view to be minimised. Can a settable preference (does not have to be visible in a prefernce screen) be used to control the min/max buttons like the one used for the tab style.

Have checked the forum to find another user has asked the question and was told it was only possible by creating their own presentation.",UI,normal
TYCHO-386133,TYCHO,NPE with tycho-buildtimestamp-jgit,"When using tycho-buildtimestamp-jgit on windows I get a NPE.

Execution default-build-qualifier of goal org.eclipse.tycho:tycho-packaging-plugin:0.16.0-SNAPSHOT:build-qualifier failed.
        at org.apache.maven.lifecycle.internal.MojoExecutor.execute(MojoExecutor.java:225)
        at org.apache.maven.lifecycle.internal.MojoExecutor.execute(MojoExecutor.java:153)
        at org.apache.maven.lifecycle.internal.MojoExecutor.execute(MojoExecutor.java:145)
        at org.apache.maven.lifecycle.internal.LifecycleModuleBuilder.buildProject(LifecycleModuleBuilder.java:84)
        at org.apache.maven.lifecycle.internal.LifecycleModuleBuilder.buildProject(LifecycleModuleBuilder.java:59)
        at org.apache.maven.lifecycle.internal.LifecycleStarter.singleThreadedBuild(LifecycleStarter.java:183)
        at org.apache.maven.lifecycle.internal.LifecycleStarter.execute(LifecycleStarter.java:161)
        at org.apache.maven.DefaultMaven.doExecute(DefaultMaven.java:320)
        at org.apache.maven.DefaultMaven.execute(DefaultMaven.java:156)
        at org.apache.maven.cli.MavenCli.execute(MavenCli.java:537)
        at org.apache.maven.cli.MavenCli.doMain(MavenCli.java:196)
        at org.apache.maven.cli.MavenCli.main(MavenCli.java:141)
        at sun.reflect.NativeMethodAccessorImpl.invoke0(Native Method)
        at sun.reflect.NativeMethodAccessorImpl.invoke(NativeMethodAccessorImpl.java:57)
        at sun.reflect.DelegatingMethodAccessorImpl.invoke(DelegatingMethodAccessorImpl.java:43)
        at java.lang.reflect.Method.invoke(Method.java:601)
        at org.codehaus.plexus.classworlds.launcher.Launcher.launchEnhanced(Launcher.java:290)
        at org.codehaus.plexus.classworlds.launcher.Launcher.launch(Launcher.java:230)
        at org.codehaus.plexus.classworlds.launcher.Launcher.mainWithExitCode(Launcher.java:409)
        at org.codehaus.plexus.classworlds.launcher.Launcher.main(Launcher.java:352)
Caused by: org.apache.maven.plugin.PluginExecutionException: Execution default-build-qualifier of goal org.eclipse.tycho:tycho-packaging-plugin:0.16.0-SNAPSHOT:build-qualifier failed.
        at org.apache.maven.plugin.DefaultBuildPluginManager.executeMojo(DefaultBuildPluginManager.java:110)
        at org.apache.maven.lifecycle.internal.MojoExecutor.execute(MojoExecutor.java:209)
        ... 19 more
Caused by: java.lang.NullPointerException
        at org.eclipse.tycho.extras.buildtimestamp.jgit.JGitBuildTimestampProvider.getTimestamp(JGitBuildTimestampProvider.java:86)
        at org.eclipse.tycho.buildversion.BuildQualifierMojo.getBuildTimestamp(BuildQualifierMojo.java:182)
        at org.eclipse.tycho.buildversion.BuildQualifierMojo.execute(BuildQualifierMojo.java:156)
        at org.apache.maven.plugin.DefaultBuildPluginManager.executeMojo(DefaultBuildPluginManager.java:101)
        ... 20 more",Core,normal
Z_ARCHIVED-194515,Z_ARCHIVED,[README] Provide readme entry for bugzilla 194000,Provide readme entry for bugzilla 194000.,TPTP,normal
PAPYRUS-332749,PAPYRUS,[Usability] The action Duplicate doesn't work correctly,"I found 3 problems with the Action Duplicate: 
	- the action Duplicate creates 2 new instances of the selected element (instead of one!)
	- when the selected element is a UML Metaclass : 
		- only the view should be duplicated
		- the stereotype Metaclass should be applied on the new element
		
	- more generally I think the applied stereotypes should be applied on the duplicated element",Core,normal
PLATFORM-56376,PLATFORM,[EditorMgmt] Immortal editor tab tooltips,"I2004-03-26:08:00h

While trying to reproduce bug 56365 I got stuck with three editor tab (I use
the option to use multiple tabs got editors) tooltips. The seem to be live
widgets I can click each of them to get them to the front. They just don't go
away anymore (even though there's no editor open anymore).
I can't reproduce how I got into this state though.",SWT,normal
JDT-402618,JDT,[1.8][compiler] Compiler fails to resolve type annotations on method/constructor references,"BETA_JAVA8:

The following program should fail to compile but compiles successfully:

// ----
interface I {
	void foo(X x)
}

public class X {
	void foo() {
	}
	
	public void main(String[] args) {
		I i = @Marker X::foo
	}
}


The compiler silently acepts the undefined annotation Marker",Core,normal
PLATFORM-31385,PLATFORM,Redraw problems: selecting text backwards,"eclipse 2.1I200302061700 linux-gtk j2sdk-1.4.1_01 2GHz dual-processor pentium

I'm seeing a variety of redraw bug.  The most noticeable and consistent is that
if I make an extended text selection via mouse-down+drag+mouse-up if my mouse
motion is l-to-r then the selected text shows properly.  However if the mouse
motion is r-to-l I have irritating white slivers visible in the selection box.

I have also seen the beginnings of lines unredrawn such as typing a '{' and
having the automatic '}' appear on the next line but with an extra ghost '}'
visible one tab to the left of the real one.  The ghost '}' is visible but not
really there.",SWT,normal
OCL-168548,OCL,Correct OCL Feature Branding,"The OCL feature branding currently is:

    Eclipse Modeling Framework Technology (EMFT) OCL [SDK/Examples/Documentation/etc.]
    
 This should instead be
 
    Object Constraint Language (OCL) 2.0 [SDK/Examples/Documentation/etc.]",Core,high
PLATFORM-28169,PLATFORM,Create link to test log that capture console output,"The test results page should have a link to the test logs of console output 
generated when running the JUnit automated tests.",Releng,normal
PLATFORM-63235,PLATFORM,[KeyBindings] Cut/Copy/Paste/SelectAll don't work in Swing widgets in dialogs,"When running Swing components in an SWT container cut/copy/paste actions via 
the keyboard no longer work.  (On Windows CTRL-C CTRL-X CTRLV)

This defect is present in build M8 and in build 20040519",UI,normal
PLATFORM-315362,PLATFORM,[Tooling] ClassCastException in WorkbenchModel Editor in 3.x host mode,"Build Identifier: I20100531-1900

Get this exception:

java.lang.ClassCastException: org.eclipse.jface.text.TextSelection cannot be cast to org.eclipse.jface.viewers.IStructuredSelection
	at org.eclipse.e4.tools.emf.editor3x.compat.IEclipseContextServiceFactory$1.selectionChanged(IEclipseContextServiceFactory.java:67)
	at org.eclipse.ui.internal.AbstractSelectionService.fireSelection(AbstractSelectionService.java:156)
	at org.eclipse.ui.internal.AbstractSelectionService$1.selectionChanged(AbstractSelectionService.java:62)
	at org.eclipse.jface.viewers.Viewer$2.run(Viewer.java:162)
	at org.eclipse.core.runtime.SafeRunner.run(SafeRunner.java:42)
	at org.eclipse.ui.internal.JFaceUtil$1.run(JFaceUtil.java:49)
	at org.eclipse.jface.util.SafeRunnable.run(SafeRunnable.java:175)
	at org.eclipse.jface.viewers.Viewer.fireSelectionChanged(Viewer.java:160)
	at org.eclipse.jface.text.TextViewer.fireSelectionChanged(TextViewer.java:2728)
	at org.eclipse.jface.text.TextViewer.selectionChanged(TextViewer.java:2707)
	at org.eclipse.jface.text.TextViewer.setSelectedRange(TextViewer.java:2392)
	at org.eclipse.jdt.internal.ui.javaeditor.JavaEditor.setSelection(JavaEditor.java:

In IEclipseContextServiceFactory line 67 the selection is cast to IStructuredSelection without checking its type. Turns out it's not always a IStructuredSelection.

Also when all the Workbench Model Editor parts are closed the behavior goes on. Maybe the selection listener could be removed in some conditions (currently the IEclipseContextServiceFactory is an internal class(!) so it can consider only the current bundle is using it).



Reproducible: Always

Steps to Reproduce:
1. Open Workbenchmodel editor in 3.6
2. Open Error Log
3. Select Console view",UI,normal
PLATFORM-23974,PLATFORM,Use native ComboBox,see #23959,SWT,normal
PLATFORM-509479,PLATFORM,Convert o.e.ui.browser to lamdbas/adapters,,UI,normal
Z_ARCHIVED-175731,Z_ARCHIVED,Trace.Doc.smoke failure - Incorrect copyright year,"The following Trace project files have been updated in 2007 and don't have 2007 in their copyright.  This output is from the build report for the TPTP-4.4.0-200702211545 TPTP 4.4 i1 driver (http://download.eclipse.org/tptp/4.4.0/TPTP-4.4.0-200702211545/NeedUpdate)


features/org.eclipse.tptp.trace.report.birt/sourceTemplateFeature/feature.properties
features/org.eclipse.tptp.trace.runtime/feature.xml
features/org.eclipse.tptp.trace.sdk/feature.xml

plugins/org.eclipse.tptp.trace.arm/src-agent/org/eclipse/tptp/trace/arm/internal/agent/ArmRuntimeMessages.properties
plugins/org.eclipse.tptp.trace.arm/src-arm/org/eclipse/tptp/trace/arm/internal/transaction/ArmTransactionImpl.java
plugins/org.eclipse.tptp.trace.arm/src-arm-core/org/eclipse/tptp/trace/arm/internal/ArmMessages.properties
plugins/org.eclipse.tptp.trace.arm/src-model/org/eclipse/tptp/trace/arm/internal/model/ArmInstrumentMessages.properties
plugins/org.eclipse.tptp.trace.arm/src-model/org/eclipse/tptp/trace/arm/internal/model/InstrumentManager.java
plugins/org.eclipse.tptp.trace.arm/src-model/org/eclipse/tptp/trace/arm/internal/model/util/StackThreadLocal.java
plugins/org.eclipse.tptp.trace.arm/src-probes/EJB.probe
plugins/org.eclipse.tptp.trace.arm/src-probes/EJB_probe.java
plugins/org.eclipse.tptp.trace.arm/src-probes/GenericArm.probe
plugins/org.eclipse.tptp.trace.arm/src-probes/GenericArm_probe.java
plugins/org.eclipse.tptp.trace.arm/src-probes/JDBC.probe
plugins/org.eclipse.tptp.trace.arm/src-probes/JDBC_probe.java
plugins/org.eclipse.tptp.trace.arm/src-probes/Servlet.probe
plugins/org.eclipse.tptp.trace.arm/src-probes/Servlet_probe.java
plugins/org.eclipse.tptp.trace.arm.ui/plugin.properties
plugins/org.eclipse.tptp.trace.arm.ui/src/org/eclipse/tptp/trace/arm/ui/internal/ArmUIPlugin.java
plugins/org.eclipse.tptp.trace.doc.isv/plugin.properties
plugins/org.eclipse.tptp.trace.examples.isv/plugin.properties",TPTP,normal
PAPYRUS-377501,PAPYRUS,[Sequence Diagram] Connections upon Messages creation,Currently when a message is created once the source of the message is selected the target points to the interaction border. This behavior is problematic since it is difficult to select the wanted target (a point on a lifeline for example). The target of the message shall follow the mouse pointer with a forbidden icon pointer. Once the mouse pointer is on an authorized point the mouse pointer allows the selection of the target of the message and the message shall be created.,Core,normal
Z_ARCHIVED-89970,Z_ARCHIVED,(Test) HTTP Recorder must cease attempting to make a MESSAGE / CONTENT distinction during recording,"The HTTP recorder currently attempts to determine in real time the 
distinction between a HTTP Message and HTTP content and label the packet (in 
the .rec file) as such.  We have found that often due to insufficient 
context the packets are labeled incorrectly and the real time analysis also 
slows down the recording.  This determination must be done by TestGen.  

Note:  This will result in TPTP Testgen modifications which rely on the HTTP 
MESSAGE / CONTENT label.",TPTP,high
STEM-286966,STEM,Need to resolve DISCONTINUITY in infectious change from mixing between regions with very different areas,"We need to resolve DISCONTINUITY in infectious change from mixing between regions with very different areas.
Right now the physicallyAdjacentInfectious proportion is a CONSTAND applied to all areas regardless of size (linear extent or area) 
and regardless of population. This causes a discontinuity in the infectious change from mixing because the disease moves VERY quickly
across some large areas and compartivily slowly across small areas. For the edges corresponding to physical adjacency the mixing needs to 
take into a county a  REFERENCE threshold skin depth or  commute distance factor compared with  the extent of the neighboring region.",Core,normal
EMFCOMPARE-514382,EMFCOMPARE,[PreMerge] Pre-Merge on conflict can lead to data loss,"Created attachment 267521
Git repo showcasing the wrong deletion of files

When doing a merge containing a REAL conflict with the pre-merge setting on data loss can occur. 

Steps to reproduce:
- Create a model with a class 'ClassA' (branch master).
- Create a new branch from master that renames this class to 'ClassB' (branch left).
- Create a new branch from master that renames this class to 'ClassC' and adds ClassC in the diagram of another newly added model. Therefore the newly added model is also part of the logical model. (branch right).

When performing the merge from left to right the rename conflict is detected correctly and the pre-merge adds the newly added model from the other branch as expected.

However when performing the merge from the right to left the rename conflict is detected correctly but the newly added model is deleted.

I have attached a git repo that showcases this behavior. The problem only occurs when a REAL conflict is detected otherwise the pre-merge works as expected.",Core,normal
PLATFORM-192039,PLATFORM,[Snippet] Demonstrate ListViewer usage,as said above,UI,normal
PDE-399995,PDE,Tests sometimes DNF due to too much console output,"http://download.eclipse.org/eclipse/downloads/drops4/I20130204-1400/testResults.php

In the M5a build and several nightly builds the PDE UI tests sometimes DNF.  It has happened on all the test environments. The console output is massive (> 2 Gig) which is why they DNF.

The output contains many entries as follows:

!ENTRY org.eclipse.jdt.core 4 2 2013-02-03 22:29:02.653
!MESSAGE Problems occurred when invoking code from plug-in: org.eclipse.jdt.core.
!STACK 0
java.lang.IllegalArgumentException: 
	at org.eclipse.core.runtime.Assert.isLegal(Assert.java:63)
	at org.eclipse.core.runtime.Assert.isLegal(Assert.java:47)
	at org.eclipse.core.internal.jobs.JobManager.setRule(JobManager.java:1214)
	at org.eclipse.core.internal.jobs.InternalJob.setRule(InternalJob.java:547)
	at org.eclipse.core.runtime.jobs.Job.setRule(Job.java:544)
	at org.eclipse.pde.internal.core.PluginModelManager.updateAffectedEntries(PluginModelManager.java:367)
	at org.eclipse.pde.internal.core.PluginModelManager.modelsChanged(PluginModelManager.java:279)
	at org.eclipse.pde.internal.core.AbstractModelManager.fireModelProviderEvent(AbstractModelManager.java:35)
	at org.eclipse.pde.internal.core.WorkspaceModelManager.createAndFireEvent(WorkspaceModelManager.java:263)
	at org.eclipse.pde.internal.core.WorkspacePluginModelManager.createAndFireEvent(WorkspacePluginModelManager.java:472)
	at org.eclipse.pde.internal.core.WorkspaceModelManager.processModelChanges(WorkspaceModelManager.java:235)
	at org.eclipse.pde.internal.core.WorkspaceModelManager.processModelChanges(WorkspaceModelManager.java:197)
	at org.eclipse.pde.internal.core.WorkspacePluginModelManager.processModelChanges(WorkspacePluginModelManager.java:462)
	at org.eclipse.pde.internal.core.WorkspaceModelManager.resourceChanged(WorkspaceModelManager.java:114)
	at org.eclipse.jdt.internal.core.DeltaProcessingState$1.run(DeltaProcessingState.java:465)
	at org.eclipse.core.runtime.SafeRunner.run(SafeRunner.java:42)
	at org.eclipse.jdt.internal.core.DeltaProcessingState.resourceChanged(DeltaProcessingState.java:460)
	at org.eclipse.core.internal.events.NotificationManager$1.run(NotificationManager.java:291)
	at org.eclipse.core.runtime.SafeRunner.run(SafeRunner.java:42)
	at org.eclipse.core.internal.events.NotificationManager.notify(NotificationManager.java:285)
	at org.eclipse.core.internal.events.NotificationManager.broadcastChanges(NotificationManager.java:149)
	at org.eclipse.core.internal.resources.Workspace.broadcastPostChange(Workspace.java:396)
	at org.eclipse.core.internal.resources.Workspace.endOperation(Workspace.java:1531)
	at org.eclipse.core.internal.resources.Workspace.run(Workspace.java:2354)
	at org.eclipse.jdt.internal.core.JavaModelOperation.runOperation(JavaModelOperation.java:793)
	at org.eclipse.jdt.core.JavaCore.setClasspathContainer(JavaCore.java:5402)
	at org.eclipse.pde.internal.core.PluginModelManager$UpdateClasspathsJob.run(PluginModelManager.java:63)
	at org.eclipse.core.internal.jobs.Worker.run(Worker.java:53)",UI,high
PLATFORM-40130,PLATFORM,StyledText - add accessibility support to StyledText,"build 20030611

Opening bug to track changes Grant submitted for making StyledText accessible 
(adding AccessibleControlListener).",SWT,normal
Z_ARCHIVED-315078,Z_ARCHIVED,Logical view is sometime unable to display newly imported project,"in logical view try to import several project at the same time
sometime the display is not refreshed and this exception is raised :

 java.util.ConcurrentModificationException
	at java.util.HashMap$HashIterator.nextEntry(HashMap.java:1091)
	at java.util.HashMap$KeyIterator.next(HashMap.java:1128)
	at org.eclipse.hyades.test.ui.internal.navigator.LogicalTestNavigatorContentProvider$ProxiesRequests.nodesChanged(LogicalTestNavigatorContentProvider.java:190)
	at org.eclipse.hyades.test.ui.internal.navigator.TestNavigator.nodesChanged(TestNavigator.java:1213)
	at org.eclipse.hyades.test.ui.internal.navigator.TestResourceChangeUpdater.ended(TestResourceChangeUpdater.java:115)
	at org.eclipse.hyades.ui.internal.provider.ResourceChangeUpdaterProvider.doProcessDelta(ResourceChangeUpdaterProvider.java:123)
	at org.eclipse.hyades.ui.internal.provider.ResourceChangeUpdaterProvider.resourceChanged(ResourceChangeUpdaterProvider.java:101)
	at org.eclipse.hyades.test.ui.internal.navigator.proxy.FileProxyNodeCache$ResourceChangeListener.resourceChanged(FileProxyNodeCache.java:717)
	at org.eclipse.core.internal.events.NotificationManager$2.run(NotificationManager.java:291)
	at org.eclipse.core.runtime.SafeRunner.run(SafeRunner.java:42)
	at org.eclipse.core.internal.events.NotificationManager.notify(NotificationManager.java:285)
	at org.eclipse.core.internal.events.NotificationManager.broadcastChanges(NotificationManager.java:149)
	at org.eclipse.core.internal.resources.Workspace.broadcastPostChange(Workspace.java:327)
	at org.eclipse.core.internal.resources.Workspace.endOperation(Workspace.java:1181)
	at org.eclipse.core.internal.resources.Workspace.run(Workspace.java:1984)
	at org.eclipse.ui.actions.WorkspaceModifyOperation.run(WorkspaceModifyOperation.java:118)
	at org.eclipse.jface.operation.ModalContext$ModalContextThread.run(ModalContext.java:121)

problem occur because at the same time the projectMap is updated on one side and on the other we iterate on it",TPTP,normal
PLATFORM-163339,PLATFORM,Unexpected results when using drawFocus with advanced graphics is enabled and DOUBLE_BUFFERED,"Steps to reproduce:

Create a Canvas that uses SWT.DOUBLE_BUFFERED

In paint event enable advanced graphics (basically any method that will call initGdip.

Make a call to draw a focus rectangle

Run SWT program and trigger some invalidates by running any other window over the SWT window.

See snippet.",SWT,normal
ACCELEO-363651,ACCELEO,Builder doesn't build,M3 (3.2) I'm getting a lot of problems with the builder not building the bin folder contains *.class *.mtl but no *.emtl. And it is harder to force a rebuild. I'm forced to check the bin folder before executing my mwe scripts.,Core,high
XTEND-378817,XTEND,[Quickfix] Add unimplemented methods produces invalid parameter declarations for closures,"abstract class A {
	  def   test(List t (Person)=>String a)
}

class B extends A {
	
	override  test(List t Function1 a) {
		throw new UnsupportedOperationException(Auto-generated function stub)
	}
	
}

This would be correct:

override   test(List t (Person)=>String a){

}
The TypeReferenceSerializer produces this issue.",Core,normal
PDE-260780,PDE,[Editors] [Context Help] Context Help editor is in bad shape 3 icons are missing,"Created attachment 122334
screenshot

These 3 icons must have disappeared when refactoring UA editors... :-(

I'll attach them to this bug in just a few seconds!",UI,normal
PAPYRUS-330257,PAPYRUS,[SysML Block Definition Diagram] Block: Allow to add only valid content in the Reference Compartment,"In accordance SysML Spec 8.3.2.2:
A property typed by a Block that does not have composite
aggregation is classified as a reference property.
Create a tool to create reference property which satisfies this condition in the reference compartment",Core,normal
OCL-225546,OCL,Stand-alone JUnit tests don't run with P2 install,When installing EMF UML2 etc. into the PDE target using P2 (usually in self-hosting mode) the new directory structure confuses the Ant script and supporting Java code so that the classpath is not set up correctly.,Core,high
SUBVERSIVE-242753,SUBVERSIVE,NPE in MergePanel.getSelection,"I am getting the following NPE trying to merge changed from the trunk to a branch. I am using e34 with latest weekly subversive build.

!ENTRY org.eclipse.ui 4 0 2008-07-31 11:59:19.468
!MESSAGE Unhandled event loop exception
!STACK 0
java.lang.NullPointerException
	at org.eclipse.team.svn.ui.panel.local.MergePanel.getSelection(MergePanel.java:433)
	at org.eclipse.team.svn.ui.panel.local.MergePanel.getSecondSelection(MergePanel.java:136)
	at org.eclipse.team.svn.ui.panel.local.MergePanel.showDetails(MergePanel.java:329)
	at org.eclipse.team.svn.ui.panel.AbstractAdvancedDialogPanel.extendedButtonPressed(AbstractAdvancedDialogPanel.java:39)
	at org.eclipse.team.svn.ui.dialog.AdvancedDialog.extendedButtonPressed(AdvancedDialog.java:65)
	at org.eclipse.team.svn.ui.dialog.AdvancedDialog.buttonPressed(AdvancedDialog.java:56)
	at org.eclipse.jface.dialogs.Dialog$2.widgetSelected(Dialog.java:624)
	at org.eclipse.swt.widgets.TypedListener.handleEvent(TypedListener.java:228)
	at org.eclipse.swt.widgets.EventTable.sendEvent(EventTable.java:84)
	at org.eclipse.swt.widgets.Widget.sendEvent(Widget.java:1003)
	at org.eclipse.swt.widgets.Display.runDeferredEvents(Display.java:3823)
	at org.eclipse.swt.widgets.Display.readAndDispatch(Display.java:3422)
	at org.eclipse.jface.window.Window.runEventLoop(Window.java:825)
	at org.eclipse.jface.window.Window.open(Window.java:801)
	at org.eclipse.team.svn.ui.dialog.DefaultDialog.open(DefaultDialog.java:131)
	at org.eclipse.team.svn.ui.action.local.MergeAction.runImpl(MergeAction.java:65)
	at org.eclipse.team.svn.ui.action.AbstractSVNTeamAction$2.runImpl(AbstractSVNTeamAction.java:82)
	at org.eclipse.team.svn.core.operation.AbstractActionOperation.run(AbstractActionOperation.java:76)
	at org.eclipse.team.svn.core.operation.LoggedOperation.run(LoggedOperation.java:37)
	at org.eclipse.team.svn.core.utility.ProgressMonitorUtility.doTask(ProgressMonitorUtility.java:103)
	at org.eclipse.team.svn.core.utility.ProgressMonitorUtility.doTaskExternal(ProgressMonitorUtility.java:89)
	at org.eclipse.team.svn.core.utility.ProgressMonitorUtility.doTaskExternal(ProgressMonitorUtility.java:80)
	at org.eclipse.team.svn.ui.action.AbstractSVNTeamAction.execute(AbstractSVNTeamAction.java:75)
	at org.eclipse.team.internal.ui.actions.TeamAction.run(TeamAction.java:514)
	at org.eclipse.team.internal.ui.actions.TeamAction.runWithEvent(TeamAction.java:548)
	at org.eclipse.ui.internal.PluginAction.runWithEvent(PluginAction.java:241)
	at org.eclipse.jface.action.ActionContributionItem.handleWidgetSelection(ActionContributionItem.java:583)
	at org.eclipse.jface.action.ActionContributionItem.access$2(ActionContributionItem.java:500)
	at org.eclipse.jface.action.ActionContributionItem$5.handleEvent(ActionContributionItem.java:411)
	at org.eclipse.swt.widgets.EventTable.sendEvent(EventTable.java:84)
	at org.eclipse.swt.widgets.Widget.sendEvent(Widget.java:1003)
	at org.eclipse.swt.widgets.Display.runDeferredEvents(Display.java:3823)
	at org.eclipse.swt.widgets.Display.readAndDispatch(Display.java:3422)
	at org.eclipse.ui.internal.Workbench.runEventLoop(Workbench.java:2382)
	at org.eclipse.ui.internal.Workbench.runUI(Workbench.java:2346)
	at org.eclipse.ui.internal.Workbench.access$4(Workbench.java:2198)
	at org.eclipse.ui.internal.Workbench$5.run(Workbench.java:493)
	at org.eclipse.core.databinding.observable.Realm.runWithDefault(Realm.java:288)
	at org.eclipse.ui.internal.Workbench.createAndRunWorkbench(Workbench.java:488)
	at org.eclipse.ui.PlatformUI.createAndRunWorkbench(PlatformUI.java:149)
	at org.eclipse.ui.internal.ide.application.IDEApplication.start(IDEApplication.java:113)
	at org.eclipse.equinox.internal.app.EclipseAppHandle.run(EclipseAppHandle.java:193)
	at org.eclipse.core.runtime.internal.adaptor.EclipseAppLauncher.runApplication(EclipseAppLauncher.java:110)
	at org.eclipse.core.runtime.internal.adaptor.EclipseAppLauncher.start(EclipseAppLauncher.java:79)
	at org.eclipse.core.runtime.adaptor.EclipseStarter.run(EclipseStarter.java:382)
	at org.eclipse.core.runtime.adaptor.EclipseStarter.run(EclipseStarter.java:179)
	at sun.reflect.NativeMethodAccessorImpl.invoke0(Native Method)
	at sun.reflect.NativeMethodAccessorImpl.invoke(NativeMethodAccessorImpl.java:39)
	at sun.reflect.DelegatingMethodAccessorImpl.invoke(DelegatingMethodAccessorImpl.java:25)
	at java.lang.reflect.Method.invoke(Method.java:597)
	at org.eclipse.equinox.launcher.Main.invokeFramework(Main.java:549)
	at org.eclipse.equinox.launcher.Main.basicRun(Main.java:504)
	at org.eclipse.equinox.launcher.Main.run(Main.java:1236)",UI,normal
PDE-264496,PDE,[target] Sort bundle selection dialog,"N20090205-2000

* new target pref page
* edit target
* edit one of the locations

The dialog that opens up with all the bundles of the location does not sort them. This is really confusing.",UI,normal
PLATFORM-304528,PLATFORM,compare against 3.5.2,Currently the releng tests compare against 3.5 they should be updated to compare against 3.5.2,Releng,normal
PLATFORM-458640,PLATFORM,SWT should increase bundle version in Luna SR2 to 3.103.2.qualifier,"+++ This bug was initially created as a clone of Bug #439697 +++

+++ This bug was initially created as a clone of Bug #439640 +++

SWT should increase the bundle version to 3.103.2.qualifier for the Luna SR2 release.",SWT,normal
PLATFORM-421286,PLATFORM,Update eclipse-run repo to use M3 to produce M4,"We are currently using M2: 
http://download.eclipse.org/eclipse/updates/4.4milestones/S-4.4M2-201309182000/

This is the repo used when our tasks such as java doc and api descriptions use eclipse-run. 

I don't know of any changes in these areas but for good hygiene should update to M3 to make sure still works as expected: 

http://download.eclipse.org/eclipse/updates/4.4milestones/S-4.4M3-201310302000",Releng,normal
JDT-224429,JDT,[extract method] Destination type not pickable if extracting method from local class's initializer.,"Build ID: M20080221-1800

Usually the extract method wizard let's the user pick the destination type if the selected logic resides in a local anonymous class.  The choice of destination types is wrongly not offered if the selected logic resides in an initializer of the local anonymous class.

Steps To Reproduce:  Select the statement on LINE 4 and see that the extract method wizard doesn't offer a choice of destination types.

----------------- Bug.java -----------------------
class Bug{
	Bug(){
		new Object(){{
			System.out.println()//LINE 4
			}}}}",UI,low
PLATFORM-210872,PLATFORM,SWT.BALLOON tooltip draws background outside balloon,"Run Control Example
Go to Tooltip tab
Click on 'SWT.BALLOON'
Click on 'Visible'
The balloon is drawn but the background colour extends beyond the balloon itself. It looks like the background is being drawn in the bounding rectangle completely.",SWT,normal
PAPYRUS-419682,PAPYRUS,[Website] The papyrusuml.org should be closed,"I think the http://www.papyrusuml.org which is returned after a googling of Papyrus UML should be killed. It provides old unsupported versions of the tool which just confuse users. I appreciate there is a link to http://www.eclipse.org/papyrus/ but why have this old content at all? 

Papyrus needs to super clear about its direction. This site does nothing to contribute to that.",Core,normal
JDT-11866,JDT,Wrong labels in Update Test Suite dialog,"Test Classes to be included is written with TestClasses (missing space)
The status line talks about methods being selected instead of types.

The action name is written together (TestSuite) instead of Test Suite",UI,low
PLATFORM-17793,PLATFORM,Motif FileDialog often does not use reasonable default directory,"Build 20020521 Linux-motif

If you have an invalid patch file specified in the Resource Patcher when you
select browse you get * as a selection and no entries in the file dialog. You
have to clear the * to get anything

STEPS
1) Select a file
2) Select Compare with Patch
3) Enter foo into the patch file location
4) Hit browse - * is the selection and the file dialog is empty",SWT,normal
PLATFORM-460380,PLATFORM,Change CheckboxTreeViewe#setCheckedChildren from private to protected,Required for Bug 459981.,UI,normal
OCL-290315,OCL,[library] null is not the singleton instance of OclVoid,"The current implementation of OCL's null uses Java's null. This may be pragmatic but requires considerable analysis to provide it's validity and considerable coding care and review to distinguish inadvertant Java nulls particularly those meaning invalid.

I think we should introduce a true null object that is indeed the sole instance of OclTYpe with an OclStandardLibrary.getNull() that returns it.",Core,normal
JDT-31972,JDT,In generated comments the default text is misleading,"The default generated comments say:

* To change this generated comment go to 
* Window>Preferences>Java>Code Generation>Code Template

But there is no Code Template tab in my M5. It is now Code and Comments.
The misleading templates are @Comments\New Java files and Code\Types.",UI,low
EMF.DIFFMERGE-490316,EMF.DIFFMERGE,Make SCM-based comparisons 2-way when possible,"Certain SCM-based comparisons are carried out as 3-way comparisons with a right-hand side and an ancestor side that refer to the same resource. For example Compare with previous revision with EGit or Compare with Base from Working Copy with SVN.

Making these comparisons 2-way with the reference side properly set would save memory and simplify the GUI while providing the same amount of information to the user.",UI,normal
JDT-23031,JDT,Package explorer does not update when input==package [package explorer],"From a java perspective create a Java project with two packages (say 
test.package1 and test.package2). Create a couple of classes in both packages. 
From the package view select test.package2 and from the context menu open a 
new java window on it. Notice you only see the two classes you created in this 
package. Now go back to the other window and move a class from test.package1 
to test.package2. Go back to the new window look at the package view and 
notice it still only displays 2 classes. Selecting refresh from the context 
menu does nothing. If you close the package view and open it again then you 
see 3 classes.",UI,normal
PLATFORM-268584,PLATFORM,update swt custom build scripts to support new publishing task,"Created attachment 128766
patch for custom swt build scripts

I'm updating the build to use the p2 publisher as described in bug 266488.  Since the swt build scripts are custom they need to be updated to include the publish.bin.parts target.  I'll attach a patch. The patch can be released at any time.  This target won't start being used until I release the changes to the build to support this functionality.",SWT,normal
TIGERSTRIPE-320050,TIGERSTRIPE,Edit button for stereotypes that can't be edited should be disabled,"Build Identifier: 

See 'Steps to Reproduce'


Reproducible: Always

Steps to Reproduce:
1. Open an Association in editor
2. Under Stereotypes click on Add > Provisional > OK
3. Select stereotype > Edit > Notice that there is nothing to edit.  An empty dialog pops up!  Edit button for stereotypes that can't be edited should be disabled.",UI,normal
PLATFORM-403631,PLATFORM,Get new version of SAT4J from Orbit,"The following orbit build makes SAT4J 2.3.3 available. Could you please update the relevant configuration files in order to get it?
If you need any help let me know.",Releng,normal
PLATFORM-266062,PLATFORM,[DataBinding] Observable[Tree]ContentProvider should be tagged @noextend,These content provider classes are documented This class is not intended to be subclassed by clients but they should have @noextend so API Tooling can catch invalid usage.,UI,normal
JDT-170191,JDT,[clean up] On save clean up should leverage ICleanUps requrieAST,"I20070109-1805

If format on save is the only clean up it is not required to create an AST but at the moment CUPSL does not use the requiresAST query on ICleanUp and therefor creates an unnecessary AST in this corner case.",UI,normal
PDE-41682,PDE,Inconsistent wizard plugin wizard choice possible,"When creating a new plug-in project with the default plug-in structure it is 
possible to check the option Add support for resource bundles and uncheck the 
option Add default instance access. This creates a plugin class with a 
compiler error because the resource access code relies on the default instance 
access method.",UI,low
PDE-304669,PDE,'Export > Deployable Plug-ins > Install into host' fails,"N20100303-2000

I tried to test the changes for bug 269496 so I selected the working set with the 13 changed bundles in the Package Explorer and tried Export > Deployable Plug-ins > Install into host:

org.eclipse.equinox.frameworkadmin
org.eclipse.equinox.frameworkadmin.equinox
org.eclipse.equinox.p2.metadata.generator
org.eclipse.equinox.p2.publisher
org.eclipse.equinox.p2.touchpoint.eclipse
org.eclipse.equinox.simpleconfigurator
org.eclipse.equinox.simpleconfigurator.manipulator
org.eclipse.jdt.junit
org.eclipse.jdt.junit.core
org.eclipse.pde.build
org.eclipse.pde.core
org.eclipse.pde.ui
org.eclipse.pde.ui.tests

=> Failed with an IAE:

Error
Thu Mar 04 14:38:05 CET 2010
An internal error occurred during: Install Job.

java.lang.IllegalArgumentException: No such member: name
at org.eclipse.equinox.internal.p2.metadata.RequiredCapability.getMember(RequiredCapability.java:289)
at org.eclipse.equinox.internal.p2.metadata.expression.Member$DynamicMember.invoke(Member.java:47)
at org.eclipse.equinox.internal.p2.metadata.expression.Member$DynamicMember.evaluate(Member.java:42)
at org.eclipse.equinox.internal.p2.metadata.expression.Equals.evaluate(Equals.java:27)
at org.eclipse.equinox.internal.p2.metadata.expression.And.evaluate(And.java:26)
at org.eclipse.equinox.internal.p2.metadata.expression.Unary.evaluate(Unary.java:42)
at org.eclipse.equinox.internal.p2.metadata.expression.Exists.evaluate(Exists.java:29)
at org.eclipse.equinox.internal.p2.metadata.expression.CollectionFilter.evaluate(CollectionFilter.java:58)
at org.eclipse.equinox.internal.p2.metadata.expression.MatchExpression.evaluate(MatchExpression.java:44)
at org.eclipse.equinox.p2.query.ExpressionMatchQuery.isMatch(ExpressionMatchQuery.java:82)
at org.eclipse.equinox.p2.query.ExpressionMatchQuery.perform(ExpressionMatchQuery.java:69)
at org.eclipse.equinox.p2.query.ExpressionMatchQuery.perform(ExpressionMatchQuery.java:62)
at org.eclipse.equinox.internal.p2.metadata.index.IndexProvider.query(IndexProvider.java:12)
at org.eclipse.equinox.internal.p2.metadata.index.IndexProvider.query(IndexProvider.java:21)
at org.eclipse.pde.internal.ui.build.RuntimeInstallJob.createInstallableUnitPatch(RuntimeInstallJob.java:202)
at org.eclipse.pde.internal.ui.build.RuntimeInstallJob.run(RuntimeInstallJob.java:141)
at org.eclipse.core.internal.jobs.Worker.run(Worker.java:54)


Then I selected the 13 projects and tried exporting again.

=> Also didn't work:

Error
Thu Mar 04 14:39:39 CET 2010
Could not find the exported unit with id: org.eclipse.equinox.frameworkadmin version: 2.0.0.201003041438

I checked the install repository and it contained a org.eclipse.equinox.frameworkadmin_2.0.0.201003041438.jar",UI,high
PAPYRUS-366796,PAPYRUS,[refactor] adapt Papyrus template to generate papyrus Diagram,"Template has been updates by taking account refactoring of package and plugins.
Diagram composite has been regenerated by using Juno.
For the moment the GMF tooling has no change their template",Core,normal
PLATFORM-206002,PLATFORM,add debug example plug-ins to build,"Two new example debug plug-ins need to be added to the build:

   org.eclipse.debug.examples.core
   org.eclipse.debug.examples.ui

The plug-ins have been added to the jdtdebug.map and an initial version has been released.",Releng,normal
PLATFORM-46915,PLATFORM,Javadoc for IPerspectiveListener,"Do not use abbreviations in method summary (
http://java.sun.com/j2se/javadoc/writingdoccomments/index.html#firstsentence ).

http://help.eclipse.org/help20/content/help:/org.eclipse.platform.doc.isv/reference/api/org/eclipse/ui/IPerspectiveListener.html#method_summary",UI,normal
ACCELEO-308970,ACCELEO,Content Assist doesn't work with Eclipse 3.4,"Build Identifier: 

Content Assist doesn't work with Eclipse 3.4

Reproducible: Always",Core,high
Z_ARCHIVED-137757,Z_ARCHIVED,TPTP plugins with wrong provider and plugin names,"Build: Callisto 3.2 M6

The following TPTP plugins have incorrect Provider and/or plugin names:

org.eclipse.tptp.platform.execution
org.eclipse.tptp.platform.agentcontroller
org.eclipse.tptp.platform.collection.framework
org.eclipse.hyades.execution.trace
org.eclipse.hyades.execution.correlation
org.eclipse.hyades.resources.database
org.eclipse.hyades.statistical.ui
org.eclipse.hyades.analyssis.engine (only provider is wrong should be Eclipse.org)
org.eclipse.tptp.test.report.birt.ui (not sure if this is a BIRT or TPTP plugin)",TPTP,normal
PLATFORM-311231,PLATFORM,Warnings printed to console when running AccessibleValueExample,,SWT,normal
PDE-48368,PDE,Importing binary projects doesn't work....,"In I200312091137 I'm having problems importing binary projects.  I check out a
few CVS modules from dev.eclipse.org and then try to import the rest as binary
projects (no linked content).  The projects appear but the JAR files appear as
regular files -- rather than browseable package hierarchies.  All builds fail
complaining of missing files (from many different projects).

I've seen this before in previous versions but this one is consistent.  I've
know tried four or five times to import the binary projects and failed each
time.  In between attempts I delete all binary projects (and their contents on
the file system).

I do not see the problem on my Windows XP machine.

This problem is currently preventing me from getting work done.  A workaround or
a fix would be appreciated.  Thanks.",UI,high
PAPYRUS-447084,PAPYRUS,EMF Facet documentation is missing in the Papyrus delivery,The EMF Facet documentation plugins seem to be missing from the org.eclipse.papyrus.emf.facet.feature,Core,normal
SPHINX-463980,SPHINX,org.eclipse.sphinx.emf.mwe.dynamic.operations.BasicWorkflowRunnerOperation.run(IProgressMonitor) should not be final,"The method above has been changed to final.
final is not a good modifier in frameworks - it makes overriding customizing and checking custom bug fix horribly difficult.

It would be great if you could remove that modifier again.",Core,normal
PLATFORM-47763,PLATFORM,myTable.getVerticalBar().isVisible() returns always true,"When i use mytable.getVerticalBar().isVisible() 
i always true even if the Vertical Scrollbar isn't visible.

The Table is created with the SWT.FULL_SELECTION style and i ask 
for the Table in the ControlListener (controlResized(...) with e.getSource().",SWT,normal
PLATFORM-68545,PLATFORM,Caret blink rate is not native,"I've been a loyal Eclipse user for the past year and I just want to say: I love
you Steve!

However it was with great dismay that I found that SWT is not truly native! 
Shocking you say?  It's true!!!

One of those times when I'd gotten Eclipse into a horrible state (it's all the
fault of GTK+ I know) I had two (or maybe more I wasn't counting too closely)
carets on the screen.  And they were all blinking.  It was kind of cool.  But
then I realized that they were blinking at different speeds.  That's right. 
SWT's caret in StyledText blinks at a NON-NATIVE rate.  Steve how could you?",SWT,normal
JDT-17170,JDT,Quickfix: inconsistent or missing icons in proposal list,"Some of icons used in the Quickfix proposal list are inconsistent
  - some denote the type of change (e.g. rename)
  - some denote the result of a change (e.g. create field)
or just missing:
  - idetical icons for create field create local variable create parameter

I suggest to use the same or similar icons as in refactoring.",UI,normal
PAPYRUS-345876,PAPYRUS,[SysML Block Definition Diagram] User cannot create flowPort. Instead a standard port is created (Random issue),"Build Identifier: 20100617-1415

[BDD] It's a random issue and no sequence have been found to ensure it. But it appear twice. User want create a flow port :
- the graphical display is not show on the diagram
- a port is created in the outline not a flowport
User restart Papyrus and the flowport can be created.

Reproducible: Sometimes

Steps to Reproduce:
1.Create a block
2.Create a flowport
3.Check diagram and outline...",Core,high
JDT-38496,JDT,sort members: should be disabled on types with no members [code manipulation],"20030604
currently what you get is a no-op. not even an info dialog",UI,normal
Z_ARCHIVED-106308,Z_ARCHIVED,Design document for bug 74652,Need to have a design document for bug 74652,TPTP,normal
TIGERSTRIPE-241406,TIGERSTRIPE,Need 'overridePluginSettings' option for generation of referenced projects/modules,"It should be possible to override the plugins defined for a referenced project with those in place for the main project.

Will add an option to the tigerstripe.xml file and support to the generator.

Process will be to clone the main project configs (IPluginConfig) and change the project reference (setProjectHandle) to point to the subProject. These new plugin configs will be used for generating the subprojects.",Core,normal
TMF-253591,TMF,Execution Environment,"+++ This bug was initially created as a clone of Bug #252798 +++

All plug-ins must correctly list their required JVM versions in the manifest.mf. See the wiki page about selecting the correct JVM.",Releng,normal
GMF-TOOLING-154683,GMF-TOOLING,[gmfgraph] Custom border in gmfgraph model produces uncompilable code,"Actually we do not have dispatcher that can process gmfgraph.CustomBorder instance. Thus using of this feature produces code like 
     this.setBodrer() 
that can not be compiled. 

The problem is that we need expression to be generated but general CustomClass support is intended to produces statement (or statement list).

Expected: Generator generates createCustomBorder methods for custom borders with code produced by common CustomClass dispatcher dispatcher for CustomBorders just generate the code like 
     this.setBorder(createCustomBorder)",Core,normal
EGIT-381338,EGIT,IAEs in SWTPlotRenderer.drawLine (due to disposed Color),"EGit 2.0.0.201205312317
Eclipse 3.8 I20120529-2100

Found a few dozens of these in the log. I have the History view linked with selection and was switching editors.

I could not reproduce.

Error
Thu May 31 19:38:18 CEST 2012
Unhandled event loop exception

java.lang.IllegalArgumentException: Argument not valid
	at org.eclipse.swt.SWT.error(SWT.java:4342)
	at org.eclipse.swt.SWT.error(SWT.java:4276)
	at org.eclipse.swt.SWT.error(SWT.java:4247)
	at org.eclipse.swt.graphics.GC.setForeground(GC.java:4427)
	at org.eclipse.egit.ui.internal.history.SWTPlotRenderer.drawLine(SWTPlotRenderer.java:131)
	at org.eclipse.egit.ui.internal.history.SWTPlotRenderer.drawLine(SWTPlotRenderer.java:1)
	at org.eclipse.jgit.revplot.AbstractPlotRenderer.paintCommit(AbstractPlotRenderer.java:134)
	at org.eclipse.egit.ui.internal.history.SWTPlotRenderer.paint(SWTPlotRenderer.java:126)
	at org.eclipse.egit.ui.internal.history.CommitGraphTable.doPaint(CommitGraphTable.java:522)
	at org.eclipse.egit.ui.internal.history.CommitGraphTable$10.handleEvent(CommitGraphTable.java:509)
	at org.eclipse.swt.widgets.EventTable.sendEvent(EventTable.java:84)
	at org.eclipse.swt.widgets.Widget.sendEvent(Widget.java:1053)
	at org.eclipse.swt.widgets.Widget.sendEvent(Widget.java:1077)
	at org.eclipse.swt.widgets.Widget.sendEvent(Widget.java:1062)
	at org.eclipse.swt.widgets.Table.sendPaintItemEvent(Table.java:4054)
	at org.eclipse.swt.widgets.Table.CDDS_SUBITEMPOSTPAINT(Table.java:957)
	at org.eclipse.swt.widgets.Table.wmNotifyChild(Table.java:6861)
	at org.eclipse.swt.widgets.Control.wmNotify(Control.java:5534)
	at org.eclipse.swt.widgets.Composite.wmNotify(Composite.java:1896)
	at org.eclipse.swt.widgets.Control.WM_NOTIFY(Control.java:5086)
	at org.eclipse.swt.widgets.Control.windowProc(Control.java:4584)
	at org.eclipse.swt.widgets.Display.windowProc(Display.java:4989)
	at org.eclipse.swt.internal.win32.OS.$$YJP$$CallWindowProcW(Native Method)
	at org.eclipse.swt.internal.win32.OS.CallWindowProcW(OS.java)
	at org.eclipse.swt.internal.win32.OS.CallWindowProc(OS.java:2440)
	at org.eclipse.swt.widgets.Table.callWindowProc(Table.java:564)
	at org.eclipse.swt.widgets.Table.callWindowProc(Table.java:430)
	at org.eclipse.swt.widgets.Control.windowProc(Control.java:4623)
	at org.eclipse.swt.widgets.Table.windowProc(Table.java:5913)
	at org.eclipse.swt.widgets.Display.windowProc(Display.java:4989)
	at org.eclipse.swt.internal.win32.OS.$$YJP$$DispatchMessageW(Native Method)
	at org.eclipse.swt.internal.win32.OS.DispatchMessageW(OS.java)
	at org.eclipse.swt.internal.win32.OS.DispatchMessage(OS.java:2546)
	at org.eclipse.swt.widgets.Display.readAndDispatch(Display.java:3756)
	at org.eclipse.ui.internal.Workbench.runEventLoop(Workbench.java:2701)
	at org.eclipse.ui.internal.Workbench.runUI(Workbench.java:2665)
	at org.eclipse.ui.internal.Workbench.access$4(Workbench.java:2499)
	at org.eclipse.ui.internal.Workbench$7.run(Workbench.java:679)
	at org.eclipse.core.databinding.observable.Realm.runWithDefault(Realm.java:332)
	at org.eclipse.ui.internal.Workbench.createAndRunWorkbench(Workbench.java:668)
	at org.eclipse.ui.PlatformUI.createAndRunWorkbench(PlatformUI.java:149)
	at org.eclipse.ui.internal.ide.application.IDEApplication.start(IDEApplication.java:124)
	at org.eclipse.equinox.internal.app.EclipseAppHandle.run(EclipseAppHandle.java:196)
	at org.eclipse.core.runtime.internal.adaptor.EclipseAppLauncher.runApplication(EclipseAppLauncher.java:110)
	at org.eclipse.core.runtime.internal.adaptor.EclipseAppLauncher.start(EclipseAppLauncher.java:79)
	at org.eclipse.core.runtime.adaptor.EclipseStarter.run(EclipseStarter.java:353)
	at org.eclipse.core.runtime.adaptor.EclipseStarter.run(EclipseStarter.java:180)
	at sun.reflect.NativeMethodAccessorImpl.invoke0(Native Method)
	at sun.reflect.NativeMethodAccessorImpl.invoke(NativeMethodAccessorImpl.java:88)
	at sun.reflect.DelegatingMethodAccessorImpl.invoke(DelegatingMethodAccessorImpl.java:55)
	at java.lang.reflect.Method.invoke(Method.java:613)
	at org.eclipse.equinox.launcher.Main.invokeFramework(Main.java:629)
	at org.eclipse.equinox.launcher.Main.basicRun(Main.java:584)
	at org.eclipse.equinox.launcher.Main.run(Main.java:1438)
	at org.eclipse.equinox.launcher.Main.main(Main.java:1414)",UI,high
NATTABLE-430681,NATTABLE,SelectionLayerPainter is rendering selection anchor border wrong on single cell updates,With Bug 419600 the CellVisualUpdateEvent was introduced to support rendering of single cell updates. But the SelectionLayerPainter was created to only work correctly in case all cells are rendered. On rendering a single cell that is selected the selection anchor borders are not correctly applied. This is because the check for the cells around can not be performed with the current implementation.,Core,normal
PLATFORM-329058,PLATFORM,BrowserFunction should map java null to JS null not to undefined,,SWT,normal
PLATFORM-490973,PLATFORM,Broken download pages due to missing processing,"The DL page has missng BUILD_ID filled in and no checksums nor filesize

Platform	                      Download	                Size	Checksum
Windows	                eclipse-SDK-${BUILD_ID}-win32.zip
Windows (x86_64)	eclipse-SDK-${BUILD_ID}-win32-x86_64.zip

While fixing some testResults Summary parts of the GenerateIndex ant task I must have removed something that was required.",Releng,high
OCL-320689,OCL,[editor] OclAny not considered for Enum and DataType,"package example : ex = 'ex'
{
	datatype ThirtyCharString : 'java.lang.String'
	{
		invariant MaxLengthConstraint: oclIsUndefined()
	}
}

fails since there is no DataTypeScopeAdapter adding OclAny content.",Core,normal
PAPYRUS-289589,PAPYRUS,[Class Diagram] Not possible to modify Operation's parameter,"User-Agent:       Mozilla/5.0 (Windows U Windows NT 5.1 fr rv:1.9.1.2) Gecko/20090729 Firefox/3.5.2
Build Identifier: Eclipse 3.5.0 Modeling Tools 20090619-0625

Once it is created in an Operation (through Properties View) it is not possible to modify a Parameter (i.e. reopen the parameter's modification dialog only once it has been already created)

The edition window appears it is possible to change the values but the modifications set by user are never applied in Diagram (it even doesn't get dirty).

Reproducible: Always",Core,high
EGIT-438503,EGIT,RevCommit is referenced after hiding blame annotations wasting memory,"Using EGit from master as of today.

1. Open a file in the Java Editor say org.eclipse.egit.ui/src/org/eclipse/egit/ui/internal/UIText.java
2. Show blame annotations
3. Hover on an annotation so that the commit message is shown (pop-up). Close the popup.
4. Hide the blame annotations (Revision > Hide revision information)
5. Run GC.
6. Open Eclipse Memory Analyzer acquire dump.
7. Open Dominator Tree search for .*RevCommit.* You should find a RevCommit being referenced by BlameInformationControl

When working with a bigger repository such as GDB this instance can be > 36MB.

BlameInformationControl is managed by a hover manager and does not get disposed until the editor is closed. I think it's fair to assume that this is by design. However the input of the BlameInformationControl can be nulled out when not visible to save memory. This would be a similar solution to what was done in bug 369350.

I will push a patch to Gerrit to fix this.",UI,normal
JDT-15698,JDT,NPE undo rename resource,"Steps to recreate:  
1. using a web project selected (web content) directory
2. from menu pulldown selected Refactor ->Rename
3. typed in web content2 and rename was successful
4. from menu pulldown selected Undo rename 

Received message internal error in undo manager. 
Log shows: 

java.lang.NullPointerException
	at 
org.eclipse.jdt.internal.ui.refactoring.actions.UndoManagerAction.run(UndoManage
rAction.java:115)
	at 
org.eclipse.ui.internal.PluginAction.runWithEvent(PluginAction.java:202)
	at 
org.eclipse.ui.internal.WWinPluginAction.runWithEvent(WWinPluginAction.java:162)
	at 
org.eclipse.jface.action.ActionContributionItem.handleWidgetSelection(ActionCont
ributionItem.java:407)
	at 
org.eclipse.jface.action.ActionContributionItem.handleWidgetEvent(ActionContribu
tionItem.java:361)
	at 
org.eclipse.jface.action.ActionContributionItem.access$0(ActionContributionItem.
java:352)
	at 
org.eclipse.jface.action.ActionContributionItem$ActionListener.handleEvent(Actio
nContributionItem.java:47)
	at org.eclipse.swt.widgets.EventTable.sendEvent(EventTable.java(Compiled 
Code))
	at org.eclipse.swt.widgets.Widget.notifyListeners(Widget.java:637)
	at 
org.eclipse.swt.widgets.Display.runDeferredEvents(Display.java(Compiled Code))
	at org.eclipse.swt.widgets.Display.readAndDispatch(Display.java(Compiled 
Code))
	at 
org.eclipse.ui.internal.Workbench.runEventLoop(Workbench.java(Compiled Code))
	at org.eclipse.ui.internal.Workbench.run(Workbench.java:848)
	at 
org.eclipse.core.internal.boot.InternalBootLoader.run(InternalBootLoader.java:77
7)
	at org.eclipse.core.boot.BootLoader.run(BootLoader.java:319)
	at java.lang.reflect.Method.invoke(Native Method)
	at org.eclipse.core.launcher.Main.basicRun(Main.java:190)
	at org.eclipse.core.launcher.Main.run(Main.java:549)
	at org.eclipse.core.launcher.Main.main(Main.java:390)",UI,normal
NATTABLE-507134,NATTABLE,NullPointerException in CellDragMode.setCellImage,"The following problem was reported via the automated error reporting:

Message: Unhandled event loop exception
java.lang.NullPointerException: null
    at org.eclipse.nebula.widgets.nattable.ui.action.CellDragMode.setCellImage(CellDragMode.java:76)
    at org.eclipse.nebula.widgets.nattable.ui.action.CellDragMode.mouseDown(CellDragMode.java:40)
    at org.eclipse.papyrus.infra.nattable.reorder.CustomCellDragModeForColumn.mouseDown(CustomCellDragModeForColumn.java:54)
    at org.eclipse.nebula.widgets.nattable.ui.action.AggregateDragMode.mouseDown(AggregateDragMode.java:48)
    at org.eclipse.nebula.widgets.nattable.ui.mode.MouseModeEventHandler.mouseMove(MouseModeEventHandler.java:139)
    at org.eclipse.nebula.widgets.nattable.ui.mode.ModeSupport.mouseMove(ModeSupport.java:120)
    at org.eclipse.swt.widgets.TypedListener.handleEvent(TypedListener.java:213)
    at org.eclipse.swt.widgets.EventTable.sendEvent(EventTable.java:84)



Bundles:
| org.eclipse.papyrus.infra.nattable | 2.0.0.201609141603 | 2.0.0.201609141603 |
| org.eclipse.swt | 3.105.1.v20160907-0248 | 3.105.1.v20160907-0248 |

Operating Systems:
| Windows | 6.1.0 | 6.1.0 |


The above information is a snapshot of the collected data. Visit https://dev.eclipse.org/recommenders/committers/aeri/v2/#!/problems/58109f28e4b0fac9d3bf7141 for the latest data.

Thank you for your assistance.
 Your friendly error-reports-inbox.


Created on behalf of wim.jongman@xxxxxx.xxx",Core,normal
PAPYRUS-296416,PAPYRUS,[outline] Default content outline cause exception,"The default content outline org.eclipse.papyrus.outline.emftree throw an exception because its required ActionBarContributor
is not declared anymore (why ?).
This content outline can be enable by disabling the actual content outline org.eclipse.papyrus.outline.",Core,normal
JDT-159100,JDT,Add Import gives ArrayIndexOutOfBoundsException,"HEAD

1. have JUnit in workspace
2. open TestCase
3. go to run(TestResult result) methid
4. in the body insert Text f above result.run(this)
5. place the caret after Text f
6. Ctrl+Shift+M
==>
!ENTRY org.eclipse.jdt.ui 4 10001 2006-09-28 12:59:28.130
!MESSAGE Internal Error
!STACK 0
java.lang.reflect.InvocationTargetException
	at org.eclipse.jface.operation.ModalContext.runInCurrentThread(ModalContext.java:381)
	at org.eclipse.jface.operation.ModalContext.run(ModalContext.java:313)
	at org.eclipse.jface.window.ApplicationWindow$1.run(ApplicationWindow.java:767)
	at org.eclipse.swt.custom.BusyIndicator.showWhile(BusyIndicator.java:67)
	at org.eclipse.jface.window.ApplicationWindow.run(ApplicationWindow.java:764)
	at org.eclipse.ui.internal.WorkbenchWindow.run(WorkbenchWindow.java:2280)
	at org.eclipse.ui.internal.progress.ProgressManager$5.run(ProgressManager.java:1130)
	at org.eclipse.swt.custom.BusyIndicator.showWhile(BusyIndicator.java:67)
	at org.eclipse.ui.internal.progress.ProgressManager.runInUI(ProgressManager.java:1123)
	at org.eclipse.jdt.internal.ui.javaeditor.AddImportOnSelectionAction.run(AddImportOnSelectionAction.java:136)
	at org.eclipse.jface.action.Action.runWithEvent(Action.java:499)
	at org.eclipse.ui.commands.ActionHandler.execute(ActionHandler.java:185)
	at org.eclipse.ui.internal.handlers.LegacyHandlerWrapper.execute(LegacyHandlerWrapper.java:109)
	at org.eclipse.core.commands.Command.executeWithChecks(Command.java:461)
	at org.eclipse.core.commands.ParameterizedCommand.executeWithChecks(ParameterizedCommand.java:424)
	at org.eclipse.ui.internal.handlers.HandlerService.executeCommand(HandlerService.java:160)
	at org.eclipse.ui.internal.keys.WorkbenchKeyboard.executeCommand(WorkbenchKeyboard.java:465)
	at org.eclipse.ui.internal.keys.WorkbenchKeyboard.press(WorkbenchKeyboard.java:793)
	at org.eclipse.ui.internal.keys.WorkbenchKeyboard.processKeyEvent(WorkbenchKeyboard.java:840)
	at org.eclipse.ui.internal.keys.WorkbenchKeyboard.filterKeySequenceBindings(WorkbenchKeyboard.java:563)
	at org.eclipse.ui.internal.keys.WorkbenchKeyboard.access$3(WorkbenchKeyboard.java:505)
	at org.eclipse.ui.internal.keys.WorkbenchKeyboard$KeyDownFilter.handleEvent(WorkbenchKeyboard.java:122)
	at org.eclipse.swt.widgets.EventTable.sendEvent(EventTable.java:66)
	at org.eclipse.swt.widgets.Display.filterEvent(Display.java:996)
	at org.eclipse.swt.widgets.Widget.sendEvent(Widget.java:927)
	at org.eclipse.swt.widgets.Widget.sendEvent(Widget.java:952)
	at org.eclipse.swt.widgets.Widget.sendEvent(Widget.java:937)
	at org.eclipse.swt.widgets.Widget.sendKeyEvent(Widget.java:965)
	at org.eclipse.swt.widgets.Widget.sendKeyEvent(Widget.java:961)
	at org.eclipse.swt.widgets.Widget.wmChar(Widget.java:1275)
	at org.eclipse.swt.widgets.Control.WM_CHAR(Control.java:3352)
	at org.eclipse.swt.widgets.Control.windowProc(Control.java:3252)
	at org.eclipse.swt.widgets.Display.windowProc(Display.java:4070)
	at org.eclipse.swt.internal.win32.OS.DispatchMessageW(Native Method)
	at org.eclipse.swt.internal.win32.OS.DispatchMessage(OS.java:1977)
	at org.eclipse.swt.widgets.Display.readAndDispatch(Display.java:3018)
	at org.eclipse.ui.internal.Workbench.runEventLoop(Workbench.java:1914)
	at org.eclipse.ui.internal.Workbench.runUI(Workbench.java:1878)
	at org.eclipse.ui.internal.Workbench.createAndRunWorkbench(Workbench.java:419)
	at org.eclipse.ui.PlatformUI.createAndRunWorkbench(PlatformUI.java:149)
	at org.eclipse.ui.internal.ide.IDEApplication.run(IDEApplication.java:95)
	at org.eclipse.core.internal.runtime.PlatformActivator$1.run(PlatformActivator.java:78)
	at org.eclipse.core.runtime.internal.adaptor.EclipseAppLauncher.runApplication(EclipseAppLauncher.java:104)
	at org.eclipse.core.runtime.internal.adaptor.EclipseAppLauncher.start(EclipseAppLauncher.java:74)
	at org.eclipse.core.runtime.adaptor.EclipseStarter.run(EclipseStarter.java:348)
	at org.eclipse.core.runtime.adaptor.EclipseStarter.run(EclipseStarter.java:165)
	at sun.reflect.NativeMethodAccessorImpl.invoke0(Native Method)
	at sun.reflect.NativeMethodAccessorImpl.invoke(NativeMethodAccessorImpl.java:39)
	at sun.reflect.DelegatingMethodAccessorImpl.invoke(DelegatingMethodAccessorImpl.java:25)
	at java.lang.reflect.Method.invoke(Method.java:324)
	at org.eclipse.core.launcher.Main.invokeFramework(Main.java:341)
	at org.eclipse.core.launcher.Main.basicRun(Main.java:285)
	at org.eclipse.core.launcher.Main.run(Main.java:987)
	at org.eclipse.core.launcher.Main.main(Main.java:962)
Caused by: java.lang.ArrayIndexOutOfBoundsException: 0
	at org.eclipse.jdt.internal.core.search.BasicSearchEngine.match(BasicSearchEngine.java:462)
	at org.eclipse.jdt.internal.core.search.BasicSearchEngine.searchAllTypeNames(BasicSearchEngine.java:810)
	at org.eclipse.jdt.core.search.SearchEngine.searchAllTypeNames(SearchEngine.java:603)
	at org.eclipse.jdt.internal.corext.codemanipulation.AddImportsOperation.findAllTypes(AddImportsOperation.java:377)
	at org.eclipse.jdt.internal.corext.codemanipulation.AddImportsOperation.evaluateEdits(AddImportsOperation.java:279)
	at org.eclipse.jdt.internal.corext.codemanipulation.AddImportsOperation.run(AddImportsOperation.java:150)
	at org.eclipse.jdt.internal.core.BatchOperation.executeOperation(BatchOperation.java:39)
	at org.eclipse.jdt.internal.core.JavaModelOperation.run(JavaModelOperation.java:720)
	at org.eclipse.core.internal.resources.Workspace.run(Workspace.java:1737)
	at org.eclipse.jdt.core.JavaCore.run(JavaCore.java:4022)
	at org.eclipse.jdt.internal.ui.actions.WorkbenchRunnableAdapter.run(WorkbenchRunnableAdapter.java:87)
	at org.eclipse.jface.operation.ModalContext.runInCurrentThread(ModalContext.java:369)
	... 53 more
Root exception:
java.lang.ArrayIndexOutOfBoundsException: 0
	at org.eclipse.jdt.internal.core.search.BasicSearchEngine.match(BasicSearchEngine.java:462)
	at org.eclipse.jdt.internal.core.search.BasicSearchEngine.searchAllTypeNames(BasicSearchEngine.java:810)
	at org.eclipse.jdt.core.search.SearchEngine.searchAllTypeNames(SearchEngine.java:603)
	at org.eclipse.jdt.internal.corext.codemanipulation.AddImportsOperation.findAllTypes(AddImportsOperation.java:377)
	at org.eclipse.jdt.internal.corext.codemanipulation.AddImportsOperation.evaluateEdits(AddImportsOperation.java:279)
	at org.eclipse.jdt.internal.corext.codemanipulation.AddImportsOperation.run(AddImportsOperation.java:150)
	at org.eclipse.jdt.internal.core.BatchOperation.executeOperation(BatchOperation.java:39)
	at org.eclipse.jdt.internal.core.JavaModelOperation.run(JavaModelOperation.java:720)
	at org.eclipse.core.internal.resources.Workspace.run(Workspace.java:1737)
	at org.eclipse.jdt.core.JavaCore.run(JavaCore.java:4022)
	at org.eclipse.jdt.internal.ui.actions.WorkbenchRunnableAdapter.run(WorkbenchRunnableAdapter.java:87)
	at org.eclipse.jface.operation.ModalContext.runInCurrentThread(ModalContext.java:369)
	at org.eclipse.jface.operation.ModalContext.run(ModalContext.java:313)
	at org.eclipse.jface.window.ApplicationWindow$1.run(ApplicationWindow.java:767)
	at org.eclipse.swt.custom.BusyIndicator.showWhile(BusyIndicator.java:67)
	at org.eclipse.jface.window.ApplicationWindow.run(ApplicationWindow.java:764)
	at org.eclipse.ui.internal.WorkbenchWindow.run(WorkbenchWindow.java:2280)
	at org.eclipse.ui.internal.progress.ProgressManager$5.run(ProgressManager.java:1130)
	at org.eclipse.swt.custom.BusyIndicator.showWhile(BusyIndicator.java:67)
	at org.eclipse.ui.internal.progress.ProgressManager.runInUI(ProgressManager.java:1123)
	at org.eclipse.jdt.internal.ui.javaeditor.AddImportOnSelectionAction.run(AddImportOnSelectionAction.java:136)
	at org.eclipse.jface.action.Action.runWithEvent(Action.java:499)
	at org.eclipse.ui.commands.ActionHandler.execute(ActionHandler.java:185)
	at org.eclipse.ui.internal.handlers.LegacyHandlerWrapper.execute(LegacyHandlerWrapper.java:109)
	at org.eclipse.core.commands.Command.executeWithChecks(Command.java:461)
	at org.eclipse.core.commands.ParameterizedCommand.executeWithChecks(ParameterizedCommand.java:424)
	at org.eclipse.ui.internal.handlers.HandlerService.executeCommand(HandlerService.java:160)
	at org.eclipse.ui.internal.keys.WorkbenchKeyboard.executeCommand(WorkbenchKeyboard.java:465)
	at org.eclipse.ui.internal.keys.WorkbenchKeyboard.press(WorkbenchKeyboard.java:793)
	at org.eclipse.ui.internal.keys.WorkbenchKeyboard.processKeyEvent(WorkbenchKeyboard.java:840)
	at org.eclipse.ui.internal.keys.WorkbenchKeyboard.filterKeySequenceBindings(WorkbenchKeyboard.java:563)
	at org.eclipse.ui.internal.keys.WorkbenchKeyboard.access$3(WorkbenchKeyboard.java:505)
	at org.eclipse.ui.internal.keys.WorkbenchKeyboard$KeyDownFilter.handleEvent(WorkbenchKeyboard.java:122)
	at org.eclipse.swt.widgets.EventTable.sendEvent(EventTable.java:66)
	at org.eclipse.swt.widgets.Display.filterEvent(Display.java:996)
	at org.eclipse.swt.widgets.Widget.sendEvent(Widget.java:927)
	at org.eclipse.swt.widgets.Widget.sendEvent(Widget.java:952)
	at org.eclipse.swt.widgets.Widget.sendEvent(Widget.java:937)
	at org.eclipse.swt.widgets.Widget.sendKeyEvent(Widget.java:965)
	at org.eclipse.swt.widgets.Widget.sendKeyEvent(Widget.java:961)
	at org.eclipse.swt.widgets.Widget.wmChar(Widget.java:1275)
	at org.eclipse.swt.widgets.Control.WM_CHAR(Control.java:3352)
	at org.eclipse.swt.widgets.Control.windowProc(Control.java:3252)
	at org.eclipse.swt.widgets.Display.windowProc(Display.java:4070)
	at org.eclipse.swt.internal.win32.OS.DispatchMessageW(Native Method)
	at org.eclipse.swt.internal.win32.OS.DispatchMessage(OS.java:1977)
	at org.eclipse.swt.widgets.Display.readAndDispatch(Display.java:3018)
	at org.eclipse.ui.internal.Workbench.runEventLoop(Workbench.java:1914)
	at org.eclipse.ui.internal.Workbench.runUI(Workbench.java:1878)
	at org.eclipse.ui.internal.Workbench.createAndRunWorkbench(Workbench.java:419)
	at org.eclipse.ui.PlatformUI.createAndRunWorkbench(PlatformUI.java:149)
	at org.eclipse.ui.internal.ide.IDEApplication.run(IDEApplication.java:95)
	at org.eclipse.core.internal.runtime.PlatformActivator$1.run(PlatformActivator.java:78)
	at org.eclipse.core.runtime.internal.adaptor.EclipseAppLauncher.runApplication(EclipseAppLauncher.java:104)
	at org.eclipse.core.runtime.internal.adaptor.EclipseAppLauncher.start(EclipseAppLauncher.java:74)
	at org.eclipse.core.runtime.adaptor.EclipseStarter.run(EclipseStarter.java:348)
	at org.eclipse.core.runtime.adaptor.EclipseStarter.run(EclipseStarter.java:165)
	at sun.reflect.NativeMethodAccessorImpl.invoke0(Native Method)
	at sun.reflect.NativeMethodAccessorImpl.invoke(NativeMethodAccessorImpl.java:39)
	at sun.reflect.DelegatingMethodAccessorImpl.invoke(DelegatingMethodAccessorImpl.java:25)
	at java.lang.reflect.Method.invoke(Method.java:324)
	at org.eclipse.core.launcher.Main.invokeFramework(Main.java:341)
	at org.eclipse.core.launcher.Main.basicRun(Main.java:285)
	at org.eclipse.core.launcher.Main.run(Main.java:987)
	at org.eclipse.core.launcher.Main.main(Main.java:962)",UI,normal
JDT-69689,JDT,pull up field placement [refactoring],"I did a pull up of a private field and it added at the very end of the class 
after all the methods.  It should place it just like quickfix does when a field 
is created (at the top)",UI,normal
JDT-430286,JDT,[1.8][render] Rendering of Lambda types use #isLambda() APIs,Adapt to APIs from bug 430195.,UI,normal
EMF.DIFFMERGE-424355,EMF.DIFFMERGE,Provide GUI facilities for configuring comparison method,Comparison methods can be contributed via an extension point i.e. programmatically. Providing a default comparison method which is configurable to a certain extent via the GUI would be most helpful. Typically there are some behaviors in matching and differencing rules for which a few main alternatives exist: those are candidates for direct GUI support.,UI,normal
OCL-297925,OCL,[tests] Switch to JUnit4,"Helios M4 requires changes to JUnit plugin ranges.

http://wiki.eclipse.org/Eclipse/Testing/JUnit4_Changes recommends [4.7.0) which won't work on Galileo.

Try [4.5.0 5.0.0) first.",Core,normal
PLATFORM-83546,PLATFORM,Printing doesn't seem to work anymore in latest integration build,"In I20050118-1015 I cannot print a document (text file) from Eclipse.
I need to copy the contents open a text editor paste the contents into the
text editor and then print it.
Then it works fine.",SWT,high
Z_ARCHIVED-213219,Z_ARCHIVED,TPTP test results are not reported correctly.,"TPTP test results are not reported correctly.

There are some cases (e.g.
Platform.Communication.New_Agent_Controller_Application_Console.Windows_IAEM64T
in http://www.eclipse.org/tptp/test/reports/4.5_i4_TP1/index.html) that the
same test execution result appears more than one in the TPTP Test Report
therefore corrupting the test pass results.  This is caused by the execution
result referencing more than one test suite with the same ID.  This is the
result of creating test suites by copying a *.testsuite file which does not
update the ID of the copied test suite (see
https://bugs.eclipse.org/bugs/show_bug.cgi?id=166025).

To resolve this problem the below files require following updates by the
Project Leads (or their delegates):

1) For each pair of test suites determine which test suite was copied.
2) Create a new test suite to replace the copied test suite including the same
test cases and test behavior.
3) Delete the copied test suite.
4) Update the test suite(s) (e.g. AllTests.test suite) referencing the
deleted/copied test suite by removing and re-adding the test invocation of the
deleted/copied test suite.
5) Regenerate the execution results for the deleted/copied test suite for the
current test pass (e.g. 4.5 I4 TP1 or TP2).

Platform:

org.eclipse.hyades.probekit.tests\test-resources\AllTests.testsuite and
org.eclipse.hyades.probekit.tests\test-resources\AllSmokeTests.testsuite

org.eclipse.hyades.probekit.tests\test-resources\Platform.Execution.Probekit.LaunchTypes.testsuite
and
org.eclipse.hyades.probekit.tests\test-resources\Platform.Execution.Probekit.LaunchTypes.JVMPI.testsuite

org.eclipse.hyades.use.cases\gui\AllTests.testsuite and
org.eclipse.hyades.use.cases\gui\AllSmokeTests.testsuite

org.eclipse.hyades.use.cases\gui\Profiling_and_Logging\Report\Platform.UI.Report.testsuite
and
org.eclipse.hyades.use.cases\gui\Profiling_and_Logging\Report\Platform.UI.Log.Report.testsuite

org.eclipse.hyades.use.cases\manual\AllTests.testsuite and
org.eclipse.hyades.use.cases\manual\AllSmokeTests.testsuite

org.eclipse.hyades.use.cases\manual\Profiling_and_Logging\Platform.Communication.New_Agent_Controller_Application_Console.Linux_IA64.testsuite
and
org.eclipse.hyades.use.cases\manual\Profiling_and_Logging\Platform.Communication.New_Agent_Controller_Application_Console.Linux_IA32.testsuite

org.eclipse.hyades.use.cases\manual\Profiling_and_Logging\Platform.Communication.New_Agent_Controller_Application_Console.Linux_IAEM64T.testsuite
and
org.eclipse.hyades.use.cases\manual\Profiling_and_Logging\Platform.Communication.New_Agent_Controller_Application_Console.Linux_IA32.testsuite

org.eclipse.hyades.use.cases\manual\Profiling_and_Logging\Platform.Communication.New_Agent_Controller_Application_Console.Windows_IA64.testsuite
and
org.eclipse.hyades.use.cases\manual\Profiling_and_Logging\Platform.Communication.New_Agent_Controller_Application_Console.Windows_IA32.testsuite

org.eclipse.hyades.use.cases\manual\Profiling_and_Logging\Platform.Communication.New_Agent_Controller_Application_Console.Windows_IAEM64T.testsuite
and
org.eclipse.hyades.use.cases\manual\Profiling_and_Logging\Platform.Communication.New_Agent_Controller_Application_Console.Windows_IA32.testsuite

org.eclipse.hyades.use.cases\manual\Profiling_and_Logging\Platform.Communication.New_Agent_Controller_Basic.Linux_IA64.testsuite
and
org.eclipse.hyades.use.cases\manual\Profiling_and_Logging\Platform.Communication.New_Agent_Controller_Basic.Linux_IA32.testsuite

org.eclipse.hyades.use.cases\manual\Profiling_and_Logging\Platform.Communication.New_Agent_Controller_Basic.Linux_IAEM64T.testsuite
and
org.eclipse.hyades.use.cases\manual\Profiling_and_Logging\Platform.Communication.New_Agent_Controller_Basic.Linux_IA32.testsuite

org.eclipse.hyades.use.cases\manual\Profiling_and_Logging\Platform.Communication.New_Agent_Controller_Basic.Windows_IA64.testsuite
and
org.eclipse.hyades.use.cases\manual\Profiling_and_Logging\Platform.Communication.New_Agent_Controller_Basic.Windows_IA32.testsuite

org.eclipse.hyades.use.cases\manual\Profiling_and_Logging\Platform.Communication.New_Agent_Controller_Basic.Windows_IAEM64T.testsuite
and
org.eclipse.hyades.use.cases\manual\Profiling_and_Logging\Platform.Communication.New_Agent_Controller_Basic.Windows_IA32.testsuite

org.eclipse.hyades.use.cases\manual\Profiling_and_Logging\Platform.Communication.New_Agent_Controller_File_Transfer.Linux_IA64.testsuite
and
org.eclipse.hyades.use.cases\manual\Profiling_and_Logging\Platform.Communication.New_Agent_Controller_File_Transfer.Linux_IA32.testsuite

org.eclipse.hyades.use.cases\manual\Profiling_and_Logging\Platform.Communication.New_Agent_Controller_File_Transfer.Linux_IAEM64T.testsuite
and
org.eclipse.hyades.use.cases\manual\Profiling_and_Logging\Platform.Communication.New_Agent_Controller_File_Transfer.Linux_IA32.testsuite

org.eclipse.hyades.use.cases\manual\Profiling_and_Logging\Platform.Communication.New_Agent_Controller_File_Transfer.Windows_IA64.testsuite
and
org.eclipse.hyades.use.cases\manual\Profiling_and_Logging\Platform.Communication.New_Agent_Controller_File_Transfer.Windows_IA32.testsuite

org.eclipse.hyades.use.cases\manual\Profiling_and_Logging\Platform.Communication.New_Agent_Controller_File_Transfer.Windows_IAEM64T.testsuite
and
org.eclipse.hyades.use.cases\manual\Profiling_and_Logging\Platform.Communication.New_Agent_Controller_File_Transfer.Windows_IA32.testsuite

org.eclipse.hyades.use.cases\manual\Profiling_and_Logging\Platform.UI.LogSets.testsuite
and
org.eclipse.hyades.use.cases\manual\Profiling_and_Logging\Platform.UI.ImportMultiLogFiles.testsuite

org.eclipse.tptp.platform.common.ui.tests\junit\LocationValidatorTest.testsuite
and
org.eclipse.hyades.test.java.tests\junit\Test.JUnit.JUnitTestGeneration.testsuite",TPTP,high
JDT-8205,JDT,Missing mnemonic: Outline View->Open Super Implementation,"Select a method in the outline view. Open Super Implementation on the popup
menu is missing a mnemonic.",UI,normal
JDT-29889,JDT,Typecomment template ignores variables in Javadoc [code manipulation],"I have the following specified in my typecomment:

/**
 * This represents an instance of ${enclosing_type}.
 */

Unfortunately the $ and the braces are thrown out and I'm left with:

/**
 * This represents an instance of enclosing_type.
 */

Where I really wanted the type name substituted in the comment.",UI,normal
EASE-453347,EASE,NPE when hovering over run dialog,"I’ve run into a problem which i think is related to EASE whenever I hover over the controls to run/debug programs I get the following error:

!ENTRY org.eclipse.core.jobs 4 2 2014-11-25 21:16:38.782
!MESSAGE An internal error occurred during: Compute launch button tooltip.
!STACK 0
java.lang.NullPointerException
        at org.eclipse.ease.ui.propertytester.EngineTester.test(EngineTester.java:40)
        at org.eclipse.core.internal.expressions.Property.test(Property.java:58)
        at org.eclipse.core.internal.expressions.TestExpression.evaluate(TestExpression.java:99)
        at org.eclipse.core.internal.expressions.CompositeExpression.evaluateAnd(CompositeExpression.java:53)
        at org.eclipse.core.internal.expressions.WithExpression.evaluate(WithExpression.java:72)
        at org.eclipse.core.internal.expressions.CompositeExpression.evaluateAnd(CompositeExpression.java:53)
        at org.eclipse.core.internal.expressions.EnablementExpression.evaluate(EnablementExpression.java:53)
        at org.eclipse.debug.internal.ui.launchConfigurations.LaunchShortcutExtension.evalEnablementExpression(LaunchShortcutExtension.java:281)
        at org.eclipse.debug.internal.ui.contextlaunching.LaunchingResourceManager.getShortcutsForSelection(LaunchingResourceManager.java:455)
        at org.eclipse.debug.internal.ui.contextlaunching.LaunchingResourceManager.computeLabels(LaunchingResourceManager.java:240)
        at org.eclipse.debug.internal.ui.contextlaunching.LaunchingResourceManager$1$1.run(LaunchingResourceManager.java:142)
        at org.eclipse.core.internal.jobs.Worker.run(Worker.java:54)

Eclipse information:

Version: Luna Service Release 1 (4.4.1)
Build id: 20140925-1800

I’m running this on Mac OS X 10.10",UI,high
JDT-11808,JDT,NPE in JUnit Wizard,"1) NullPointerException

steps:
  a) launch wizard
  b) for 'Test class' Browse and selecte a class that is not visible ex. A 
private inner class say JavaUIHelpListener which is a private inner class if 
JavaUIHelp (org.eclipse.jdt.internal.ui.viewsupport).
 c) a warning is set saying the class in not visible but the next button is 
enabled. Click Next.

A NullpointerException is thrown with the stack trace:

Log: Wed Mar 20 11:40:14 GMT+01:00 2002
1 org.eclipse.core.resources 4 Unhandled exception caught in event loop.
Log: Wed Mar 20 11:40:14 GMT+01:00 2002
4 org.eclipse.ui 0 java.lang.NullPointerException
java.lang.NullPointerException
	at 
org.eclipse.jdt.junit.wizards.NewTestCaseCreationWizardPage2.setVisible
(NewTestCaseCreationWizardPage2.java:181)
	at org.eclipse.jface.wizard.WizardDialog.showPage(WizardDialog.java:881)
	at org.eclipse.jface.wizard.WizardDialog.nextPressed
(WizardDialog.java:646)
	at org.eclipse.jface.wizard.WizardDialog.buttonPressed
(WizardDialog.java:307)
	at org.eclipse.jface.dialogs.Dialog$1.widgetSelected(Dialog.java:363)
	at org.eclipse.swt.widgets.TypedListener.handleEvent(TypedListener.java
(Compiled Code))
	at org.eclipse.swt.widgets.EventTable.sendEvent(EventTable.java
(Compiled Code))
	at org.eclipse.swt.widgets.Widget.notifyListeners(Widget.java(Compiled 
Code))
	at org.eclipse.swt.widgets.Display.runDeferredEvents(Display.java
(Compiled Code))
	at org.eclipse.swt.widgets.Display.readAndDispatch(Display.java
(Compiled Code))
	at org.eclipse.jface.window.Window.runEventLoop(Window.java(Compiled 
Code))
	at org.eclipse.jface.window.Window.open(Window.java:525)
	at org.eclipse.ui.actions.NewWizardAction.run(NewWizardAction.java:74)
	at org.eclipse.jface.action.Action.runWithEvent(Action.java:473)
	at org.eclipse.jface.action.ActionContributionItem.handleWidgetSelection
(ActionContributionItem.java:407)
	at org.eclipse.jface.action.ActionContributionItem.handleWidgetEvent
(ActionContributionItem.java:361)
	at org.eclipse.jface.action.ActionContributionItem.access$0
(ActionContributionItem.java:352)
	at 
org.eclipse.jface.action.ActionContributionItem$ActionListener.handleEvent
(ActionContributionItem.java:47)
	at org.eclipse.swt.widgets.EventTable.sendEvent(EventTable.java
(Compiled Code))
	at org.eclipse.swt.widgets.Widget.notifyListeners(Widget.java(Compiled 
Code))
	at org.eclipse.swt.widgets.Display.runDeferredEvents(Display.java
(Compiled Code))
	at org.eclipse.swt.widgets.Display.readAndDispatch(Display.java
(Compiled Code))
	at org.eclipse.ui.internal.Workbench.runEventLoop(Workbench.java
(Compiled Code))
	at org.eclipse.ui.internal.Workbench.run(Workbench.java:698)
	at org.eclipse.core.internal.boot.InternalBootLoader.run
(InternalBootLoader.java:777)
	at org.eclipse.core.boot.BootLoader.run(BootLoader.java:319)
	at java.lang.reflect.Method.invoke(Native Method)
	at org.eclipse.core.launcher.Main.basicRun(Main.java:196)
	at org.eclipse.core.launcher.Main.run(Main.java:555)
	at org.eclipse.core.launcher.Main.main(Main.java:396)

Note: you can still Press finish and the wizard creates the TestCase correctly.


2) Falls in the catagory of interesting behaviour.

  a)create a test suite
  b)add a test case to the suit that is outside the package
    -this compiles/ should be fine
  c)create a test suit with the same suit name so that the update action will 
happen note that in the list of test cases only those inside the package are 
listed (this is okay).
  d) select all the test cases that you already had and update the suite 
     notice that the test case outside the package was erased. There was no way 
I could have avoided that.
Note: This is not that bad as it is probably rare that you would include a test 
case outside your current package maybe an extra warning about this should be 
posted though.",UI,normal
GRAPHITI-500851,GRAPHITI,Probable NullPointerException in DiagramBehavior.disposeAfterGefDispose,,Core,normal
PLATFORM-5615,PLATFORM,StyledText - window start does not always work,"build 20011105

The window start navigation action (ctrl+page up) should move the caret to the 
top left caret position.
It does not do so when the caret already is on the top line. In this case the 
caret should be moved to the line start.",SWT,normal
Z_ARCHIVED-224449,Z_ARCHIVED,Predefined filters are gone if refreshing from local in the profiling navigator,"Launch an application in profiling mode or import a trace file so that a profiling agent is created in the profiling navigator.
Save the agent.
Richt click choose Refresh and then Refresh from file system. Open one of the profiling statistical views let's say memory statistics. 
The default filters are gone for this session. 
The same happens for the log view when refreshing from local from the log navigator the actions being actually shared.",TPTP,high
GMF-TOOLING-188383,GMF-TOOLING,Convert ValidationDecoratorProvider.javajet to xpand,It would be very nice to have a xpt-template for the ValidationDecoratorProvider. So we (openArchitectureWare) could better integrate with GMF. The most interesting  method for us is private static void validate(DiagramEditPart diagramEditPart View target) It would be nice to get a hook after IStatus status = validator.validate(target.getElement()) and before the errors are reported.,Core,normal
Z_ARCHIVED-112626,Z_ARCHIVED,Conflict between workspace and platform plugins,"Say I have defined a plugin org.eclipse.jc.tests to contain my JUnit plugin tests.
This plugin depends on org.eclipse.jc.app and this plugin exists both in my
workspace (as a plugin project) and in the platform that I am using to run my tests.
If the plugin org.eclipse.jc.app is checked in the workbench location that I am
using or if I have selected Launch with all enabled plugins in this location
the execution fails with this error:
Bundle org.eclipse.jc.app version 1.0.0 has already been installed from...

This occurs because the tool attempts to deploy the workspace plugin
org.eclipse.jc.app to the remote platform even if such a plugin already
exists and is enabled on the target platform.
The workspace plugins required by the test plugin should be deployed only if
they do not exist or if they are not enabled on the target platform.",TPTP,normal
AJDT-135054,AJDT,Update AspectJ AspectJ runtime and AspectJWeaver plugin,"Now that AJDT is using AspectJ 1.5.1 the plugins bundled with it should be changed to 1.5.1 from 1.5.0.

(I noticed this while verifying the setup before filing the just-submited crash. The first thought was oh... I am using older AspectJ 1.5.0 but then the timestamp on the plugin helped to understand that the setup is fine).",UI,low
JDT-32084,JDT,cant open project in java browsing perspective.,"in M5 the Projects window of the java browsing perspective the Project -> 
Open Project menu item wont activate.  If I close all projects I cant open 
them up again.  

I have to go to the resource perspective or the java perspective to open 
projects.",UI,normal
RTSC-400625,RTSC,calling Context.javaToJS with scope set to null causes a NullPointerException,"In xdc.services.intern.xsr.Invoke we have code that processes additional parameters passed to a function that allows a variable number of parameters. When processing these params we call javaToJS with scope set to 'null' and if any of these parameters is not a primitive type a NullPointerException occurs.

We were getting away with this until now because we don't have many such functions and additional params were always of primitive types. But with new ConsString this bug got exposed.",Core,high
PDE-205298,PDE,Remove perspective extensions from log view,"org.eclipse.ui.perspectiveExtensions should be implemented by consumers of the log view not the log view itself. Will file bug against offenders

org.eclipse.ui.resourcePerspective (Platform UI)
org.eclipse.jdt.ui.JavaPerspective (JDT)
org.eclipse.debug.ui.DebugPerspective (Debug)
org.eclipse.jdt.ui.JavaBrowsingPerspective (JDT)",UI,normal
AJDT-166210,AJDT,Duplicate .aj files in Project Explorer,"There is a new view called the Project Explorer (Show View > Other > General)
which is essentially a more extensible version of the JDT Package Explorer.
This means that the AJDT contributions to the Project Explorer need to look and behave the same as they do in the Project Explorer. This appears to already be the case in most ways with the exception of filters. The filters contributed by AJDT are not appearing in the Project Explorer. These allow elements such as advice and pointcuts to be filtered out and more importantly there is a filter enabled by default which removes the non-AJCompilationUnit version of .aj files. This therefore results in .aj files appearing twice in the Project Explorer.

Of possible relevance here is this bug which has been fixed:
https://bugs.eclipse.org/bugs/show_bug.cgi?id=126508
(I believe the new view is also known as the Common Navigator)",UI,normal
OCL-407517,OCL,[evaluator] Make the Pivot Tracing Evaluator more extensible,"The TracingEvaluationVisitor is unfriendly but not impossible to extend for derived classes.

If the EvaluationVisitor is a template parameter derivation would be much easier.",Core,normal
PLATFORM-50033,PLATFORM,[Contributions] Context change notifications not sent,"Build 20031113

It seems that the various context listener API (of which there are a confusing 
number) don't send notifications when contexts are activated.

When my real implementation of a listener wasn't getting called I tried the 
following code. The listener in this example is never called.

		org.eclipse.ui.contexts.IMutableContextManager manager= org.eclipse.ui.
contexts.ContextManagerFactory.getMutableContextManager()
		org.eclipse.ui.contexts.IContext context= manager.getContext(org.
eclipse.jdt.debug.debugging)
		context.addContextListener(new org.eclipse.ui.contexts.
IContextListener() {
			public void contextChanged(org.eclipse.ui.contexts.ContextEvent 
contextEvent) {
				System.out.println(Context changed)
			}
		})
		java.util.HashSet set= new java.util.HashSet()
		set.add(org.eclipse.jdt.debug.debugging)
		manager.setEnabledContextIds(set)",UI,high
PAPYRUS-487480,PAPYRUS,runtimevalueseditionadviceconfiguration,"As of git commit fc691bb69c710107b43fbfb12abcc0914b857837

Papyrus now has a package name segment runtimevalueseditionadviceconfiguration in a plug-in with a segment elementtypesconfigurations which results in qualified package names like

    org.eclipse.papyrus.infra.elementtypesconfigurations.emf.ui.runtimevalueseditionadviceconfiguration

Names like this are just egregious regardless of whether this is public API or not.  It makes package explorers and editors hard to read and use.

Please can we get these package names under control?  How about:

    org.eclipse.papyrus.infra.emf.types.ui

for a plug-in name and

    org.eclipse.papyrus.infra.emf.types.ui.advice.values

or something else more succinct for a package name?

Also as long as the official standard language for the project is English we should be careful not to misuse the word edition in API names.  It does not have the same meaning as the French word that looks the same.",Core,normal
PDE-17882,PDE,F1 build E4.3 Preview view tends to switch to Welcome to Eclipse Update,"F1 build E4.3
Bring pop-up menu select preview. Preview shows page for Sample Product
Switch PDE editor to Information page.  Preview view switches to 
display Welcome to Eclipse Update page
Swithch back to Overview page in PDE editor.  One of the urls is still selected 
in the Feature URLs box.  The Preview still displays Welcome to Eclipse Update 
page page!!!

If I press back button and then forward buttons on the Preview view toolbar
it will display Sample Product!!!",UI,normal
PLATFORM-34648,PLATFORM,[DND] file deleted when dropped in editor on Solaris,"When a file is dragged from the Navigator view and dropped in an editor on
Solaris it is first deleted from the workspace then the workbench attempts to
open the file withing an editor. This attempt is unsuccessful since the file has
been deleted.",SWT,high
PAPYRUS-459480,PAPYRUS,[AFViewpoints] Extract all custom code from generated java class,"There is some custom code in the generated classes in project related to viewpoint
(oep.infra.viewpoint.*)

the last re-generation erased one of the custom code
=> this leads to a NullPointer and broke the new configuration wizard

To improve the stability of the code there is a strong need to identify and extract all specific code from the generated files

The goal of this task is to : 
  - remove all custom from the generated classes 
  - move the generated classes to src-gen",Core,normal
PLATFORM-127839,PLATFORM,many ControlExample example widgets never lose their background,"Feb. 14th 8:00am build

- run the ControlExample go to one of the tabs listed below:
  -> Button
  -> Combo
  -> Group
  -> Label
  -> Link
  -> Slider/Scale
  -> TabFolder
- check the Background Image checkbox to set the backgrounds on the page's example widgets accordingly
- now uncheck the Background Image checkbox and note that the backgrounds on the page's example widgets do not revert to solids",SWT,normal
PLATFORM-462395,PLATFORM,Still signs that Tycho is trying to be patched even in I20150316-2000,"See 
http://download.eclipse.org/eclipse/downloads/drops4/I20150316-2000/buildlogs/tycho23.log.txt

There was/is supposed to be a flag to skip (or not) this patching. 

But must have a typo or something. 

I think at this point I should remove any code associated with patching Tycho ... just to be positive we are not rebulding it!",Releng,normal
PLATFORM-90282,PLATFORM,SWT.RIGHT not working on Text control on Mac OS X,"On Mac OS X 10.3 it is not possible to have right aligned text within a Text
control (AKA text field). This works on Windows XP and Linux GTK however I
don't know anything about Carbon so this might just be unsupported.

Here's a small snippet showing the problem:

public static void main(String[] args) {
    Display display = new Display()
    Shell shell = new Shell(display)
    Text text = new Text(shell SWT.SINGLE | SWT.BORDER | SWT.RIGHT)
    text.setBounds(10 10 200 25)
    text.setText(right aligned?)

    shell.setBounds(50 50 230 100)
    shell.open()
    while (!shell.isDisposed()) {
        if (!display.readAndDispatch())
            display.sleep()
    }
    display.dispose()
}

I'm sorry if this is a dup couldn't find a bug. Tested with Eclipse 3.1M6.",SWT,normal
PLATFORM-486064,PLATFORM,[GTK3.20] GTK style context warning spam in console,"Running any Eclipse/SWT app under Wayland seems to result in numerous warnings about GtkStyleContext for GtkWindow:

(SWT:4764): Gtk-WARNING **: State 0 for GtkWindow 0x7fa488568330 doesn't match state 128 set via gtk_style_context_set_state ()

(SWT:4764): Gtk-WARNING **: State 0 for GtkWindow 0x7fa488568330 doesn't match state 128 set via gtk_style_context_set_state ()

(SWT:4764): Gtk-WARNING **: State 4 for GtkWindow 0x7fa488568330 doesn't match state 128 set via gtk_style_context_set_state ()

(SWT:4764): Gtk-WARNING **: State 1 for GtkWindow 0x7fa488568330 doesn't match state 128 set via gtk_style_context_set_state ()

(SWT:4764): Gtk-WARNING **: State 4 for GtkWindow 0x7fa488568330 doesn't match state 128 set via gtk_style_context_set_state ()

(SWT:4764): Gtk-WARNING **: State 8 for GtkWindow 0x7fa488568330 doesn't match state 128 set via gtk_style_context_set_state ()

This is reproducible on GTK3.19.5 (dev branch) which means it will probably happen on GTK3.20.",SWT,normal
SIRIUS-454887,SIRIUS,SessionEditorInput is not disposed at table (or tree) editor closing,"The SessionEditorInput is disposed at diagram closing [1]. But this is not done for tree or table.

This can cause leak from INavigationHistory and EditorHistory that retain the IEditorInput.

[1] http://git.eclipse.org/c/sirius/org.eclipse.sirius.git/tree/plugins/org.eclipse.sirius.diagram.ui/src-diag/org/eclipse/sirius/diagram/ui/tools/internal/editor/DDiagramEditorImpl.java#n723",Core,normal
JDT-512275,JDT,[9] Incorrect source opened for module-info of a System module,"Steps:

1. Create a new Java 9 project and add the latest JRE to the build path.
2. Ensure the source path is correctly to the src.zip
3. From the package explorer open any modules the default package and the module-info.class.

Note the source opened will be from module jdk.vm.ci regardless of the module you open. Although the when you open another editor and come back the correct element is selected on the package explorer.",Core,normal
ACCELEO-329447,ACCELEO,[result view] deactivate right click,"Hi

the right click is available in the result view guess you use the Common navigator framework for this.. 

is it possible to deactivate this because it can cause troubles ?",Core,normal
EGIT-475836,EGIT,Consider inital selection in Git Reflog view,Similar to Bug 473950.,UI,normal
PLATFORM-9366,PLATFORM,Workbench appears with 1st toolbar item showing hover-over behaviour,"XP 20020205

Start Eclipse workbench.
(Optionally after launching Eclipse give focus to another window before the 
workbench appears).
Workbench appears.
1st toolbar item (Open the New Wizard) appears as if the cursor is hovering 
over it: the color icon appears the entire area is highlighted and hoverhelp 
appears for this item. This is despite the fact that the cursor is nowhere 
near that area. (If you did the optional step above then the hoverhelp Open 
the New Wizard appears at the forefront over top of any other non-eclipse 
windows you have since activated and will not go away until you give the 
workbench focus).

If you want to see this come see me.",SWT,normal
PLATFORM-92868,PLATFORM,[Forms] ambiguous spec on IManagedForm,"3.1 HEAD

 * Although many Eclipse Forms classes expect IManagedForm interface
 * implementing it is not required. Instead ManagedForm should
 * either be used as-is or subclassed.
 * @see ManagedForm
 * @since 3.0
 */
public interface IManagedForm {

- it's unclear from this spec whether clients are allowed to implement 
IManagedForm if they so choose. I believe the intent was that they must use 
ManagedForm instead. The spec need to be clear on this. Use standard 
boilerplate.

(initialize() was added in 3.1 cycle and would be a breaking change if this 
were not the case.",UI,normal
PLATFORM-17813,PLATFORM,Export Select Types does not filter but uses entire workbench,"The select types function in Export currently doies not filter on the current
selection but rather selects all files of the filtered type.

STEPS
1) Create 2 Java Projects with classes
2) Select one of them
3) Select export - the selected one is selected
4) Filter on.java - java files in both are selected",UI,normal
SPHINX-380142,SPHINX,Using Graphiti inside Sphinx: could not load Graphiti target metamodel descriptor,"Could not load Graphiti target metamodel descriptor. This is because Sphinx could not match appropriately the target namespace of Graphiti resource with OMG XMI namespace. As a consequence change line 13 

in : /org.eclipse.sphinx.emf/src/org/eclipse/sphinx/emf/metamodel/MetaModelDescriptorRegistry.java

from: 

private static final Pattern OMG_XMI_NAMESPACE_PATTERN = Pattern.compile(http://schema\\.omg\\.org/spec/XMI/.*) //$NON-NLS-1$

to:

private static final Pattern OMG_XMI_NAMESPACE_PATTERN = Pattern.compile(http://(schema|www)\\.omg\\.org(/spec)?/XMI.*) //$NON-NLS-1$",Core,normal
PLATFORM-383842,PLATFORM,Omit use of gdk_drawable_get_size() deprecated method in GC,"Build Identifier: R3_7_1

This patch implements use of gdk_pixmap_get_size() to determine pixmap size gdk_window_get_width() and gdk_window_get_height() to determine size of drawable object in GC class:

http://fedorapeople.org/gitweb?p=aspektor/public_git/eclipse.platform.swt.gita=commith=404d7584bf23411fc0782011ff293819d49ee74e

Reproducible: Always",SWT,normal
JDT-85808,JDT,new compiler options,"IProblem.TypeParameterHidingType 
* COMPILER / Reporting Type Parameter Declaration Hiding another Type
*    When enabled the compiler will issue an error or a warning whenever a type
parameter
*    declaration is hiding some type.
*     - option id:        
org.eclipse.jdt.core.compiler.problem.typeParameterHiding
*     - possible values:   { error warning ignore }
*     - default:           warning

IProblem.AnnotationTypeUsedAsSuperInterface 

* COMPILER / Reporting Use of Annotation Type as Super Interface
*    When enabled the compiler will issue an error or a warning whenever an
annotation type is used
*    as a super-interface. Though legal this is discouraged.
*     - option id:        
org.eclipse.jdt.core.compiler.problem.annotationSuperInterface
*     - possible values:   { error warning ignore }
*     - default:           warning",UI,normal
SUBVERSIVE-254093,SUBVERSIVE,New & Noteworthy,"+++ This bug was initially created as a clone of Bug #252805 +++

Must have new & noteworthy for each milestone. Must be something readable and usable not just a static list of all the bugs e.g. platform. Corollary: individual new & noteworthy should be linked in to the collective New & Noteworthy.",Core,normal
PLATFORM-529134,PLATFORM,Update Minor version in build cleaners,Currently the cleaners have wrong minor version. This is causing the the build to stay back.,Releng,normal
PLATFORM-24121,PLATFORM,Other Extensions: field must not show '' at the end,"Build 20020924

Test Case:
1. Export -> File System
2. Press Select Types...
3. In Other Extensions field add a
4. Press OK
5. Press Select Types...
==> the field shows a",UI,normal
PDE-307252,PDE,Occasional null pointer exception in EventDetailsDialog,"Build Identifier: M20090917-0800

Occasionally when I double-click on an entry in ErrorLog view I get the following exception:

Thu Mar 25 12:55:20 PDT 2010 
Problems occurred when invoking code from plug-in: org.eclipse.jface. 

java.lang.NullPointerException 
at org.eclipse.ui.internal.views.log.EventDetailsDialog.updateProperties(EventDetailsDialog.java:361) 
at org.eclipse.ui.internal.views.log.EventDetailsDialog.createDialogArea(EventDetailsDialog.java:517) 
at org.eclipse.jface.dialogs.Dialog.createContents(Dialog.java:760) 
at org.eclipse.jface.window.Window.create(Window.java:431) 
at org.eclipse.jface.dialogs.Dialog.create(Dialog.java:1089) 
at org.eclipse.ui.internal.views.log.EventDetailsDialog.create(EventDetailsDialog.java:190) 
at org.eclipse.ui.internal.views.log.EventDetailsDialogAction.run(EventDetailsDialogAction.java:96) 
at org.eclipse.ui.internal.views.log.LogView$15.doubleClick(LogView.java:535) 
at org.eclipse.jface.viewers.StructuredViewer$1.run(StructuredViewer.java:821) 
at org.eclipse.core.runtime.SafeRunner.run(SafeRunner.java:42) 
at org.eclipse.core.runtime.Platform.run(Platform.java:888) 
at org.eclipse.ui.internal.JFaceUtil$1.run(JFaceUtil.java:48) 
at org.eclipse.jface.util.SafeRunnable.run(SafeRunnable.java:175) 
at org.eclipse.jface.viewers.StructuredViewer.fireDoubleClick(StructuredViewer.java:819) 
at org.eclipse.jface.viewers.AbstractTreeViewer.handleDoubleSelect(AbstractTreeViewer.java:1419) 
at org.eclipse.jface.viewers.StructuredViewer$4.widgetDefaultSelected(StructuredViewer.java:1195) 
at org.eclipse.jface.util.OpenStrategy.fireDefaultSelectionEvent(OpenStrategy.java:238) 
at org.eclipse.jface.util.OpenStrategy.access$0(OpenStrategy.java:235) 
at org.eclipse.jface.util.OpenStrategy$1.handleEvent(OpenStrategy.java:296) 
at org.eclipse.swt.widgets.EventTable.sendEvent(EventTable.java:84) 
at org.eclipse.swt.widgets.Widget.sendEvent(Widget.java:1176) 
at org.eclipse.swt.widgets.Display.runDeferredEvents(Display.java:3493) 
at org.eclipse.swt.widgets.Display.readAndDispatch(Display.java:3112) 
at org.eclipse.ui.internal.Workbench.runEventLoop(Workbench.java:2405) 
at org.eclipse.ui.internal.Workbench.runUI(Workbench.java:2369) 
at org.eclipse.ui.internal.Workbench.access$4(Workbench.java:2221) 
at org.eclipse.ui.internal.Workbench$5.run(Workbench.java:500) 
at org.eclipse.core.databinding.observable.Realm.runWithDefault(Realm.java:332) 
at org.eclipse.ui.internal.Workbench.createAndRunWorkbench(Workbench.java:493) 
at org.eclipse.ui.PlatformUI.createAndRunWorkbench(PlatformUI.java:149) 
at com.fnfr.svt.rcp.Application.runWorkbench(Application.java:205) 
at com.fnfr.svt.rcp.Application.start(Application.java:190) 
at org.eclipse.equinox.internal.app.EclipseAppHandle.run(EclipseAppHandle.java:194) 
at org.eclipse.core.runtime.internal.adaptor.EclipseAppLauncher.runApplication(EclipseAppLauncher.java:110) 
at org.eclipse.core.runtime.internal.adaptor.EclipseAppLauncher.start(EclipseAppLauncher.java:79) 
at org.eclipse.core.runtime.adaptor.EclipseStarter.run(EclipseStarter.java:368) 
at org.eclipse.core.runtime.adaptor.EclipseStarter.run(EclipseStarter.java:179) 
at sun.reflect.NativeMethodAccessorImpl.invoke0(Native Method) 
at sun.reflect.NativeMethodAccessorImpl.invoke(Unknown Source) 
at sun.reflect.DelegatingMethodAccessorImpl.invoke(Unknown Source) 
at java.lang.reflect.Method.invoke(Unknown Source) 
at org.eclipse.equinox.launcher.Main.invokeFramework(Main.java:559) 
at org.eclipse.equinox.launcher.Main.basicRun(Main.java:514) 
at org.eclipse.equinox.launcher.Main.run(Main.java:1311) 



Reproducible: Sometimes

Steps to Reproduce:
1. Open errorlog view
2. double click on an entry
3. you will see another error log entry",UI,normal
PLATFORM-256354,PLATFORM,SWT controls: setting background image and background color on Parent has no effect,In the context of the Controls Example: Regarding Background Mode on Parent selecting Background Image or Background Color does not result in a background image or background color appearing on the canvas (as it does for Carbon).,SWT,normal
JDT-13357,JDT,quick fix: could maybe be smarter on param names,"public class A {
	public void f() {
		int fred= 0
		int bozo= 0
		me(fred bozo)
	}
}

it does let me create a method me with 2 int parameters
but it could do better on parameter names - just take the 2 given

(not possible in general case when i call:
me(anotherMethod() bozo)
)",UI,normal
PLATFORM-18718,PLATFORM,[Welcome] Tabbing through the links in the welcome page requires extra tabs,"F2

Open the platform welcome page
Repeatably hit tab. 
Note how extra tabs may be required to tab from one link to the next.
Also shift-tab takes you out of the page rather than reversing the tabbing.",UI,low
STEM-283640,STEM,New Solvers Have JavaSE-1.6 Execution Environment requirement,"The new solvers committed yesterday force a Bundle-RequiredExecutionEnvironment on Java 1.6 and a classpath requirement on Java 1.6.  As a result a Java 1.5 OSGi environment will not load the plug-ins.  There is no error thrown but the solvers do not show up in the UI.  You can view the error in OSGi console.

Attaching a patch to fix the bundle manifest and .classpath on the 4 projects.",Core,normal
PDE-290138,PDE,Cannot select nodes in the cheat-sheet editor,"FUP to bug 290136

After I closed the editor - losing all of my work since it could not be saved - when I re-opened the editor and try to select a node in the left-hand pane I get the following exception:

java.lang.IllegalArgumentException: Argument not valid
	at org.eclipse.swt.SWT.error(SWT.java:3933)
	at org.eclipse.swt.SWT.error(SWT.java:3867)
	at org.eclipse.swt.SWT.error(SWT.java:3838)
	at org.eclipse.jface.text.DefaultDocumentAdapter.getLine(DefaultDocumentAdapter.java:182)
	at org.eclipse.swt.custom.StyledText.getPointAtOffset(StyledText.java:5340)
	at org.eclipse.swt.custom.StyledText.setCaretLocation(StyledText.java:7830)
	at org.eclipse.swt.custom.StyledText.reset(StyledText.java:7266)
	at org.eclipse.swt.custom.StyledText.handleTextSet(StyledText.java:6184)
	at org.eclipse.swt.custom.StyledText$6.textSet(StyledText.java:5548)
	at org.eclipse.jface.text.DefaultDocumentAdapter.fireTextSet(DefaultDocumentAdapter.java:364)
	at org.eclipse.jface.text.DefaultDocumentAdapter.documentChanged(DefaultDocumentAdapter.java:287)
	at org.eclipse.jface.text.AbstractDocument.doFireDocumentChanged2(AbstractDocument.java:735)
	at org.eclipse.jface.text.AbstractDocument.doFireDocumentChanged(AbstractDocument.java:712)
	at org.eclipse.jface.text.AbstractDocument.doFireDocumentChanged(AbstractDocument.java:697)
	at org.eclipse.jface.text.AbstractDocument.fireDocumentChanged(AbstractDocument.java:762)
	at org.eclipse.jface.text.AbstractDocument.set(AbstractDocument.java:1203)
	at org.eclipse.jface.text.AbstractDocument.set(AbstractDocument.java:1183)
	at org.eclipse.pde.internal.ua.ui.editor.cheatsheet.simple.details.SimpleCSItemDetails.updateFields(SimpleCSItemDetails.java:285)
	at org.eclipse.pde.internal.ua.ui.editor.cheatsheet.simple.details.SimpleCSItemDetails.selectionChanged(SimpleCSItemDetails.java:368)
	at org.eclipse.ui.forms.DetailsPart$1.run(DetailsPart.java:274)
	at org.eclipse.swt.custom.BusyIndicator.showWhile(BusyIndicator.java:70)
	at org.eclipse.ui.forms.DetailsPart.showPage(DetailsPart.java:261)
	at org.eclipse.ui.forms.DetailsPart.update(DetailsPart.java:234)
	at org.eclipse.ui.forms.DetailsPart.selectionChanged(DetailsPart.java:219)
	at org.eclipse.ui.forms.ManagedForm.fireSelectionChanged(ManagedForm.java:148)
	at org.eclipse.pde.internal.ui.editor.TreeSection$PartAdapter.selectionChanged(TreeSection.java:32)
	at org.eclipse.pde.internal.ui.parts.TreePart$1.selectionChanged(TreePart.java:45)
	at org.eclipse.jface.viewers.Viewer$2.run(Viewer.java:162)
	at org.eclipse.core.runtime.SafeRunner.run(SafeRunner.java:42)
	at org.eclipse.core.runtime.Platform.run(Platform.java:888)
	at org.eclipse.ui.internal.JFaceUtil$1.run(JFaceUtil.java:48)
	at org.eclipse.jface.util.SafeRunnable.run(SafeRunnable.java:175)
	at org.eclipse.jface.viewers.Viewer.fireSelectionChanged(Viewer.java:160)
	at org.eclipse.jface.viewers.StructuredViewer.updateSelection(StructuredViewer.java:2132)
	at org.eclipse.jface.viewers.StructuredViewer.handleSelect(StructuredViewer.java:1160)
	at org.eclipse.jface.viewers.StructuredViewer$4.widgetSelected(StructuredViewer.java:1190)
	at org.eclipse.jface.util.OpenStrategy.fireSelectionEvent(OpenStrategy.java:228)
	at org.eclipse.jface.util.OpenStrategy.access$4(OpenStrategy.java:222)
	at org.eclipse.jface.util.OpenStrategy$1.handleEvent(OpenStrategy.java:389)
	at org.eclipse.swt.widgets.EventTable.sendEvent(EventTable.java:84)
	at org.eclipse.swt.widgets.Widget.sendEvent(Widget.java:1002)
	at org.eclipse.swt.widgets.Display.runDeferredEvents(Display.java:3885)
	at org.eclipse.swt.widgets.Display.readAndDispatch(Display.java:3478)
	at org.eclipse.ui.internal.Workbench.runEventLoop(Workbench.java:2405)
	at org.eclipse.ui.internal.Workbench.runUI(Workbench.java:2369)
	at org.eclipse.ui.internal.Workbench.access$4(Workbench.java:2221)
	at org.eclipse.ui.internal.Workbench$5.run(Workbench.java:500)
	at org.eclipse.core.databinding.observable.Realm.runWithDefault(Realm.java:332)
	at org.eclipse.ui.internal.Workbench.createAndRunWorkbench(Workbench.java:493)
	at org.eclipse.ui.PlatformUI.createAndRunWorkbench(PlatformUI.java:149)
	at org.eclipse.ui.internal.ide.application.IDEApplication.start(IDEApplication.java:113)
	at org.eclipse.equinox.internal.app.EclipseAppHandle.run(EclipseAppHandle.java:194)
	at org.eclipse.core.runtime.internal.adaptor.EclipseAppLauncher.runApplication(EclipseAppLauncher.java:110)
	at org.eclipse.core.runtime.internal.adaptor.EclipseAppLauncher.start(EclipseAppLauncher.java:79)
	at org.eclipse.core.runtime.adaptor.EclipseStarter.run(EclipseStarter.java:367)
	at org.eclipse.core.runtime.adaptor.EclipseStarter.run(EclipseStarter.java:179)
	at sun.reflect.NativeMethodAccessorImpl.invoke0(Native Method)
	at sun.reflect.NativeMethodAccessorImpl.invoke(Unknown Source)
	at sun.reflect.DelegatingMethodAccessorImpl.invoke(Unknown Source)
	at java.lang.reflect.Method.invoke(Unknown Source)
	at org.eclipse.equinox.launcher.Main.invokeFramework(Main.java:610)
	at org.eclipse.equinox.launcher.Main.basicRun(Main.java:565)
	at org.eclipse.equinox.launcher.Main.run(Main.java:1362)",UI,normal
Z_ARCHIVED-161157,Z_ARCHIVED,Generalize ARM Correlator in probes,Generalize ARM Correlator in probes so that the correlator creation is handled by the abstract probe and each implementor of the probe doesn't need to be burdened with this task.,TPTP,normal
QVTD-461314,QVTD,[scheduler] Add instance-polled scheduling support,When type-based scheduling fails we need instance-based.,Core,normal
JDT-4133,JDT,EC DCR: Add line numbers to Java editor (1GIV594),"From Eclipse Corner:  Feature request - line numbers in editor
	First of all - what a great tool you all have made. But I miss one 
	feature and that is line number in the editor. I know that I can jump to 
	a given line by using [ctrl]+l but I still think that line number would 
	be great or am I missing something??

	Additional post:
	Concur.  Just a little linecol label somewhere near the bottom.
	Alternatively and actually preferrably be able to toggle line numbers
	on/off in a 'prefix' area of the text widget itself.  (Anyone remember XEDIT
	:-).  I often deal with non-Java stuff and someone or other complains about
	errors on line XXX ...

	One more post:
	Presumably this will be optional.  I (and I imagine most current/former 
	VAJ users) have no need or desire to see the line numbers.

NOTES:",UI,normal
PLATFORM-365035,PLATFORM,include new bundle org.eclipse.jdt.annotation in build and packaging,"Hi Kim

I just pushed a new tiny plugin project to JDT/Core's git:
http://git.eclipse.org/c/jdt/eclipse.jdt.core.git/tree/org.eclipse.jdt.annotation

This is supposed to be shipped together with the patch for bug 186342.
That bug is currently in its end game and if nothing bad is detected
during the next few days we will want to include this like in Friday's
warm-up build towards M4.

Could you please coordinate with Satyam and Srikanth the necessary steps
to include this bundle in the build as part of the jdt feature?

Is it just adding entries to feature.xml and jdtcore.map?
How must the entry to the map file be initialized to participate in
automatic tagging?

TIA",Releng,normal
JDT-32902,JDT,No delete QF available for import of non-existing package [code manipulation],"I20030221 (RC1)

- add import declaration to non-existing package to any java source
  (or  remove a package from your project so that you have bogus imports)
Observe: you don't get a remove QuickFix",UI,normal
PDE-41235,PDE,Feature projects: DetailsView is missing on Preview,"In a Feature project open the manifest editor for feature.xml.
On the Overview page the context menu has a Preview action that when 
launched displays an error dialog about missing DetailsView",UI,normal
PLATFORM-34499,PLATFORM,Can't select styles in combo example,"RC2
Linux-GTK

1. Launch the ControlExample and go to the Combo tab.
2. With SWT.SIMPLE selected try to select SWT.READ_ONLY or SWT.BORDER.
3. The checkboxes appear enabled but clicking in them only causes them to
flash.
4. Select SWT.DROP_DOWN and repeat step 2.
5. Now SWT.READ_ONLY can be selected but SWT.BORDER still cannot.

The checkboxes should appear disabled when they're not applicable. Also if
the SWT.BORDER style is never usable it probably shouldn't appear in the tab?",SWT,normal
NATTABLE-520258,NATTABLE,Column Group is not drawn,"Created attachment 269565
Screenshot showing the error

The described bug can be reproduced using the Column groups Example (Classic Examples)

1) Remove all column groups
2) Define a column group called A for Field 40
3) Define a column group called B for Field 39
4) Define a column group called A for Field 37 and Field 38 (selecting both columns and creating the group)

==> As result the group above Field 40 is NOT drawn anymore.

Hint: From debugging i could see that this has something to do with column spans.
When trying to draw the cell (CellLayerPainter#paintLayer) the last cell is treated as spanned cell...",Core,normal
JDT-297709,JDT,[package explorer] JDT error behavior when link with editor option opening,"User-Agent:       Mozilla/5.0 (Windows U Windows NT 6.1 zh-CN rv:1.9.1.5) Gecko/20091102 Firefox/3.5.5 GTB6
Build Identifier: I20091210-1301

JDT frequencely synchronize the package tree when link with editor option opening.

Reproducible: Always

Steps to Reproduce:
1.open some other class in editor like Composite SWT Control and so on
2.new java class wizard after completed the editor should open the newly java file.
3.At this moment the package tree change change and change again.
4.where change to. the before opened class resource item.
5 sometimes autocomplete result to same synchronize actions.",UI,normal
Z_ARCHIVED-237054,Z_ARCHIVED,NoSuchMethodError when starting the org.eclipse.tptp.platform.common plug-in.,"Created attachment 104844
.log file.

NoSuchMethodError when starting the org.eclipse.tptp.platform.common plug-in.

When opening the Test Navigator in a consuming product the following exception is thrown (see attached .log file):

java.lang.NoSuchMethodError: org/eclipse/tptp/platform/agentcontroller/config/SetConfig.generateConfig([Ljava/lang/StringLorg/eclipse/tptp/platform/agentcontroller/config/IConfigUtility[Ljava/io/File)V
	at org.eclipse.tptp.platform.iac.administrator.internal.config.ConfigGenerator.setUpLocallyWithNoSecurity(ConfigGenerator.java:59)
	at org.eclipse.tptp.platform.iac.administrator.internal.config.ConfigGenerator.generateConfiguration(ConfigGenerator.java:176)
	at org.eclipse.tptp.platform.iac.administrator.internal.common.AdminUtil.generateConfigFile(AdminUtil.java:299)
	at org.eclipse.tptp.platform.common.internal.CommonPlugin.start(CommonPlugin.java:51)
	at org.eclipse.osgi.framework.internal.core.BundleContextImpl$2.run(BundleContextImpl.java:1009)
	at java.security.AccessController.doPrivileged(AccessController.java:251)
	at org.eclipse.osgi.framework.internal.core.BundleContextImpl.startActivator(BundleContextImpl.java:1003)

On startup of the org.eclipse.tptp.platform.common plug-in it attempts to generate the IAC's configuration file causing the above java.lang.NoSuchMethodError.  As a result the org.eclipse.tptp.platform.common plug-in is not started.  Since the org.eclipse.hyades.test.ui depends on the org.eclipse.tptp.platform.common plug-in it is not started either and the Test Navigator is not available.",TPTP,high
PLATFORM-5147,PLATFORM,[JFace] DialogSettings convenience methods do not check for null,"In DialogSettings convenience methods like getBoolean() do not check for null.
They just call getString(String) then try to convert.
This method can return null though.",UI,normal
PDE-38910,PDE,Need better error reporting on startup failure,"For various reasons I attempted to start a runtime instance with the 
org.eclipse.ui.views plugin disabled (without realizing it).  Of course this 
failed but no error output was sent either to the 'Error Log' or 'Console' 
views.  I burned an entire day beating my head against my monitor until I 
finally discovered the .log file in the .metadata folder for the runtime 
instance which contained enough info for me to figure out what I had done.

It would be helpful when any error occurs that prevents a runtime instance 
from starting to make the error output available in the development instance 
which launched it.",UI,normal
PAPYRUS-269550,PAPYRUS,[All Diagrams] display properties of applied stereotypes under the stereotype name with {},display properties of applied stereotypes under the stereotype name with {},Core,high
Z_ARCHIVED-115728,Z_ARCHIVED,[Webdoc] 4.1 Installation Guide - fix doc reference in new tech AC,"In section 5 new tech AC Step 5 is incorrect.  Replace with:

An introduction to using the New Technology Agent Controller and links to its 
documentation are found here.

Make the here a link to 
tptp/platform/documents/newtechAC/dc_framework_intro.html

(which should be checked in soon)",TPTP,normal
XTEND-386230,XTEND,[validation] Check static reference to instance type parameter,"Xtend:

class Bug {
	A a
	new(A a) {
		this.a = a
	}
	def static of (A a) {
		new Bug(a)
	}
}

Generated Java code:

public class Bug {
  private A a
  
  public Bug(final A a) {
    this.a = a
  }
  
  public static Bug of(final A a) { // Cannot make a static reference to the non-static type A

    Bug _bug = new Bug(a)
    return _bug
  }
}

The compiler should raise an error if a static type parameter shadows an instance type parameter (like in Java).",Core,normal
OCL-144209,OCL,Some EDataTypes in OCL.ecore should not be serializable,"The following EDataTypes in the OCL.ecore should be marked as not serializable because it does not make sense for the EFactory to create them from a string:

  - ocl.expressions.Visitor
  - ocl.utilities.SemanticException
  - ocl.query.List

Any clients using the EMF reflective APIs might attempt to use the factories to create/serialize these data types which capability has not been implemented.",Core,normal
PLATFORM-465054,PLATFORM,[GTK3] [GTK3.14] Mixed fonts for labels produces visual garbage on scrolling,"Created attachment 252553
short video how it looks like

If General->Appearance->Use mixed fonts and colors for labels is on (this is on by default) GTK3 Eclipse produces slight visual garbage on scrolling incrementally increasing on each scroll and disappearing after moving the mouse over or clicking somewhere else in the editor.

I believe this is appeared after the fix for bug 446075 but it can be just by accident because I was not able to really use GTK3 Eclipse before the fix for bug 446075.

Attached video demonstrates the problem.
I'm on Fedora 21 KDE Eclipse 4.5.0.N20150411-1500
gtk3-3.14.12-1.fc21.x86_64",SWT,high
PLATFORM-401755,PLATFORM,Update repository of ECF in parent pom,"Created attachment 227583
Patch

P2 would like to consume httpclient4 provider plug-ins of ECF we need update parent pom.xml to new repo of ECF.",Releng,normal
NATTABLE-511410,NATTABLE,ColumnGroupHeaderLayer does not always calculate the correct row height,"The ColumnGroupHeaderLayer does not calculate the correct row height if the associated ColumnGroupModel does not contain a column group altough calulcateHeight is set to true. 

Example:
 columnGroupLayer.clearAllGroups()
 columnGroupLayer.setRowHeight(100)
 columnGroupLayer.setCalculateHeight(true)
 columnDataLayer.setDefaultRowHeight(20)
 assertEquals(20 columnGroupLayer.getHeight())
 assertEquals(1 columnGroupLayer.getRowCount())
 //next statement fails. Returned row height is 100
 assertEquals(20 columnGroupLayer.getRowHeightByPosition(0)) 

I'll upload a gerrit patch for this.",Core,normal
PLATFORM-256346,PLATFORM,Combo Control: Preferred size determined by currently selected item,In the context of the Controls Example the Cocoa Combo Control when SWT.READ_ONLY is not selected: the Preferred size is determined by the currently selected item in the Combo control not the longest item in the drop down list (as is the case in Carbon). If the currently selected item (when size Preferred is chosen) is Line 4 then the size of the Combo box will be just sufficient to accommodate this value meaning that if Longest Line in List is now selected then it will be truncated.,SWT,normal
SUBVERSIVE-266997,SUBVERSIVE,Cannot install connectors - dependency problem,"Build ID: M20090211-1700

Steps To Reproduce:
Hi

I have the latest Eclipse 3.4.2 installed (with a recent update performed).

If I tried to install the subversion connectors from http://www.polarion.org/projects/subversive/download/eclipse/2.0/update-site/ I receive the error message:

Cannot complete the request.  See the details.
Cannot find a solution satisfying the following requirements org.eclipse.datatools.connectivity.sqm.core [1.0.3.v200809180120].

I assume that you have to update your dependencies in the subversion plug-ins. 

Best regards Lars



More information:",Core,normal
SUBVERSIVE-449550,SUBVERSIVE,FileReplaceListener does not work in Luna,Detection of overriding a file with the same content fails.,Core,normal
PDE-160523,PDE,[Compare] Changes needed to support file buffers,"In order to fix bug 159518 changes need to be made to some PDE manifest compare
classes. I will attach a patch.",UI,normal
OCL-288526,OCL,SympleTypeEnum has not been actualized in OCLCST,"Resolution https://bugs.eclipse.org/bugs/show_bug.cgi?id=282882 didn't properly fix the SympleTypeEnum of the CST metamodel.

I'll attach a patch for this.",Core,low
EMFCOMPARE-410737,EMFCOMPARE,The merge of differences on a reference n-n (opposite subset) does not retain the order,"The merge of differences on a many-valued reference linked to another many-valued (subset or opposite) reference may not retain the order of the referenced objects. 

For example in UML between Association#ownedEnd (subset) and Association#memberEnd. This case is put in relief in org.eclipse.emf.compare.uml2.tests.association.AddAssociation2Test. Class1 and Class0 are inversed in Association#memberEnd because the set of this reference has been made by UML and not controlled by EMF Compare (automatic merge by implication).

We may have the same problem on opposite references.",Core,normal
RIENA-338661,RIENA,@OnActionCallback cannot be used in super classes or non public methods,In the current (new) implementation of @OnActionCallback its not possible to have the method for the annotation to be protected. Its also not possible to define the annotation for a class that is in a superclass that is then subclassed by others.,UI,normal
PLATFORM-5392,PLATFORM,Eclipse dies without warning,"build 205 on Win98.

This happened 3 times.

1). I was looking at Java code and selected something in the Outline view and 
Eclipse died without any warning. No log messages or dialogs.

2). I restarted opened up the Java class again clicked around in the Outline 
and it was ok. Then I clicked on a method in the outline did a search then 
double-clicked on the single search result and Eclipse died without warning 
again. Again without a log or dialog.

3). Restarted again. Pressed the Open to Type button typed in the class name 
and hit ok. Eclipse died got 3 dialogs saying that an error has occurred and 
got the following in my log file.

Log: Wed Oct 31 13:50:35 EST 2001
2 org.eclipse.ui 2 Problems occurred when invoking code from plug-in: 
org.eclipse.ui.
org.eclipse.swt.SWTException: Widget is disposed
	at org.eclipse.swt.SWT.error(SWT.java:1805)
	at org.eclipse.swt.SWT.error(SWT.java:1737)
	at org.eclipse.swt.custom.CTabItem.getDisplay(CTabItem.java:78)
	at org.eclipse.swt.widgets.Widget.isValidThread(Widget.java(Compiled 
Code))
	at org.eclipse.swt.widgets.Widget.checkWidget(Widget.java(Compiled 
Code))
	at org.eclipse.swt.widgets.Item.getText(Item.java:67)
	at org.eclipse.swt.custom.CTabItem.setText(CTabItem.java:387)
	at org.eclipse.ui.internal.EditorWorkbook.updateEditorTab
(EditorWorkbook.java:681)
	at org.eclipse.ui.internal.EditorWorkbook.propertyChanged
(EditorWorkbook.java:371)
	at org.eclipse.ui.part.WorkbenchPart$1.run(WorkbenchPart.java:81)
	at org.eclipse.core.internal.runtime.InternalPlatform.run
(InternalPlatform.java:812)
	at org.eclipse.core.runtime.Platform.run(Platform.java:395)
	at org.eclipse.ui.part.WorkbenchPart.firePropertyChange
(WorkbenchPart.java:79)
	at org.eclipse.ui.texteditor.AbstractTextEditor.firePropertyChange
(AbstractTextEditor.java:1952)
	at org.eclipse.ui.part.WorkbenchPart.setTitleImage
(WorkbenchPart.java:222)
	at org.eclipse.jdt.internal.ui.javaeditor.JavaEditor.updatedTitleImage
(JavaEditor.java:343)
	at 
org.eclipse.jdt.internal.ui.javaeditor.JavaEditorErrorTickUpdater.doUpdateErrorT
icks(JavaEditorErrorTickUpdater.java:76)
	at 
org.eclipse.jdt.internal.ui.javaeditor.JavaEditorErrorTickUpdater.access$0
(JavaEditorErrorTickUpdater.java:72)
	at 
org.eclipse.jdt.internal.ui.javaeditor.JavaEditorErrorTickUpdater$1.run
(JavaEditorErrorTickUpdater.java:66)
	at org.eclipse.swt.widgets.RunnableLock.run(RunnableLock.java:29)
	at org.eclipse.swt.widgets.Synchronizer.runAsyncMessages
(Synchronizer.java:93)
	at org.eclipse.swt.widgets.Display.runAsyncMessages(Display.java:1336)
	at org.eclipse.swt.widgets.Display.readAndDispatch(Display.java:1163)
	at org.eclipse.swt.widgets.Display.release(Display.java:1213)
	at org.eclipse.swt.graphics.Device.dispose(Device.java:200)
	at org.eclipse.ui.internal.Workbench.run(Workbench.java:663)
	at org.eclipse.core.internal.boot.InternalBootLoader.run
(InternalBootLoader.java:820)
	at org.eclipse.core.boot.BootLoader.run(BootLoader.java:285)
	at java.lang.reflect.Method.invoke(Native Method)
	at org.eclipse.core.launcher.Main.basicRun(Main.java:151)
	at org.eclipse.core.launcher.Main.run(Main.java:433)
	at org.eclipse.core.launcher.Main.main(Main.java:306)
Log: Wed Oct 31 13:50:35 EST 2001
2 org.eclipse.ui 2 Problems occurred when invoking code from plug-in: 
org.eclipse.ui.
org.eclipse.swt.SWTException: Widget is disposed
	at org.eclipse.swt.SWT.error(SWT.java:1805)
	at org.eclipse.swt.SWT.error(SWT.java:1737)
	at org.eclipse.swt.custom.CTabItem.getDisplay(CTabItem.java:78)
	at org.eclipse.swt.widgets.Widget.isValidThread(Widget.java(Compiled 
Code))
	at org.eclipse.swt.widgets.Widget.checkWidget(Widget.java(Compiled 
Code))
	at org.eclipse.swt.widgets.Item.getText(Item.java:67)
	at org.eclipse.swt.custom.CTabItem.setText(CTabItem.java:387)
	at org.eclipse.ui.internal.EditorWorkbook.updateEditorTab
(EditorWorkbook.java:681)
	at org.eclipse.ui.internal.EditorWorkbook.propertyChanged
(EditorWorkbook.java:371)
	at org.eclipse.ui.part.WorkbenchPart$1.run(WorkbenchPart.java:81)
	at org.eclipse.core.internal.runtime.InternalPlatform.run
(InternalPlatform.java:812)
	at org.eclipse.core.runtime.Platform.run(Platform.java:395)
	at org.eclipse.ui.part.WorkbenchPart.firePropertyChange
(WorkbenchPart.java:79)
	at org.eclipse.ui.texteditor.AbstractTextEditor.firePropertyChange
(AbstractTextEditor.java:1952)
	at org.eclipse.ui.part.WorkbenchPart.setTitleImage
(WorkbenchPart.java:222)
	at org.eclipse.jdt.internal.ui.javaeditor.JavaEditor.updatedTitleImage
(JavaEditor.java:343)
	at 
org.eclipse.jdt.internal.ui.javaeditor.JavaEditorErrorTickUpdater.doUpdateErrorT
icks(JavaEditorErrorTickUpdater.java:76)
	at 
org.eclipse.jdt.internal.ui.javaeditor.JavaEditorErrorTickUpdater.access$0
(JavaEditorErrorTickUpdater.java:72)
	at 
org.eclipse.jdt.internal.ui.javaeditor.JavaEditorErrorTickUpdater$1.run
(JavaEditorErrorTickUpdater.java:66)
	at org.eclipse.swt.widgets.RunnableLock.run(RunnableLock.java:29)
	at org.eclipse.swt.widgets.Synchronizer.runAsyncMessages
(Synchronizer.java:93)
	at org.eclipse.swt.widgets.Display.runAsyncMessages(Display.java:1336)
	at org.eclipse.swt.widgets.Display.readAndDispatch(Display.java:1163)
	at org.eclipse.jface.window.Window.runEventLoop(Window.java:536)
	at org.eclipse.jface.window.Window.open(Window.java:523)
	at org.eclipse.jface.dialogs.MessageDialog.openError
(MessageDialog.java:318)
	at org.eclipse.ui.internal.SafeRunnableAdapter.handleException
(SafeRunnableAdapter.java:33)
	at org.eclipse.ui.part.WorkbenchPart$1.handleException
(WorkbenchPart.java:84)
	at org.eclipse.core.internal.runtime.InternalPlatform.handleException
(InternalPlatform.java:429)
	at org.eclipse.core.internal.runtime.InternalPlatform.run
(InternalPlatform.java:814)
	at org.eclipse.core.runtime.Platform.run(Platform.java:395)
	at org.eclipse.ui.part.WorkbenchPart.firePropertyChange
(WorkbenchPart.java:79)
	at org.eclipse.ui.texteditor.AbstractTextEditor.firePropertyChange
(AbstractTextEditor.java:1952)
	at org.eclipse.ui.part.WorkbenchPart.setTitleImage
(WorkbenchPart.java:222)
	at org.eclipse.jdt.internal.ui.javaeditor.JavaEditor.updatedTitleImage
(JavaEditor.java:343)
	at 
org.eclipse.jdt.internal.ui.javaeditor.JavaEditorErrorTickUpdater.doUpdateErrorT
icks(JavaEditorErrorTickUpdater.java:76)
	at 
org.eclipse.jdt.internal.ui.javaeditor.JavaEditorErrorTickUpdater.access$0
(JavaEditorErrorTickUpdater.java:72)
	at 
org.eclipse.jdt.internal.ui.javaeditor.JavaEditorErrorTickUpdater$1.run
(JavaEditorErrorTickUpdater.java:66)
	at org.eclipse.swt.widgets.RunnableLock.run(RunnableLock.java:29)
	at org.eclipse.swt.widgets.Synchronizer.runAsyncMessages
(Synchronizer.java:93)
	at org.eclipse.swt.widgets.Display.runAsyncMessages(Display.java:1336)
	at org.eclipse.swt.widgets.Display.readAndDispatch(Display.java:1163)
	at org.eclipse.swt.widgets.Display.release(Display.java:1213)
	at org.eclipse.swt.graphics.Device.dispose(Device.java:200)
	at org.eclipse.ui.internal.Workbench.run(Workbench.java:663)
	at org.eclipse.core.internal.boot.InternalBootLoader.run
(InternalBootLoader.java:820)
	at org.eclipse.core.boot.BootLoader.run(BootLoader.java:285)
	at java.lang.reflect.Method.invoke(Native Method)
	at org.eclipse.core.launcher.Main.basicRun(Main.java:151)
	at org.eclipse.core.launcher.Main.run(Main.java:433)
	at org.eclipse.core.launcher.Main.main(Main.java:306)
Log: Wed Oct 31 13:50:35 EST 2001
2 org.eclipse.ui 2 Problems occurred when invoking code from plug-in: 
org.eclipse.ui.
org.eclipse.swt.SWTException: Widget is disposed
	at org.eclipse.swt.SWT.error(SWT.java:1805)
	at org.eclipse.swt.SWT.error(SWT.java:1737)
	at org.eclipse.swt.custom.CTabItem.getDisplay(CTabItem.java:78)
	at org.eclipse.swt.widgets.Widget.isValidThread(Widget.java(Compiled 
Code))
	at org.eclipse.swt.widgets.Widget.checkWidget(Widget.java(Compiled 
Code))
	at org.eclipse.swt.widgets.Item.getText(Item.java:67)
	at org.eclipse.swt.custom.CTabItem.setText(CTabItem.java:387)
	at org.eclipse.ui.internal.EditorWorkbook.updateEditorTab
(EditorWorkbook.java:681)
	at org.eclipse.ui.internal.EditorWorkbook.propertyChanged
(EditorWorkbook.java:371)
	at org.eclipse.ui.part.WorkbenchPart$1.run(WorkbenchPart.java:81)
	at org.eclipse.core.internal.runtime.InternalPlatform.run
(InternalPlatform.java:812)
	at org.eclipse.core.runtime.Platform.run(Platform.java:395)
	at org.eclipse.ui.part.WorkbenchPart.firePropertyChange
(WorkbenchPart.java:79)
	at org.eclipse.ui.texteditor.AbstractTextEditor.firePropertyChange
(AbstractTextEditor.java:1952)
	at org.eclipse.ui.part.WorkbenchPart.setTitleImage
(WorkbenchPart.java:222)
	at org.eclipse.jdt.internal.ui.javaeditor.JavaEditor.updatedTitleImage
(JavaEditor.java:343)
	at 
org.eclipse.jdt.internal.ui.javaeditor.JavaEditorErrorTickUpdater.doUpdateErrorT
icks(JavaEditorErrorTickUpdater.java:76)
	at 
org.eclipse.jdt.internal.ui.javaeditor.JavaEditorErrorTickUpdater.access$0
(JavaEditorErrorTickUpdater.java:72)
	at 
org.eclipse.jdt.internal.ui.javaeditor.JavaEditorErrorTickUpdater$1.run
(JavaEditorErrorTickUpdater.java:66)
	at org.eclipse.swt.widgets.RunnableLock.run(RunnableLock.java:29)
	at org.eclipse.swt.widgets.Synchronizer.runAsyncMessages
(Synchronizer.java:93)
	at org.eclipse.swt.widgets.Display.runAsyncMessages(Display.java:1336)
	at org.eclipse.swt.widgets.Display.readAndDispatch(Display.java:1163)
	at org.eclipse.jface.window.Window.runEventLoop(Window.java:536)
	at org.eclipse.jface.window.Window.open(Window.java:523)
	at org.eclipse.jface.dialogs.MessageDialog.openError
(MessageDialog.java:318)
	at org.eclipse.ui.internal.SafeRunnableAdapter.handleException
(SafeRunnableAdapter.java:33)
	at org.eclipse.ui.part.WorkbenchPart$1.handleException
(WorkbenchPart.java:84)
	at org.eclipse.core.internal.runtime.InternalPlatform.handleException
(InternalPlatform.java:429)
	at org.eclipse.core.internal.runtime.InternalPlatform.run
(InternalPlatform.java:814)
	at org.eclipse.core.runtime.Platform.run(Platform.java:395)
	at org.eclipse.ui.part.WorkbenchPart.firePropertyChange
(WorkbenchPart.java:79)
	at org.eclipse.ui.texteditor.AbstractTextEditor.firePropertyChange
(AbstractTextEditor.java:1952)
	at org.eclipse.ui.part.WorkbenchPart.setTitleImage
(WorkbenchPart.java:222)
	at org.eclipse.jdt.internal.ui.javaeditor.JavaEditor.updatedTitleImage
(JavaEditor.java:343)
	at 
org.eclipse.jdt.internal.ui.javaeditor.JavaEditorErrorTickUpdater.doUpdateErrorT
icks(JavaEditorErrorTickUpdater.java:76)
	at 
org.eclipse.jdt.internal.ui.javaeditor.JavaEditorErrorTickUpdater.access$0
(JavaEditorErrorTickUpdater.java:72)
	at 
org.eclipse.jdt.internal.ui.javaeditor.JavaEditorErrorTickUpdater$1.run
(JavaEditorErrorTickUpdater.java:66)
	at org.eclipse.swt.widgets.RunnableLock.run(RunnableLock.java:29)
	at org.eclipse.swt.widgets.Synchronizer.runAsyncMessages
(Synchronizer.java:93)
	at org.eclipse.swt.widgets.Display.runAsyncMessages(Display.java:1336)
	at org.eclipse.swt.widgets.Display.readAndDispatch(Display.java:1163)
	at org.eclipse.jface.window.Window.runEventLoop(Window.java:536)
	at org.eclipse.jface.window.Window.open(Window.java:523)
	at org.eclipse.jface.dialogs.MessageDialog.openError
(MessageDialog.java:318)
	at org.eclipse.ui.internal.SafeRunnableAdapter.handleException
(SafeRunnableAdapter.java:33)
	at org.eclipse.ui.part.WorkbenchPart$1.handleException
(WorkbenchPart.java:84)
	at org.eclipse.core.internal.runtime.InternalPlatform.handleException
(InternalPlatform.java:429)
	at org.eclipse.core.internal.runtime.InternalPlatform.run
(InternalPlatform.java:814)
	at org.eclipse.core.runtime.Platform.run(Platform.java:395)
	at org.eclipse.ui.part.WorkbenchPart.firePropertyChange
(WorkbenchPart.java:79)
	at org.eclipse.ui.texteditor.AbstractTextEditor.firePropertyChange
(AbstractTextEditor.java:1952)
	at org.eclipse.ui.part.WorkbenchPart.setTitleImage
(WorkbenchPart.java:222)
	at org.eclipse.jdt.internal.ui.javaeditor.JavaEditor.updatedTitleImage
(JavaEditor.java:343)
	at 
org.eclipse.jdt.internal.ui.javaeditor.JavaEditorErrorTickUpdater.doUpdateErrorT
icks(JavaEditorErrorTickUpdater.java:76)
	at 
org.eclipse.jdt.internal.ui.javaeditor.JavaEditorErrorTickUpdater.access$0
(JavaEditorErrorTickUpdater.java:72)
	at 
org.eclipse.jdt.internal.ui.javaeditor.JavaEditorErrorTickUpdater$1.run
(JavaEditorErrorTickUpdater.java:66)
	at org.eclipse.swt.widgets.RunnableLock.run(RunnableLock.java:29)
	at org.eclipse.swt.widgets.Synchronizer.runAsyncMessages
(Synchronizer.java:93)
	at org.eclipse.swt.widgets.Display.runAsyncMessages(Display.java:1336)
	at org.eclipse.swt.widgets.Display.readAndDispatch(Display.java:1163)
	at org.eclipse.swt.widgets.Display.release(Display.java:1213)
	at org.eclipse.swt.graphics.Device.dispose(Device.java:200)
	at org.eclipse.ui.internal.Workbench.run(Workbench.java:663)
	at org.eclipse.core.internal.boot.InternalBootLoader.run
(InternalBootLoader.java:820)
	at org.eclipse.core.boot.BootLoader.run(BootLoader.java:285)
	at java.lang.reflect.Method.invoke(Native Method)
	at org.eclipse.core.launcher.Main.basicRun(Main.java:151)
	at org.eclipse.core.launcher.Main.run(Main.java:433)
	at org.eclipse.core.launcher.Main.main(Main.java:306)",UI,normal
SUBVERSIVE-259287,SUBVERSIVE,extremely poor refreshLocalResourceImpl performance,I often have one of CPU cores running at 100% for several minutes after Refresh from local. Most of the time is spent in SVNRemoteStorage#refreshLocalResourceImpl according to Yourkit profiler. I had a quick look at this method and as far as I can tell it iterates over all known ILocalResources for each IResource to refresh. Kinda inefficient -) I can probably provide a patch if you are interested.,Core,normal
PLATFORM-55085,PLATFORM,org.eclipse.relang.basebuilder has incomplete classpath,"The plugin org.eclipse.relang.basebuilder has an incomplete classpath. A fresh 
checkout from CVS doesn't compile. A client has to manually collect missing 
libs.

The project reference to project org.apache.ant should be replaced 
with ant.jar that is already available inside the project.

The j2ee.jar should not point to an external path that is specific to the 
developer machine. Instead the j2ee.jar should be added to this project to 
have a fixed reference.",Releng,normal
JDT-498857,JDT,test failure in TypeCompletionTest after bug 460491,"Since bug 460491 has been fixed static member types of generic types are rendered in a way the no longer shows the outer type parameters (as they are meaningless for the inner).

Two tests in TypeCompletionTest need to be adjusted to this change.",UI,normal
MYLYN-310557,MYLYN,make default private time tracking estimate value,We currently set a Private time estimate value of 1 for each task.  I think that we should change this to 0 in order to reflect the default case where the user has not specified a time estimate and as such has not indicated that they have estimated the time for the task.  This will have an effect on how report progress in the still questionable Workweek Progress bar in the Task List.,UI,low
PDE-143874,PDE,[Manifest Editor] Extension point schema editor fills interface into Extends: field,"N20060525-0010

- In an extension point schema create an attribute of type java and fill java.io.Serializable into the form field Implements:.
- Go to the source page and then back to the Definition page.
- Select the attribute again.
=> java.io.Serializable is in the Extends: field now.",UI,normal
Z_ARCHIVED-205715,Z_ARCHIVED,Eclipse crash after opening profiling dialog,"Build ID: I20070621-1340

Steps To Reproduce:
1. Open profile window
2. Create new Java application launch configuration
3. Wait moment


Logged stack trace:
!ENTRY org.eclipse.tptp.platform.iac.administrator 4 0 2007-10-08 13:51:56.294
!MESSAGE unknown protocol: c
!STACK 0
java.net.MalformedURLException: unknown protocol: c
	at java.net.URL.(Unknown Source)
	at java.net.URL.(Unknown Source)
	at java.net.URL.(Unknown Source)
	at com.sun.org.apache.xerces.internal.impl.XMLEntityManager.setupCurrentEntity(Unknown Source)
	at com.sun.org.apache.xerces.internal.impl.XMLVersionDetector.determineDocVersion(Unknown Source)
	at com.sun.org.apache.xerces.internal.parsers.XML11Configuration.parse(Unknown Source)
	at com.sun.org.apache.xerces.internal.parsers.XML11Configuration.parse(Unknown Source)
	at com.sun.org.apache.xerces.internal.parsers.XMLParser.parse(Unknown Source)
	at com.sun.org.apache.xerces.internal.parsers.DOMParser.parse(Unknown Source)
	at com.sun.org.apache.xerces.internal.jaxp.DocumentBuilderImpl.parse(Unknown Source)
	at javax.xml.parsers.DocumentBuilder.parse(Unknown Source)
	at org.eclipse.tptp.platform.iac.administrator.internal.common.AdminUtil.parseFile(AdminUtil.java:79)
	at org.eclipse.tptp.platform.iac.administrator.internal.common.AdminUtil.isConfigurationValid(AdminUtil.java:643)
	at org.eclipse.tptp.platform.iac.administrator.internal.startstop.AutoStartStop.startIAC(AutoStartStop.java:81)
	at org.eclipse.hyades.internal.execution.local.control.NodeImpl.connect(NodeImpl.java:283)
	at org.eclipse.hyades.security.internal.util.BaseConnectUtil.insecureConnect(BaseConnectUtil.java:369)
	at org.eclipse.hyades.security.internal.util.BaseConnectUtil.connect(BaseConnectUtil.java:255)
	at org.eclipse.hyades.security.internal.util.BaseConnectUtil.connect(BaseConnectUtil.java:540)
	at org.eclipse.tptp.platform.common.ui.trace.internal.util.PDCoreUtil.profileConnect(PDCoreUtil.java:827)
	at org.eclipse.tptp.trace.ui.internal.launcher.deleg.application.PIDelegateHelper$JVMVersionDetector.run(PIDelegateHelper.java:474)
	at java.lang.Thread.run(Unknown Source)",TPTP,normal
LYO-488091,LYO,Code generator wrongly defines an interface as well as superclass for the same parent exenting class,"In some cases when (1) a resource A extends resource B and (2) A extends C which itself extends B an exception OSLC002: Duplicate property definition annotation ... occurs.

This occurs since the corresponding class B gets defines as A's superclass (through 1) as well as its interface (through 2).

The java code compiles but when the server starts exception OSLC002 occurs since the properties of class B are defined in the resource shape twice.",Core,normal
JUBULA-344815,JUBULA,Although the test execution aborted due to timeout the exit code is 0,"Actual Behavior:
Although the test execution aborted due to timeout the returned exit code is 0.

Thu May 05 00:25:21 CEST 2011	AUT:		Starting AUT: eclipse3.4.0
Thu May 05 00:33:26 CEST 2011	Execution aborted due to timeout
Thu May 05 00:33:26 CEST 2011	AUT Agent:		connection closed
Thu May 05 00:33:26 CEST 2011	Exit:		Code 0

Expected Behavior:
If the test execution aborted due to timeout the returned exit code should be unequal 0.",Core,normal
AJDT-253528,AJDT,[build] Compilation folder is not marked as 'Derived',"I have trouble to make AJDT work with Perforce plug-in (P4WSAD). 

The problem is that AspectJ output folder is not marked as Derived Resource. Because of it P4WSAD trying to add every compiled file into change request. 

Can you call IResource.setDerived(true) for the compilation output folder please?

The work around is add this folder to the Ignore list.

Thank you",Core,normal
PLATFORM-88171,PLATFORM,Warning in N20050316-0010 build,"----------
1. WARNING in /builds/N200503160010/src/plugins/org.eclipse.swt/Eclipse
SWT/carbon/org/eclipse/swt/widgets/Text.java
 (at line 20)
	import org.eclipse.swt.internal.carbon.CFRange
	       ^^^^^^^^^^^^^^^^^^^^^^^^^^^^^^^^^^^^^^^
The import org.eclipse.swt.internal.carbon.CFRange is never used
----------
1 problem (1 warning)",SWT,normal
PAPYRUS-298760,PAPYRUS,[Sequence Diagram] Moving execution specification,Papyrus sequence diagram editor shall support the possibility to move execution specification from one lifeline to another.,Core,normal
PLATFORM-56484,PLATFORM,[Fonts/Colors] Theme API cannot rely on JFaceResources.,"I've been poking around and it seems like the theme code would be much better
off living in JFace.  We currently have a lot of JFace code that directly
accesses JFaceResources.blah() and thereby bypasses the theme logic entirely. 
Certain dialogs wont respond to theme changes because of this.  However if we
moved the bulk of the theme API into JFace we'd be able to make use of it there
as well.  We could remove all of our internal references to JFaceResources. 
Additionally we could hook JfaceResources into themes itself...have
getColor/FontRegistyr return the registry associated with the current theme.  By
doing this everyone who makes use of JFaceResources wouldn't have to change any
code to make use of themes.

The big drawback to this is that anyone who's currently using themes (ie:
importing from the org.eclipse.ui.themes package) would be broken.  There aren't
too many people that are doing this (if any besides us) so we can probably do
this with the minimum of fuss.

Comments?  If we're going to do this we should do it ASAP.  The further into M9
we get the more likely it is that themes will have itself clients.",UI,normal
PDE-262564,PDE,CCE in PluginArtifactSearchHandler.execute(...),"eclipse.buildId=I20090127-0100
java.version=1.5.0_16
java.vendor=Apple Inc.
BootLoader constants: OS=macosx ARCH=x86 WS=cocoa NL=en_US
Framework arguments:  -keyring /Users/chrisaniszczyk/.eclipse_keyring -showlocation
Command-line arguments:  -os macosx -ws cocoa -arch x86 -keyring /Users/chrisaniszczyk/.eclipse_keyring -consoleLog -showlocation


Error
Tue Jan 27 09:24:07 CST 2009
Unhandled event loop exception

java.lang.ClassCastException: org.eclipse.pde.internal.core.feature.ExternalFeatureModel
at org.eclipse.pde.internal.ui.search.dialogs.PluginArtifactSearchHandler.execute(PluginArtifactSearchHandler.java:49)
at org.eclipse.ui.internal.handlers.HandlerProxy.execute(HandlerProxy.java:281)
at org.eclipse.core.commands.Command.executeWithChecks(Command.java:476)
at org.eclipse.core.commands.ParameterizedCommand.executeWithChecks(ParameterizedCommand.java:508)
at org.eclipse.ui.internal.handlers.HandlerService.executeCommand(HandlerService.java:169)
at org.eclipse.ui.internal.keys.WorkbenchKeyboard.executeCommand(WorkbenchKeyboard.java:471)
at org.eclipse.ui.internal.keys.WorkbenchKeyboard.press(WorkbenchKeyboard.java:823)
at org.eclipse.ui.internal.keys.WorkbenchKeyboard.processKeyEvent(WorkbenchKeyboard.java:879)
at org.eclipse.ui.internal.keys.WorkbenchKeyboard.filterKeySequenceBindings(WorkbenchKeyboard.java:570)
at org.eclipse.ui.internal.keys.WorkbenchKeyboard.access$3(WorkbenchKeyboard.java:511)
at org.eclipse.ui.internal.keys.WorkbenchKeyboard$KeyDownFilter.handleEvent(WorkbenchKeyboard.java:126)
at org.eclipse.swt.widgets.EventTable.sendEvent(EventTable.java:84)
at org.eclipse.swt.widgets.Display.filterEvent(Display.java:806)
at org.eclipse.swt.widgets.Widget.sendEvent(Widget.java:1129)
at org.eclipse.swt.widgets.Widget.sendEvent(Widget.java:1154)
at org.eclipse.swt.widgets.Widget.sendEvent(Widget.java:1139)
at org.eclipse.swt.widgets.Widget.sendKeyEvent(Widget.java:1168)
at org.eclipse.swt.widgets.Widget.sendKeyEvent(Widget.java:1164)
at org.eclipse.swt.widgets.Tree.sendKeyEvent(Tree.java:2064)
at org.eclipse.swt.widgets.Control.keyDown(Control.java:1745)
at org.eclipse.swt.widgets.Composite.keyDown(Composite.java:548)
at org.eclipse.swt.widgets.Display.windowDelegateProc(Display.java:3944)
at org.eclipse.swt.internal.cocoa.OS.objc_msgSendSuper(Native Method)
at org.eclipse.swt.widgets.Widget.callSuper(Widget.java:198)
at org.eclipse.swt.widgets.Widget.windowSendEvent(Widget.java:1506)
at org.eclipse.swt.widgets.Display.windowDelegateProc(Display.java:3994)
at org.eclipse.swt.internal.cocoa.OS.objc_msgSendSuper(Native Method)
at org.eclipse.swt.widgets.Display.applicationSendEvent(Display.java:3719)
at org.eclipse.swt.widgets.Display.applicationProc(Display.java:3744)
at org.eclipse.swt.internal.cocoa.OS.objc_msgSend(Native Method)
at org.eclipse.swt.internal.cocoa.NSApplication.sendEvent(NSApplication.java:85)
at org.eclipse.swt.widgets.Display.readAndDispatch(Display.java:2736)
at org.eclipse.ui.internal.Workbench.runEventLoop(Workbench.java:2388)
at org.eclipse.ui.internal.Workbench.runUI(Workbench.java:2352)
at org.eclipse.ui.internal.Workbench.access$4(Workbench.java:2204)
at org.eclipse.ui.internal.Workbench$5.run(Workbench.java:499)
at org.eclipse.core.databinding.observable.Realm.runWithDefault(Realm.java:333)
at org.eclipse.ui.internal.Workbench.createAndRunWorkbench(Workbench.java:492)
at org.eclipse.ui.PlatformUI.createAndRunWorkbench(PlatformUI.java:149)
at org.eclipse.ui.internal.ide.application.IDEApplication.start(IDEApplication.java:113)
at org.eclipse.equinox.internal.app.EclipseAppHandle.run(EclipseAppHandle.java:194)
at org.eclipse.core.runtime.internal.adaptor.EclipseAppLauncher.runApplication(EclipseAppLauncher.java:110)
at org.eclipse.core.runtime.internal.adaptor.EclipseAppLauncher.start(EclipseAppLauncher.java:79)
at org.eclipse.core.runtime.adaptor.EclipseStarter.run(EclipseStarter.java:368)
at org.eclipse.core.runtime.adaptor.EclipseStarter.run(EclipseStarter.java:179)
at sun.reflect.NativeMethodAccessorImpl.invoke0(Native Method)
at sun.reflect.NativeMethodAccessorImpl.invoke(NativeMethodAccessorImpl.java:39)
at sun.reflect.DelegatingMethodAccessorImpl.invoke(DelegatingMethodAccessorImpl.java:25)
at java.lang.reflect.Method.invoke(Method.java:585)
at org.eclipse.equinox.launcher.Main.invokeFramework(Main.java:550)
at org.eclipse.equinox.launcher.Main.basicRun(Main.java:505)
at org.eclipse.equinox.launcher.Main.run(Main.java:1264)",UI,normal
GMF-TOOLING-217307,GMF-TOOLING,Add extension model action: impossible use for additing nondeployed models,"Steps To Reproduce:
1. Create a.gmfgen
2. Create b.ecore
3. Add b as extension model to a using Add extension model action
4. Try to open editor for a.gmfgen. Editor was opened with error. (org.eclipse.emf.ecore.xmi.PackageNotFoundException)

More information:
Possible solution is adding xsi:schemaLocation tag in a.gmfgen for b.ecore.

Note: If xsi:schemaLocation tag exists then second map entry adds automatically.",Core,normal
PLATFORM-232684,PLATFORM,Wrong cursor within Sash control,"Created attachment 100805
Fix for cursor setting within Sash control

Current implementation of cursor changing within Sash doesn't work (because there is mouseEntered() but there are no addTrackingRect()). 
I think that using addCursorRect() + implementing resetCursorRects()  is a more correct way to set specific cursors within Sash. It is a standard way in Cocoa for doing that.
The attached patch contains required changes and fixes the initial problem.",SWT,normal
MYLYN-169583,MYLYN,Open corresponding task action can't match repository from the full URL,Currently org.eclipse.mylar.bugzilla.core don't have repository mapping in Eclipse configuration (please don fix that before this issue is resolved!) and as a result Open corresponding task action is unable to open corresponding task even so comment text has the full url for the issue. That same problem appears on Sync view and on History view.,Core,normal
JAVA_SERVER_FACES-314903,JAVA_SERVER_FACES,[JSF2.0] Facelet validator should only validate facelet content type files,Currently the validator for Facelets validates all html files in >= JSF2.0 project.  This could cause significant performance problems in the projects that have large numbers of HTML files that are not involved with Facelets.,Core,normal
Z_ARCHIVED-137077,Z_ARCHIVED,NPE is thrown by the new AC in ConnectionImpl.addDataListener() when client doesn't register a data processor with the console,"I have attached two different versions of TPTPProcess.  The first version runs fine on my machine but the second version throw an NPE exception in ConnectionImpl.  The latter one doesn't register a console data processor.

Here's the stack trace:
java.lang.NullPointerException
	at org.eclipse.tptp.platform.execution.client.core.internal.ConnectionImpl.addDataListener(ConnectionImpl.java:520)
	at org.eclipse.tptp.platform.execution.client.core.internal.AgentController.addDataListener(AgentController.java:1368)
	at org.eclipse.tptp.platform.execution.client.core.internal.ProcessImpl.launchAC(ProcessImpl.java:675)
	at org.eclipse.tptp.platform.execution.client.core.internal.ProcessImpl.launch(ProcessImpl.java:119)
	at org.eclipse.tptp.platform.execution.samples.TPTPProcess.main(TPTPProcess.java:116)",TPTP,high
JDT-3199,JDT,Missing classpath variables (1GHUA3R),"If you try to compile eclipse without adding the WORKSPACE_ROOT variable the host
completely freezes up. It'd be nice if instead of completely dying the compiler could
throw up an error dialog and abort compilation.

NOTES:

PM (8/3/2001 12:41:43 PM)
	Duplicate of 1GFCTW4: ITPJUI:WINNT - performance: task list still does not scale at all.",Core,normal
PDE-45214,PDE,Unable to import swt project as binary plugin project,"Build: 20031015

I am unable to import org.eclipse.swt as a binary plugin project in this build.
 I get a StringIndexOutOfBoundsException",UI,high
ACCELEO-255379,ACCELEO,implicite self declaration doesn't work at all,MTL parser allow using of a implicite self bug the engine doesn't support this feature at all,Core,normal
PLATFORM-108060,PLATFORM,Extra non-functional horizontal scroll bar in TreeViewer,"I removed the deprecated TableTree on a preferences page created previously and
replaced it with Tree.  Everything seems to work and look the same except for a
non-functional horizontal scroll bar that now appears below the Tree.  This
horizontal scroll bar does nothing and appears no matter how the page is sized.
 When the page is small enough to where a horizontal scroll bar is needed
another scroll bar appears under the non-functional scroll bar.  

Here is my ceateContents() code:

	protected Control createContents(Composite parent)
	{
		Composite masterComposite = new Composite(parent SWT.NONE)
		Layout masterLayout = new FillLayout()
		masterComposite.setLayout(masterLayout)

		CellEditor[] editors = new CellEditor[COLUMN_PROPERTIES.length]

		viewer = new TreeViewer(masterComposite SWT.BORDER | SWT.SINGLE)
		viewer.setColumnProperties(COLUMN_PROPERTIES)
		viewer.setCellEditors(editors)
		viewer.setCellModifier(new CellModifier(viewer))
		viewer.setLabelProvider(new ViewerLabelProvider())
		viewer.setContentProvider(new ViewerContentProvider())
		viewer.setSorter(new ViewerSorter()
		{
			public int compare(Viewer viewer Object e1 Object e2)
			{
				if (e1 == null || e2 == null) return 0

				if (e1 instanceof X5CardDescriptor && e2 instanceof X5CardDescriptor)
					return ((X5CardDescriptor) e1).getName().compareTo(((X5CardDescriptor)
e2).getName())

				return 0
			}
		})
		viewer.setInput(CARD_CATEGORY)

		Tree tree = viewer.getTree()
		tree.setHeaderVisible(true)
		tree.setLinesVisible(false)

		TreeColumn cardColumn = new TreeColumn(tree SWT.LEAD)
		cardColumn.setText(COLUMN_PROPERTIES[0])
		cardColumn.setWidth(180)
		editors[0] = null

		TreeColumn bgColorColumn = new TreeColumn(tree SWT.LEAD)
		bgColorColumn.setText(COLUMN_PROPERTIES[1])
		bgColorColumn.setWidth(70)
		editors[1] = new ColorCellEditor(tree)

		TreeColumn fgColorColumn = new TreeColumn(tree SWT.LEAD)
		fgColorColumn.setText(COLUMN_PROPERTIES[2])
		fgColorColumn.setWidth(70)
		editors[2] = new ColorCellEditor(tree)

		TreeColumn fontStyleColumn = new TreeColumn(tree SWT.LEAD)
		fontStyleColumn.setText(COLUMN_PROPERTIES[3])
		fontStyleColumn.setWidth(70)
		editors[3] = new ComboBoxCellEditor(tree FS_VALUES SWT.READ_ONLY)

		return masterComposite
	}",SWT,normal
PLATFORM-422089,PLATFORM,add new job for e4/scripting project,"I would like to request an alternate job for the e4 scripting project (aka EASE). Right now we have a nighty build which might break from time to time. As it feeds our (one and only) update site this might be a bad experience for our alpha users.

Therefore I would like to have another on-demand job that would deliver to an ease-(alpha|beta|incubation) update site.

Settings from the current job would be fine. The current job is: eclipse-e4-ease-nightly",Releng,normal
RTSC-516436,RTSC,XGConf can't open xdctools 3.32.01 packages,"The problem does not affect 3.32.00.06 however.

The root cause was the addition of RomConsts to xdc.services.spec in xdc-B09 (which feeds xdctools 3.32.01) and subsequent removal of RomConsts in xdctools 3.50.

Simply restoring Atts.java and Unit.java in xdc.services.spec resolves the issue.",Core,normal
Z_ARCHIVED-174098,Z_ARCHIVED,java.lang.NoClassDefFoundError for TestFilterExists.testsuite on AS400 platform,When do the Junit testing for org.eclipse.hyades.logging.parsers.tests/TestFilterExistsClasses.testsuite on AS400 platform to test the xpath filter for GLA the java.lang.NoClassDefFoundError org/eclipse/jdt/internal/compiler/DefaultErrorHandlingPolicies is thrown. It requires the DefaultErrorHandlingPolicies class in org.eclipse.jdt.jar which is not included in the stand alone GLA's lib directory. This error only happens on AS400 platform. It passes on all other platforms.,TPTP,high
AJDT-59869,AJDT,eclipse will not start after installation on amd64,"i have amd64 eclipse version. eclipse does not work after installation of ajdt.

can i install from sources?

Portage 2.0.50-r6 (default-amd64-2004.0 gcc-3.3.3 glibc-2.3.3_pre20040207-r0
              2.6.5-gentoo-r1)
=================================================================
System uname: 2.6.5-gentoo-r1 x86_64 4
Gentoo Base System version 1.4.9
Autoconf: sys-devel/autoconf-2.59-r3
Automake: sys-devel/automake-1.8.3
ACCEPT_KEYWORDS=amd64 ~amd64
AUTOCLEAN=yes
CFLAGS=-O3 -pipe
CHOST=x86_64-pc-linux-gnu
COMPILER=gcc3
CONFIG_PROTECT=/etc /etc/tomcat /usr/X11R6/lib/X11/xkb /usr/kde/2/share/config
              /usr/kde/3.2/share/config /usr/kde/3/share/config
/usr/lib/mozilla/defaults/pref               /usr/share/config /var/qmail/control
CONFIG_PROTECT_MASK=/etc/gconf /etc/terminfo /etc/env.d
CXXFLAGS=-O3 -pipe
DISTDIR=/usr/portage/distfiles
FEATURES=autoaddcvs ccache sandbox
GENTOO_MIRRORS=http://gentoo.oregonstate.edu http://distro.ibiblio.org/pub/Linu
             x/distributions/gentoo
MAKEOPTS=-j3
PKGDIR=/usr/portage/packages
PORTAGE_TMPDIR=/var/tmp
PORTDIR=/usr/portage
PORTDIR_OVERLAY=/usr/local/portage
SYNC=rsync://rsync.gentoo.org/gentoo-portage
USE=X acl alsa amd64 apache2 apm arts avi berkdb cdr crypt encode esd foomaticd
             b gdbm gif gnome gpm gtk gtk2 imlib jpeg kde ldap libg++ libwww
maildir mikmod m              otif mozilla mpeg ncurses nls nogcj oggvorbis
opengl oss pam pdflib perl png pyt              hon qt quicktime readline sdl
slang spell ssl tcltk tcpd truetype xml2 xmms xv z              lib",Core,normal
JDT-222786,JDT,Translation Testing Question,"Build ID: I20080307

Steps To Reproduce:
Description:
In file eclipse\plugins\org.eclipse.jdt.ui\org\eclipse\jdt\internal\ui\actions\ActionMessages.properties

In the following :

“OccurrencesSearchMenuAction_break_continue_target_label=&Break/Continue Target”

We are not quite sure what this option really means. Does it refer to the application of two instructions - break and continue - on a target?… Please advise.


More information:",UI,low
JUBULA-501559,JUBULA,The validation of the component Type of Componnet Names from the reused Project does not work,"Created attachment 264194
CompNames Reused Project

Actual Behavior:
1)	Create a TC with a Component type of a table:
        The old CompName is: nn_nn_tbl
2)	Rename now the CompName to: nn_nn_tre
==>	No error message 

The nn_nn_xyz names are from the reused project. It looks like there is no validation.

3)	Create a TC with a Component type of a table:
        The old CompName is: nn_nn_tbl
4)	Rename now the CompName to: Jahresumsatz_tbl
5)	Create a TC with a Component type of a tree:
        The old CompName is: nn_nn_tre
6)	Rename the CompName to: Jahresumsatz_tbl
==>	Error message

Expected Behavior:
Give a Comp of a specific Type a Name eg: NewProject_OKButton_btc
This name can be used now for Components of the type button or even more specific than button eg: Button Check Box or Radio Button 
The same behavior needs toapply for the Comp Names of reused project.


(see attachment)",Core,high
PLATFORM-87659,PLATFORM,[KeyBindings] preference page: Why is the key sequence label Name?,"3.0.2RC2

This is a really poor choice for a label name... perhaps Sequence ?",UI,low
XTEND-400802,XTEND,NPE - An internal error occurred during: Mark Occurrences.,"Following example Xtend class causes an NPE if Mark Occurrences is activated:

abstract class A {
    def  T1[] getValue1(List t)
    def  T2[] getValue2(T2[] t)
    def  List getValue3(List t)
}

abstract class B extends A {
    override  V[] getValue1(List v) {}
}

abstract class C extends A {
    override  V[] getValue2(V[] t) {}
}

abstract class D extends A {
    override  List getValue3(List t) {} 
}

Stacktrace:
org.eclipse.emf.common.util.WrappedException: java.lang.NullPointerException
	at org.eclipse.xtext.ui.editor.findrefs.SimpleLocalResourceAccess.readOnly(SimpleLocalResourceAccess.java:32)
	at org.eclipse.xtext.ui.editor.findrefs.DefaultReferenceFinder.findLocalReferences(DefaultReferenceFinder.java:121)
	at org.eclipse.xtext.ui.editor.findrefs.DefaultReferenceFinder.findReferences(DefaultReferenceFinder.java:76)
	at org.eclipse.xtext.ui.editor.occurrences.DefaultOccurrenceComputer$1.exec(DefaultOccurrenceComputer.java:94)
	at org.eclipse.xtext.ui.editor.occurrences.DefaultOccurrenceComputer$1.exec(DefaultOccurrenceComputer.java:1)
	at org.eclipse.xtext.util.concurrent.AbstractReadWriteAcces.readOnly(AbstractReadWriteAcces.java:32)
	at org.eclipse.xtext.ui.editor.model.XtextDocument.readOnly(XtextDocument.java:78)
	at org.eclipse.xtext.ui.editor.occurrences.DefaultOccurrenceComputer.createAnnotationMap(DefaultOccurrenceComputer.java:81)
	at org.eclipse.xtext.ui.editor.occurrences.OccurrenceMarker$MarkOccurrenceJob.run(OccurrenceMarker.java:122)
	at org.eclipse.core.internal.jobs.Worker.run(Worker.java:53)
Caused by: java.lang.NullPointerException
	at org.eclipse.xtext.ui.editor.findrefs.DefaultReferenceFinder.findLocalReferencesFromElement(DefaultReferenceFinder.java:164)
	at org.eclipse.xtext.ui.editor.findrefs.DefaultReferenceFinder.findLocalReferencesFromElement(DefaultReferenceFinder.java:160)
	at org.eclipse.xtext.ui.editor.findrefs.DefaultReferenceFinder.findLocalReferencesFromElement(DefaultReferenceFinder.java:160)
	at org.eclipse.xtext.ui.editor.findrefs.DefaultReferenceFinder.findLocalReferencesInResource(DefaultReferenceFinder.java:137)
	at org.eclipse.xtext.ui.editor.findrefs.DefaultReferenceFinder$2.process(DefaultReferenceFinder.java:125)
	at org.eclipse.xtext.ui.editor.findrefs.DefaultReferenceFinder$2.process(DefaultReferenceFinder.java:1)
	at org.eclipse.xtext.util.concurrent.IUnitOfWork$Void.exec(IUnitOfWork.java:36)
	at org.eclipse.xtext.ui.editor.findrefs.SimpleLocalResourceAccess.readOnly(SimpleLocalResourceAccess.java:30)
	... 9 more",Core,normal
Z_ARCHIVED-263624,Z_ARCHIVED,[Webdoc] [Readme]  Datapool Editor display corruption.,"[Webdoc] [Readme]  Datapool Editor display corruption.

TPTP 4.5.2 release note entry required for
https://bugs.eclipse.org/bugs/show_bug.cgi?id=250751.",TPTP,normal
PLATFORM-322137,PLATFORM,SWT.ON_TOP shells do not stay above all applications,"The SWT.ON_TOP shell in the snippet below goes behind other windows when the application looses focus

import org.eclipse.swt.SWT
import org.eclipse.swt.layout.*
import org.eclipse.swt.widgets.*


public class OnTopIssue {
public static void main(String[] args) {
	Display display = new Display()
	Shell shell = new Shell(display)
	shell.setText(main)
	shell.setLayout(new GridLayout(1 false))
	shell.setBounds(100 100 200 200)

	Shell onTop = new Shell(display SWT.SHELL_TRIM | SWT.ON_TOP)
	onTop.setText(ontop)
	onTop.setBounds(130 130 200 200)
	Button button = new Button(onTop SWT.PUSH)
	button.setText(Push)
	button.pack()
	onTop.open()

	Shell s = new Shell(onTop SWT.DIALOG_TRIM | SWT.APPLICATION_MODAL) //works
//	Shell s = new Shell(onTop SWT.DIALOG_TRIM) //works
//	Shell s = new Shell(SWT.DIALOG_TRIM) //fails on Windows Cocoa Carbon
	s.setBounds(150 150 200 200)
	s.setText(dialog)
	Button button1 = new Button(s SWT.PUSH)
	button1.setText(Push)
	button1.pack()
	s.open()

	shell.open()
	while (!shell.isDisposed()) {
		if (!display.readAndDispatch())
			display.sleep()
	}
	display.dispose()
}
}",SWT,normal
PLATFORM-231877,PLATFORM,WM_PRINT for ToolBar with SHADOW_OUT,"Created attachment 99998
Sample source

Build ID: I20080502-0100

Steps To Reproduce:
1. Create Shell with ToolBar with SHADOW_OUT style.
2. Use WM_PRINT to get screen shot.
3. Compare result image with visible Shell.


More information:",SWT,normal
EGIT-440220,EGIT,belongsTo(family) not properly implemented in various egit jobs,"Job.belongsTo(Object family) explicitly states that null family is expected and means any family. Unfortunately many egit job implementations disregard this and fail with NPE if belongsTo() is called with null argument.

I have a trivial fix.",UI,normal
PLATFORM-163848,PLATFORM,Update source builds to support compile of org.eclipse.jdt.compiler.tool with 1.6 libraries,"org.eclipse.jdt.compiler.tool is being added to the eclipse SDK and requires 1.6 libraries and settings to compile.

The source build will need modification to:

1. compile this plug-in.
2. compile the ecj.jar which will contain some classes from this new bundle.",Releng,normal
EMFCOMPARE-403438,EMFCOMPARE,java.net.URISyntaxException if the file compared as a space in its path,"Step to reproduce:
- compare with each others from the history view two revisions of a model that has a space in its path.

Culprit -> new java.net.URI(path.toString())

java.net.URISyntaxException: Illegal character in path at index 19: UML-Java-Generation - 1.x/tests/org.obeonetwork.pim.uml2.gen.java.tests/model/NonRegressionModel.uml
	at java.net.URI$Parser.fail(Unknown Source)
	at java.net.URI$Parser.checkChars(Unknown Source)
	at java.net.URI$Parser.parseHierarchical(Unknown Source)
	at java.net.URI$Parser.parse(Unknown Source)
	at java.net.URI.(Unknown Source)
	at org.eclipse.emf.compare.ide.ui.logical.RevisionedURIConverter.getFileURI(RevisionedURIConverter.java:335)
	at org.eclipse.emf.compare.ide.ui.logical.RevisionedURIConverter.(RevisionedURIConverter.java:100)
	at org.eclipse.emf.compare.ide.ui.logical.EMFSynchronizationModel.resolveTraversal(EMFSynchronizationModel.java:464)
	at org.eclipse.emf.compare.ide.ui.logical.EMFSynchronizationModel.createSynchronizationModel(EMFSynchronizationModel.java:165)
	at org.eclipse.emf.compare.ide.ui.internal.structuremergeviewer.EMFCompareStructureMergeViewer.compareInputChanged(EMFCompareStructureMergeViewer.java:261)
	at org.eclipse.emf.compare.ide.ui.internal.structuremergeviewer.EMFCompareStructureMergeViewer$1.run(EMFCompareStructureMergeViewer.java:246)
	at org.eclipse.emf.compare.ide.ui.internal.structuremergeviewer.EMFCompareStructureMergeViewer$3.run(EMFCompareStructureMergeViewer.java:222)
	at org.eclipse.swt.custom.BusyIndicator.showWhile(BusyIndicator.java:70)
	at org.eclipse.emf.compare.ide.ui.internal.structuremergeviewer.EMFCompareStructureMergeViewer.compareInputChanged(EMFCompareStructureMergeViewer.java:219)
	at org.eclipse.emf.compare.ide.ui.internal.structuremergeviewer.EMFCompareStructureMergeViewer.inputChanged(EMFCompareStructureMergeViewer.java:614)
	at org.eclipse.jface.viewers.ContentViewer.setInput(ContentViewer.java:280)
	at org.eclipse.jface.viewers.StructuredViewer.setInput(StructuredViewer.java:1690)
	at org.eclipse.compare.CompareViewerSwitchingPane.setInput(CompareViewerSwitchingPane.java:277)
	at org.eclipse.compare.internal.CompareStructureViewerSwitchingPane.setInput(CompareStructureViewerSwitchingPane.java:132)
	at org.eclipse.compare.CompareEditorInput.feedInput(CompareEditorInput.java:747)
	at org.eclipse.compare.CompareEditorInput.createContents(CompareEditorInput.java:555)
	at org.eclipse.compare.internal.CompareEditor.createCompareControl(CompareEditor.java:462)
	at org.eclipse.compare.internal.CompareEditor.access$6(CompareEditor.java:422)
	at org.eclipse.compare.internal.CompareEditor$3.run(CompareEditor.java:378)
	at org.eclipse.ui.internal.UILockListener.doPendingWork(UILockListener.java:164)
	at org.eclipse.ui.internal.UISynchronizer$3.run(UISynchronizer.java:158)
	at org.eclipse.swt.widgets.RunnableLock.run(RunnableLock.java:35)
	at org.eclipse.swt.widgets.Synchronizer.runAsyncMessages(Synchronizer.java:135)
	at org.eclipse.swt.widgets.Display.runAsyncMessages(Display.java:4144)
	at org.eclipse.swt.widgets.Display.readAndDispatch(Display.java:3761)
	at org.eclipse.ui.internal.Workbench.runEventLoop(Workbench.java:2701)
	at org.eclipse.ui.internal.Workbench.runUI(Workbench.java:2665)
	at org.eclipse.ui.internal.Workbench.access$4(Workbench.java:2499)
	at org.eclipse.ui.internal.Workbench$7.run(Workbench.java:679)
	at org.eclipse.core.databinding.observable.Realm.runWithDefault(Realm.java:332)
	at org.eclipse.ui.internal.Workbench.createAndRunWorkbench(Workbench.java:668)
	at org.eclipse.ui.PlatformUI.createAndRunWorkbench(PlatformUI.java:149)
	at org.eclipse.ui.internal.ide.application.IDEApplication.start(IDEApplication.java:124)
	at org.eclipse.equinox.internal.app.EclipseAppHandle.run(EclipseAppHandle.java:196)
	at org.eclipse.core.runtime.internal.adaptor.EclipseAppLauncher.runApplication(EclipseAppLauncher.java:110)
	at org.eclipse.core.runtime.internal.adaptor.EclipseAppLauncher.start(EclipseAppLauncher.java:79)
	at org.eclipse.core.runtime.adaptor.EclipseStarter.run(EclipseStarter.java:353)
	at org.eclipse.core.runtime.adaptor.EclipseStarter.run(EclipseStarter.java:180)
	at sun.reflect.NativeMethodAccessorImpl.invoke0(Native Method)
	at sun.reflect.NativeMethodAccessorImpl.invoke(Unknown Source)
	at sun.reflect.DelegatingMethodAccessorImpl.invoke(Unknown Source)
	at java.lang.reflect.Method.invoke(Unknown Source)
	at org.eclipse.equinox.launcher.Main.invokeFramework(Main.java:629)
	at org.eclipse.equinox.launcher.Main.basicRun(Main.java:584)
	at org.eclipse.equinox.launcher.Main.run(Main.java:1438)
	at org.eclipse.equinox.launcher.Main.main(Main.java:1414)",UI,high
RIENA-318300,RIENA,CompletionCombo - blink if no entry is found (if entry must be in the list),"Currently when an entry is ignored we signal that with a flashy/blinking red background color (very short). I (we) think it would be better to flash withe error marker that is active. So either control decoration or if you have BorderErrorMarker then flash with that one.

That would be true for every widget where we do that. I list the one's that I have in mind.

- some cases for textfields or MaxLengthValidators where an ignore char is showed by blinking
- CompletionCombo (if entry must be in the list) if no entry is found (quit possible that there is no blinking yet
- maybe Date Decimal Number fields for non numeric entry.

anything else",UI,normal
PDE-46909,PDE,setHightlightRange() does not work,"Build: I-20031118

1. Open the manifest editor on a plugin.xml file
2. Go to the source page.
3. In the outline view select an element.
You will see that the correct segment of text is selected in the editor yet 
the highlight range was not set correctly.
In the same piece of code that does the correct selection we also have the 
line:  setHighlightRange(...) with the correct arguments yet it is doing 
nothing.

The range indicator for the source editor is an instance of 
DefaultRangeIndicator which as I understand is also the default.",UI,normal
Z_ARCHIVED-153808,Z_ARCHIVED,NPEs running Code Review for Java,Import the attached test project analyze it and select Code Review for Java.  NPEs are logged.,TPTP,normal
EMF-387602,EMF,Missing configuration parameter in emf-base-maintenance,"Job configuration for emf-base-maintenance leaks an important build TP parameter:
eclipse.target.platform
Means emf-base SR1 RC1 was build against a Juno target platform instead of Galileo an now has a [3.84.0) constraint instead of [354.0).",Releng,normal
PLATFORM-171048,PLATFORM,Resizing on Vista causes black bars to appear,"M20070112-1200

Resizing Eclipse on Vista causes a  black bar to appear down the right hand side and at the bottom while performing the resize.",SWT,normal
PAPYRUS-365291,PAPYRUS,[Property View] BigListItems are ignored in ModelContentProvider,"In EMF Facet customizable browser the items may be grouped when there are more than 1000 objects in a single reference.

These groups are filtered in the modelexplorer ModelContentProvider and the HierarchicViewerFilter and they should not.",Core,normal
EMF-403293,EMF,org.eclipse.emf.common.util.CommonUtil$StringPool$StringsAccessUnit.ensureCapacity copies buffer with bad length,"The following stack trace from a new strange test failure on Hudson is at first glance impossible.

Why is unloading a Resource creating a fragment and encounrtering an allocation problem?

Since StringsAccessUnit is new I strongly suspect a concurrency problem.
 


java.lang.ArrayIndexOutOfBoundsException
	at org.eclipse.emf.common.util.CommonUtil$StringPool$StringsAccessUnit.ensureCapacity(CommonUtil.java:934)
	at org.eclipse.emf.common.util.CommonUtil$StringPool$StringsAccessUnit.append(CommonUtil.java:1025)
	at org.eclipse.emf.common.util.URI$Fragment.toString(URI.java:4585)
	at org.eclipse.emf.common.util.URI$Fragment.(URI.java:4289)
	at org.eclipse.emf.common.util.URI.appendFragment(URI.java:5141)
	at org.eclipse.emf.ecore.resource.impl.ResourceImpl.unloaded(ResourceImpl.java:1587)
	at org.eclipse.emf.ecore.resource.impl.ResourceImpl.doUnload(ResourceImpl.java:1648)
	at org.eclipse.emf.ecore.xmi.impl.XMLResourceImpl.doUnload(XMLResourceImpl.java:662)
	at org.eclipse.emf.ecore.resource.impl.ResourceImpl.unload(ResourceImpl.java:1663)
	at org.eclipse.ocl.examples.pivot.manager.MetaModelManager.dispose(MetaModelManager.java:1077)",Core,high
MYLYN-139331,MYLYN,classpath and project files added to context upon project creation,With a task active if a project is created the .classpath file and .project file automatically have interest. Perhaps there needs to be an 'ignore' list?,Core,normal
PAPYRUS-284574,PAPYRUS,[All Diagrams] EnumerationFigure should inherit of ClassifierFigure,Instead of NodeNamedElementFigure.,Core,normal
PLATFORM-57426,PLATFORM,Clipped items when setting a tree item to use a bold font,"When setting an items font to bold using the new TreeItem.setFont() then the 
width of the item isn't adjusted properly. See the attached screen shot.

This is how the bold font is computed that it then passed to the 
TreeItem.setFont().
			Font defaultFont = JFaceResources.getDefaultFont()
			FontData[] data = defaultFont.getFontData()
			for (int i = 0 i < data.length i++) {
				data[i].setStyle(SWT.BOLD)
			}				
			categoryFont = new Font(display data)",SWT,normal
PDT-494385,PDT,IndexOutOfBoundsException below ASTUtils.getConstantDeclaration (thrown in ArrayList.rangeCheck),"The following problem was reported via the automated error reporting:

Message: Index: 0 Size: 0
java.lang.IndexOutOfBoundsException: Index: 0 Size: 0
    at java.util.ArrayList.rangeCheck(ArrayList.java:635)
    at java.util.ArrayList.get(ArrayList.java:411)
    at org.eclipse.php.internal.core.compiler.ast.parser.ASTUtils.getConstantDeclaration(ASTUtils.java:440)
    at org.eclipse.php.internal.core.index.PhpIndexingVisitor.visit(PhpIndexingVisitor.java:714)
    at org.eclipse.php.internal.core.index.PhpIndexingVisitor.visit(PhpIndexingVisitor.java:938)
    at org.eclipse.php.internal.core.compiler.ast.nodes.PHPCallExpression.traverse(PHPCallExpression.java:44)
    at org.eclipse.php.internal.core.compiler.ast.nodes.IgnoreError.traverse(IgnoreError.java:41)
    at org.eclipse.php.internal.core.compiler.ast.nodes.ExpressionStatement.traverse(ExpressionStatement.java:44)
    at org.eclipse.dltk.ast.statements.Block.traverse(Block.java:43)
    at org.eclipse.dltk.ast.declarations.MethodDeclaration.traverseChildNodes(MethodDeclaration.java:97)
    at org.eclipse.dltk.ast.declarations.MethodDeclaration.traverse(MethodDeclaration.java:71)
    at org.eclipse.dltk.ast.statements.Block.traverse(Block.java:43)
    at org.eclipse.dltk.ast.declarations.TypeDeclaration.traverse(TypeDeclaration.java:158)
    at org.eclipse.dltk.ast.statements.Block.traverse(Block.java:43)
    at org.eclipse.dltk.ast.declarations.ModuleDeclaration.traverse(ModuleDeclaration.java:71)
    at org.eclipse.php.internal.core.index.PhpIndexingParser.parseSourceModule(PhpIndexingParser.java:31)
    at org.eclipse.dltk.core.index2.AbstractIndexer.indexDocument(AbstractIndexer.java:45)
    at org.eclipse.dltk.internal.core.index.sql.SqlIndexer.indexDocument(SqlIndexer.java:147)
    at org.eclipse.dltk.internal.core.index2.SourceModulesRequest.run(SourceModulesRequest.java:78)
    at org.eclipse.dltk.core.search.indexing.AbstractJob.execute(AbstractJob.java:76)
    at org.eclipse.dltk.internal.core.search.processing.JobManager.run(JobManager.java:469)
    at java.lang.Thread.run(Thread.java:745)



Bundles:
| org.eclipse.dltk | 5.3.0.201509040407 | 5.5.0.201605121505 |
| org.eclipse.dltk.core | 5.3.0.201509040407 | 5.5.0.201605121505 |
| org.eclipse.dltk.core.index | 5.3.0.201509040407 | 5.5.0.201603271854 |
| org.eclipse.dltk.core.index.lucene | 5.5.0.201605121505 | 5.5.0.201605121505 |
| org.eclipse.dltk.core.index.sql | 5.3.0.201509040407 | 5.5.0.201603271854 |
| org.eclipse.php.core | 3.6.0.201509151953 | 4.0.0.201605111954 |

Operating Systems:
| Linux | 3.2.0 | 4.5.1 |
| MacOSX | 10.10.5 | 10.11.5 |
| Windows | 5.2.0 | 10.0.0 |


The above information is a snapshot of the collected data. Visit https://dev.eclipse.org/recommenders/committers/aeri/v2/#!/problems/560e2c86e4b0028d23755224 for the latest data.

Thank you for your assistance.
 Your friendly error-reports-inbox.",Core,normal
PLATFORM-11556,PLATFORM,Scrolling up and down while dragging in the Navigator is not possible while a horizontal scroll bar is displayed.,"If you have the Navigator displayed and a horizontal scroll bar and a vertical 
scroll bar is displayed you cannot drag and scroll.  If you make the Navigator 
wider so that the horizontal scroll bar disappears you can now drag and scroll.

To Reproduce:

1. Open up Eclipse
2. Open the Navigator
3. Create a couple of simple projects in the navigator
4. Add say 5 files to each project
5. Now shrink the Navigator until a vertical scroll bar appears
6. Drag a file from one project to the bottom of the other project note the 
navigator view scrolls
7. Now shrink the navigator so that a horizontal scroll bar appears
8. Drag a file from one project to the bottom (or top whatever is out of the 
screen) note the navigator view will not scroll.",UI,normal
MYLYN-175156,MYLYN,Not all interesting document editors being restored upon context activation,ContextEditorManager.contextActivated() is incrementing opened variable once in the for loop parameter and once in the loop body. This results in half of the upper limit loading vs the entire number of editors (currently preset ContextUiPrefContstants.AUTO_MANAGE_EDITORS_OPEN_NUM is set to  8).,Core,low
GMF-TOOLING-221347,GMF-TOOLING,Refactor ElementInitializers.xpt,"It's too complicated and too reflective for the case when we have all the information in the genmodel.

Interfaces declared by generated code are bad practice. Reflective code when we can generate typed access is odd.",Core,normal
RIENA-262481,RIENA,Optimization,"+++ This bug was initially created as a clone of Bug #252804 +++

Projects must optimize their own update site using pack200 to reduce bandwidth utilization and provide a better update experience for users. With the introduction of p2 project update sites must generate metadata (artifact and content repository info).",Releng,normal
PLATFORM-530492,PLATFORM,Few Platform UI tests fail while running with Java 9,"http://download.eclipse.org/eclipse/downloads/drops4/I20180124-2000/testResults.php

1) org.eclipse.jface.tests.viewers.ListViewerRefreshTest.testSelectionRefresh
2) org.eclipse.ui.tests.api.workbenchpart.DependencyInjectionViewTest.testDependencyInjectionLifecycle
3) org.eclipse.ui.tests.navigator.jst.JstPipelineTest.testJstPipeline

Failed using Java 9 in the build I201801242000",UI,normal
PLATFORM-29232,PLATFORM,feature about dialog blurb needs copyright to include 2003,"The user-visible copyright notices in each feature's about dialog
should include 2003.

1. Launch Eclipse
2. Select Help > About Eclipse Platform...
3. Press Feature Details
4. Select a feature from the list
Observe: The blurb at the bottom contains a copyright notice
that does not mention 2003.
Expectation: Since these features are changing in the 2003 the 
notice should include 2003.

about.properties files (in feature *plug-in* project)
blurb property

Currently reads:
(c) Copyright IBM Corp. and others 2000 2002.  All rights reserved.
should read:
(c) Copyright IBM Corp. and others 2000 2003.  All rights reserved.",Releng,normal
PAPYRUS-316874,PAPYRUS,[Wizard] Move NewPapyrusProjectWizard and CreateUMLModelWizard classes to oep.wizards plugin,"NewPapyrusProjectWizard and CreateUMLModelWizard classes are located in oep.diagram.common plugin for historical reasons. It's no need to keep them there now it's better to move these classes to oep.wizards plugin. It's natural to look for them there. So the task is 
1. Move NewPapyrusProjectWizard  to oep.wizards plugin
2. Get rid of CreateUMLModelWizard class. The class was dependatant on UML metamodel. After series of refactoring the dependences on model are moved to CreationCommands.
3. Register CreateModelWizard class as a wizard in plugin.xml",Core,normal
HUDSON-469987,HUDSON,3.3.0 - RC1 - Updating Ant location / definition,"Created attachment 254349
3.3.0_RC_1 screen print from system config.

Ant configuration not carried over.

I see there are more versions of ant available but the config for ant doesn't carry over caused job failures until fixed.

See attachments.",Core,normal
JDT-94020,JDT,Surround with Try/Catch refactoring modifies (breaks) code,"Build 20050505

I highlighted the following code and ran the Surround With Try/Catch
refactoring. Besides surrounding my code with the correct try/catch statement
the refactoring reordered my lines of code (!!) introducing a compilation error.

My code before refactoring:
 DocumentBuilder builder= DocumentBuilderFactory.newInstance().newDocumentBuilder()
 builder.setErrorHandler(new DefaultHandler())
 Element root= builder.parse(configuration).getDocumentElement()

My code after the refactoring:
  Element root
  try {
    root= builder.parse(configuration).getDocumentElement()
    DocumentBuilder builder=
DocumentBuilderFactory.newInstance().newDocumentBuilder()
    builder.setErrorHandler(new DefaultHandler())
  } catch (ParserConfigurationException e) {
    // TODO Auto-generated catch block
    e.printStackTrace()
  } catch (SAXException e) {
    // TODO Auto-generated catch block
    e.printStackTrace()
  } catch (IOException e) {
    // TODO Auto-generated catch block
    e.printStackTrace()
  }",UI,high
PDT-458446,PDT,Namespace reference start offset is before parent node,"I noticed that NamespaceReference node has start offset before its parent:


	
		
		
	
	
	


Probably this state is incorrect. Am I correct?",Core,normal
JDT-15788,JDT,Walkbacks at startup,"Build: 20020508

I got the following printed to the console at startup:

(note: I didn't see these error messages in the log which scares me)

java.lang.IllegalStateException: zip file closed
	at java.util.zip.ZipFile.getEntry(ZipFile.java:143)
	at
org.eclipse.jdt.internal.compiler.classfmt.ClassFileReader.read(ClassFileReader.java:541)
	at org.eclipse.jdt.internal.core.ClassFile.getBinaryTypeInfo(ClassFile.java:163)
	at org.eclipse.jdt.internal.core.ClassFile.generateInfos(ClassFile.java:121)
	at org.eclipse.jdt.internal.core.Openable.buildStructure(Openable.java:66)
	at org.eclipse.jdt.internal.core.Openable.openWhenClosed(Openable.java:386)
	at org.eclipse.jdt.internal.core.BinaryMember.openHierarchy(BinaryMember.java:78)
	at org.eclipse.jdt.internal.core.JavaElement.getRawInfo(JavaElement.java:386)
	at org.eclipse.jdt.internal.core.BinaryType.isInterface(BinaryType.java:398)
	at org.eclipse.jdt.internal.core.BinaryType.isClass(BinaryType.java:392)
	at org.eclipse.jdt.internal.core.NameLookup.acceptType(NameLookup.java:104)
	at
org.eclipse.jdt.internal.core.NameLookup.seekTypesInBinaryPackage(NameLookup.java:603)
	at org.eclipse.jdt.internal.core.NameLookup.seekTypes(NameLookup.java:549)
	at org.eclipse.jdt.internal.core.NameLookup.findType(NameLookup.java:431)
	at org.eclipse.jdt.internal.core.NameLookup.findType(NameLookup.java:359)
	at
org.eclipse.jdt.internal.core.SearchableEnvironment.find(SearchableEnvironment.java:49)
	at
org.eclipse.jdt.internal.core.SearchableEnvironment.findType(SearchableEnvironment.java:128)
	at
org.eclipse.jdt.internal.compiler.lookup.LookupEnvironment.askForType(LookupEnvironment.java:85)
	at
org.eclipse.jdt.internal.compiler.lookup.LookupEnvironment.getType(LookupEnvironment.java:421)
	at org.eclipse.jdt.internal.compiler.lookup.Scope.getJavaLangObject(Scope.java:793)
	at
org.eclipse.jdt.internal.compiler.lookup.ClassScope.connectSuperclass(ClassScope.java:560)
	at
org.eclipse.jdt.internal.compiler.lookup.ClassScope.connectTypeHierarchy(ClassScope.java:662)
	at
org.eclipse.jdt.internal.compiler.lookup.CompilationUnitScope.connectTypeHierarchy(CompilationUnitScope.java:170)
	at
org.eclipse.jdt.internal.compiler.lookup.LookupEnvironment.completeTypeBindings(LookupEnvironment.java:161)
	at org.eclipse.jdt.internal.compiler.Compiler.beginToCompile(Compiler.java:303)
	at org.eclipse.jdt.internal.compiler.Compiler.resolve(Compiler.java:553)
	at
org.eclipse.jdt.internal.core.CompilationUnitProblemFinder.resolve(CompilationUnitProblemFinder.java:163)
	at org.eclipse.jdt.internal.core.WorkingCopy.reconcile(WorkingCopy.java:374)
	at
org.eclipse.jdt.internal.ui.text.java.JavaReconcilingStrategy.reconcile(JavaReconcilingStrategy.java:72)
	at
org.eclipse.jdt.internal.ui.text.java.JavaReconcilingStrategy.initialReconcile(JavaReconcilingStrategy.java:121)
	at
org.eclipse.jface.text.reconciler.MonoReconciler.initialProcess(MonoReconciler.java:95)
	at
org.eclipse.jface.text.reconciler.AbstractReconciler$BackgroundThread.run(AbstractReconciler.java:134)
java.lang.IllegalStateException: zip file closed
	at java.util.zip.ZipFile.getEntry(ZipFile.java:143)
	at
org.eclipse.jdt.internal.compiler.classfmt.ClassFileReader.read(ClassFileReader.java:541)
	at org.eclipse.jdt.internal.core.ClassFile.getBinaryTypeInfo(ClassFile.java:163)
	at org.eclipse.jdt.internal.core.ClassFile.generateInfos(ClassFile.java:121)
	at org.eclipse.jdt.internal.core.Openable.buildStructure(Openable.java:66)
	at org.eclipse.jdt.internal.core.Openable.openWhenClosed(Openable.java:386)
	at org.eclipse.jdt.internal.core.BinaryMember.openHierarchy(BinaryMember.java:78)
	at org.eclipse.jdt.internal.core.JavaElement.getRawInfo(JavaElement.java:386)
	at org.eclipse.jdt.internal.core.BinaryType.isInterface(BinaryType.java:398)
	at org.eclipse.jdt.internal.core.BinaryType.isClass(BinaryType.java:392)
	at org.eclipse.jdt.internal.core.NameLookup.acceptType(NameLookup.java:104)
	at
org.eclipse.jdt.internal.core.NameLookup.seekTypesInBinaryPackage(NameLookup.java:603)
	at org.eclipse.jdt.internal.core.NameLookup.seekTypes(NameLookup.java:549)
	at org.eclipse.jdt.internal.core.NameLookup.findType(NameLookup.java:431)
	at org.eclipse.jdt.internal.core.NameLookup.findType(NameLookup.java:359)
	at
org.eclipse.jdt.internal.core.SearchableEnvironment.find(SearchableEnvironment.java:49)
	at
org.eclipse.jdt.internal.core.SearchableEnvironment.findType(SearchableEnvironment.java:128)
	at
org.eclipse.jdt.internal.compiler.lookup.LookupEnvironment.askForType(LookupEnvironment.java:85)
	at
org.eclipse.jdt.internal.compiler.lookup.LookupEnvironment.getType(LookupEnvironment.java:421)
	at org.eclipse.jdt.internal.compiler.lookup.Scope.getJavaLangObject(Scope.java:793)
	at
org.eclipse.jdt.internal.compiler.lookup.ClassScope.connectSuperclass(ClassScope.java:560)
	at
org.eclipse.jdt.internal.compiler.lookup.ClassScope.connectTypeHierarchy(ClassScope.java:662)
	at
org.eclipse.jdt.internal.compiler.lookup.CompilationUnitScope.connectTypeHierarchy(CompilationUnitScope.java:170)
	at
org.eclipse.jdt.internal.compiler.lookup.LookupEnvironment.completeTypeBindings(LookupEnvironment.java:161)
	at org.eclipse.jdt.internal.compiler.Compiler.beginToCompile(Compiler.java:303)
	at org.eclipse.jdt.internal.compiler.Compiler.resolve(Compiler.java:553)
	at
org.eclipse.jdt.internal.core.CompilationUnitProblemFinder.resolve(CompilationUnitProblemFinder.java:163)
	at org.eclipse.jdt.internal.core.WorkingCopy.reconcile(WorkingCopy.java:374)
	at
org.eclipse.jdt.internal.ui.text.java.JavaReconcilingStrategy.reconcile(JavaReconcilingStrategy.java:72)
	at
org.eclipse.jdt.internal.ui.text.java.JavaReconcilingStrategy.initialReconcile(JavaReconcilingStrategy.java:121)
	at
org.eclipse.jface.text.reconciler.MonoReconciler.initialProcess(MonoReconciler.java:95)
	at
org.eclipse.jface.text.reconciler.AbstractReconciler$BackgroundThread.run(AbstractReconciler.java:134)",Core,normal
PDE-303339,PDE,Error logged during Window > Show view due to pde.runtime.RegistryBrowser,"Build ID: Eclipse 3.5.1

Our product on top of Eclipse ships with the
   org.eclipse.pde.runtime_3.4.100.v20090731
bundle in order to get the Errorlog view (as well as the Plug-in Registry view) but we do not ship the rest of PDE nor do we ship JDT. In our product I find this in the error log after doing Window > Show View > Other:

  Category org.eclipse.pde.ui not found for view
  org.eclipse.pde.runtime.RegistryBrowser.  This view added to 'Other' category.

I suggest moving the definition of the org.eclipse.pde.ui view-category into the org.eclipse.pde.runtime bundle since that bundle seems to be the lowest common denominator of all views provided by PDE (that is PDE.UI depends on pde.runtime anyways).",UI,low
PAPYRUS-402720,PAPYRUS,[moka] Registered foundational library: problems related to OMG issues 18508 to 18514,"The registered foundational library has problems related to following OMG issues:
Issue 18508: FoundationModelLibrary UnlimitedNaturalFunctions: inconsistencies between the spec and the normative xmi
Issue 18510: ListFunctions should have a ListConcat behavior
Issue 18511: The ReadLine::result parameter should have direction return
Issue 18512: FoundationalModelLibrary::Common::Notification should be public
Issue 18513: The Listener reception of Notification should have a name
Issue 18514: The types of the ReadLine::errorStatus and WriteLine::errorStatus parametres should be Status",Core,normal
JDT-31601,JDT,JME when changing method signature,"20030206

- JUnit setup
- select Assert.assertNotNull(String Object) in Outliner
- activate Change Method Signature
- swap arguments
- OK

You get the following exception in the log.

Java Model Exception: Java Model Status [assertNull [in Assert [in [Working 
copy] Assert.java [in junit.framework [in [project root] [in JUnit]]]]] does 
not exist.]
	at org.eclipse.jdt.internal.core.JavaElement.newNotPresentException
(JavaElement.java:482)
	at org.eclipse.jdt.internal.core.JavaElement.openHierarchy
(JavaElement.java:511)
	at org.eclipse.jdt.internal.core.JavaElement.getElementInfo
(JavaElement.java:296)
	at org.eclipse.jdt.internal.core.SourceMethod.getSignature
(SourceMethod.java:133)
	at 
org.eclipse.jdt.internal.corext.refactoring.structure.ChangeSignatureRefactoring
.getInitialReturnTypeName(ChangeSignatureRefactoring.java:132)
	at 
org.eclipse.jdt.internal.corext.refactoring.structure.ChangeSignatureRefactoring
.(ChangeSignatureRefactoring.java:122)
	at org.eclipse.jdt.ui.actions.ModifyParametersAction.shouldAcceptElement
(ModifyParametersAction.java:156)
	at org.eclipse.jdt.ui.actions.ModifyParametersAction.canEnable
(ModifyParametersAction.java:130)
	at org.eclipse.jdt.ui.actions.ModifyParametersAction.selectionChanged
(ModifyParametersAction.java:88)
	at org.eclipse.jdt.ui.actions.ModifyParametersAction.run
(ModifyParametersAction.java:108)
	at org.eclipse.jdt.ui.actions.SelectionDispatchAction.dispatchRun
(SelectionDispatchAction.java:191)
	at org.eclipse.jdt.ui.actions.SelectionDispatchAction.run
(SelectionDispatchAction.java:169)
	at org.eclipse.jface.action.Action.runWithEvent(Action.java:804)
	at org.eclipse.jface.action.ActionContributionItem.handleWidgetSelection
(ActionContributionItem.java:450)
	at org.eclipse.jface.action.ActionContributionItem.handleWidgetEvent
(ActionContributionItem.java:398)
	at org.eclipse.jface.action.ActionContributionItem.access$0
(ActionContributionItem.java:392)
	at 
org.eclipse.jface.action.ActionContributionItem$ActionListener.handleEvent
(ActionContributionItem.java:72)
	at org.eclipse.swt.widgets.EventTable.sendEvent(EventTable.java:77)
	at org.eclipse.swt.widgets.Widget.sendEvent(Widget.java:836)
	at org.eclipse.swt.widgets.Display.runDeferredEvents(Display.java:1692)
	at org.eclipse.swt.widgets.Display.readAndDispatch(Display.java:1410)
	at org.eclipse.ui.internal.Workbench.runEventLoop(Workbench.java:1289)
	at org.eclipse.ui.internal.Workbench.run(Workbench.java:1272)
	at org.eclipse.core.internal.boot.InternalBootLoader.run
(InternalBootLoader.java:845)
	at org.eclipse.core.boot.BootLoader.run(BootLoader.java:461)
	at sun.reflect.NativeMethodAccessorImpl.invoke0(Native Method)
	at sun.reflect.NativeMethodAccessorImpl.invoke
(NativeMethodAccessorImpl.java:39)
	at sun.reflect.DelegatingMethodAccessorImpl.invoke
(DelegatingMethodAccessorImpl.java:25)
	at java.lang.reflect.Method.invoke(Method.java:324)
	at org.eclipse.core.launcher.Main.basicRun(Main.java:247)
	at org.eclipse.core.launcher.Main.run(Main.java:703)
	at org.eclipse.core.launcher.Main.main(Main.java:539)

IMO the problem is that selectionChanged is called with the original element 
which signature got changed.",UI,high
Z_ARCHIVED-109000,Z_ARCHIVED,Empty Manual Tests Produce Inconclusive Results,"After investigating bugzilla_90860 it appears that JUnit and manual tests
produce different verdicts given empty behavior.  Please see bugzilla_90860 for
more details.  I believe the manual test runner/client should be changed to
produce a success result unless Paul you believe we should come up with a
different solution.

Currently empty manual tests that are run produce inconclusive verdicts while
JUnit tests produce successes.",TPTP,normal
SUBVERSIVE-239422,SUBVERSIVE,Subversive references win32 on OS X,"Build ID: I20080617-2000

Steps To Reproduce:
1. Download http://www.eclipse.org/downloads/download.php?file=/technology/subversive/0.7/builds/Subversive-incubation-0.7.1.I20080612-1500.zip
2. Install under Ganymede
3. Try and install some other plugin or remove subversive plugin.

Is there a work around for this?


More information:
Error message when trying to install eclipse PDT:
Cannot complete the request.  See the details.
Unsatisfied dependency: [org.polarion.eclipse.team.svn.connector.javahl15.win32.feature.group 2.0.1.I20080612-1500] requiredCapability: org.eclipse.equinox.p2.iu/org.polarion.eclipse.team.svn.connector.javahl15.win32/[2.0.1.I20080612-15002.0.1.I20080612-1500]
Unsatisfied dependency: [org.polarion.eclipse.team.svn.connector.javahl.win32.feature.group 2.0.1.I20080612-1500] requiredCapability: org.eclipse.equinox.p2.iu/org.polarion.eclipse.team.svn.connector.javahl.win32/[2.0.1.I20080612-15002.0.1.I20080612-1500]",Core,normal
PLATFORM-490670,PLATFORM,Make gtk_image_menu_item_set_image dynamic,Used only in GTK 2.x code and deprecated since Gtk 3.10 so let's make it dynamic to reduce compiler noise when compiling on GTK 3.,SWT,normal
TIGERSTRIPE-260837,TIGERSTRIPE,Query Return Type not updated on Refactor,"If you refactor tan entity (from the explorer) and it is the return type of a query the Query is not updated.


Same issue as 260569",Core,normal
PLATFORM-501578,PLATFORM,Refresh external browser contributions on Linux,"The list is entirely out of date:
* Galeon is still there even though dead for 8 years
* Epiphany(Gnome Web) is missing
* Chromium is missing
* Konqueror has kde3 path only when almost no distro ships such",UI,normal
XTEND-483783,XTEND,[Xtend] File Rename on Xtend File not working,"Consider having following Xtend files:

abc/ABC.xtend

package abc

class ABC {
	
}

abc/DEF.xtend

package abc

class DEF extends ABC {
	
}

if you now F2 Rename the Xtend File ABC.xtend to ABC2.xtend that wont work.

org.eclipse.text.edits.MalformedTreeException: End position lies outside document range
	at org.eclipse.text.edits.TextEditProcessor.checkIntegrityDo(TextEditProcessor.java:178)
	at org.eclipse.text.edits.TextEdit.dispatchCheckIntegrity(TextEdit.java:743)
	at org.eclipse.text.edits.TextEditProcessor.performEdits(TextEditProcessor.java:151)
	at org.eclipse.ltk.core.refactoring.TextChange.performEdits(TextChange.java:277)
	at org.eclipse.ltk.core.refactoring.TextFileChange.performEdits(TextFileChange.java:266)
	at org.eclipse.ltk.core.refactoring.TextChange.perform(TextChange.java:238)
	at org.eclipse.ltk.core.refactoring.CompositeChange.perform(CompositeChange.java:278)
	at org.eclipse.ltk.core.refactoring.CompositeChange.perform(CompositeChange.java:278)
	at org.eclipse.ltk.core.refactoring.CompositeChange.perform(CompositeChange.java:278)
	at org.eclipse.ltk.core.refactoring.CompositeChange.perform(CompositeChange.java:278)
	at org.eclipse.ltk.core.refactoring.PerformChangeOperation$1.run(PerformChangeOperation.java:258)
	at org.eclipse.core.internal.resources.Workspace.run(Workspace.java:2241)
	at org.eclipse.ltk.core.refactoring.PerformChangeOperation.executeChange(PerformChangeOperation.java:306)
	at org.eclipse.ltk.internal.ui.refactoring.UIPerformChangeOperation.executeChange(UIPerformChangeOperation.java:92)
	at org.eclipse.ltk.core.refactoring.PerformChangeOperation.run(PerformChangeOperation.java:218)
	at org.eclipse.core.internal.resources.Workspace.run(Workspace.java:2241)

(the document is empty)

The Reason in imho the wrong implementation of IChangeRedirector in XtendFileRenameParticipant. It should be

source.equals(filePath) ? newPath : source

insteadof the current impl

source.equals(filePath) ? newPath : filePath",Core,normal
Z_ARCHIVED-143862,Z_ARCHIVED,TVT3.2:TCT738: Field impossible to read,"In the Profiling Type of the Edit Profiling Options the fied of the Probe Insertion is not reedable also if i enlarge all the window.
Please refer to the immage below.
Thanks and regards

Luca Schonenberger
Italian tester

----------------------------------------------
Description:
OS : RHEL 3.1
Must fix or not a must fix: YES
Build date: 0524
Component Name: TPTP
Blocking: No
Language: it
Tester Name: Luca Schonenberger
Problem Description: In the Profiling Type of the Edit Profiling Options the fied of the Probe Insertion is not reedable also if i enlarge all the window.
Please refer to the immage below.
----------------------------------------------------------------

Procedure

The prerequisite is PerformanceExample.class (unzip PerformanceExample.zip)

Launch Eclipse Workspace
Select ?Run > Profile...
Launch configuration shows
Double click ?External Java Application?
Verify Common tab in the launch configuration.
Select Host tab
Select any Host from the list. Select ?Edit? button Edit Host dialog shows.
Click Cancel to quit Edit Host dialog
Select ?Test Connection? button.
Select ?Main? tab.
Browse to select PerformanceExample.java file
Select ?Destination? tab
Select ?Monitor? tab
Check the following:
a.	Java Profiling
b.	Basic Memory Analysis
c.	Execution Time Analysis
d.	Method Code Coverage
e.	Logging Agent Discoverer

Select (but not check) ?Probe Insertion?
Click 'Edit Options'.

This article was reassigned from Category:''TVT/Testing''.",TPTP,high
PLATFORM-301410,PLATFORM,[DataBinding] NPE in ListSimpleValueObservableList on dispose,"Build Identifier: 3.5.1

I get NPE in ListSimpleValueObservableList when disposing ObservablesManager. I'm using EMF Databinding but it seems that the issue is not there. Here is the interesting part of the stacktrace:

java.lang.NullPointerException
    at org.eclipse.core.internal.databinding.property.value.ListSimpleValueObservableList.lastListenerRemoved(ListSimpleValueObservableList.java:172)
    at org.eclipse.core.databinding.observable.list.AbstractObservableList.dispose(AbstractObservableList.java:199)
    at org.eclipse.core.internal.databinding.property.value.ListSimpleValueObservableList.dispose(ListSimpleValueObservableList.java:468)
    at org.eclipse.core.databinding.observable.DecoratingObservable.dispose(DecoratingObservable.java:120)
    at org.eclipse.core.databinding.observable.DecoratingObservableCollection.dispose(DecoratingObservableCollection.java:137)
    at org.eclipse.core.databinding.observable.list.DecoratingObservableList.dispose(DecoratingObservableList.java:206)
    at org.eclipse.emf.databinding.internal.EMFObservableListDecorator.dispose(EMFObservableListDecorator.java:53)
    at org.eclipse.core.databinding.ObservablesManager.dispose(ObservablesManager.java:134) 

The discussion is here: http://www.eclipse.org/forums/index.php?t=msg&th=161784

Reproducible: Always",UI,normal
JDT-12153,JDT,Copy/Paste doesn't work as expected in Java Browsing prespective,"20020321
I wanted to copy a class to the same package and then rename it.
(Because the new class I am creating is quite similar to the old).
I happened to be in the Java Browsing perspective.
I selected the old class and said Copy.
Then I selected the package and tried to paste but it was disabled.
So I tried pasting into the 'class list' and I got text pasted into the editor.
It was a very strange behavior and not expected.",UI,normal
EPSILON-285905,EPSILON,EolModelElementType#isInstantiable returns wrong values,"The following EOL when executed on the Ecore metamodel

EClass.isInstantiable.println()
EStructuralFeature.isInstantiable.println()

returns

false
true


But EClass is concrete while EStructuralFeature is abstract.",Core,normal
GMF-TOOLING-155258,GMF-TOOLING,[reconciler] Reconcile ElementTypes,"Actually none of ElementType properties are reconciled.

Expected: At least (see subclasses?) ElementType#dspalyName and ElementType#isDefinedExternally are never set by GMF bridge code. They should be reconciled.",Core,normal
JDT-91864,JDT,[quick fix] insert cast at wrong position,"20050419

class A {
public static class CopySourceInfo {
  private final ASTNode node
}

public final CopySourceInfo copyInfo 
public Block getInternalPlaceholder() {
	return this.copyInfo.node
}
}

quick fix adds the cast between copyInfo and node",UI,normal
PLATFORM-492054,PLATFORM,What a nasty message if wrong VM used to start SDK or Platform,"While I almost always use a batch file to start Eclipse occasionally I want to just start it and occasionally I do that on machines where Java 7 is still the default. 

Tonight I was surprised how poor the error message is: the usual pop-up saying an error occurred see log in ... /configuration/digit{12}.log. Looking in that file is 9000 lines of error messages which I think few people would interpret as oh I used the wrong level of VM by acccident. 

Hence I suggest we put -Dosgi.requiredJavaVersion=1.8 in our 3 products: Platform SDK and RTStarterKit. The message is pretty clear then: pop up says Java 1.7 is not suitable. Java 1.8 or higher is requried.",Releng,normal
JDT-18719,JDT,No code complete in JavaDoc for methods in the same type [javadoc],"Build 20020602

1. Create the following class:
public class A {
  /**
   * Doc for a
   */
  public void a() {
  }
  /**
   * @see A#
   */
  public void b() {
  }
}
2. Put your cursor in the JavaDoc for method b() after the '#'.
3. Hit ctrl+space to get code completion proposals. Nothing shows up.
4. Create a class B like so:
public class B {
  /**
   * @see A#
   */
  public void b() {
  }
}
5. Repeat steps 2 and 3 for the method B#b(). Code complete correctly 
displays the methods on A.

In the first test case code complete should display the methods on class 
A. It doesn't.",UI,low
XTEND-442234,XTEND,[validation] Update lib validation to check for v2.7,Currently we validate that the library is on the CP with a type that was introduced in 2.6. We have to update that validation.,Core,normal
PLATFORM-323881,PLATFORM,Eclipse 3.6 unstable on Mandriva 2010.1 Spring 64,"My Eclipse 3.6 is really unstable under Mandriva 2010.1 Spring 64.

(I use the one of Eclipse.org not the one from Mandriva)

It used to work fine on Mandriva 2010 64 (I have been running several milestones on it until RC2).

Eclipse usually crashes when content assist is at work.

Sometimes I can work for one hour sometimes it crashes just after a few minutes of use.

It looks to me like a problem with the new version of GTK that ships with the new release of Mandriva.

Here are the gtk packages available on my computer:

canberra-gtk-0.24-2mdv2010.1
lib64gtk-engines2-2.20.1-2mdv2010.1
lib64gtksourceview-1.0_0-1.8.5-6mdv2010.1
python-gtksourceview-2.10.1-2mdv2010.1
scim-gtk-1.4.9-6mdv2010.1
wxgtk2.8-2.8.10-6mdv2010.1
pygtk2.0-2.17.0-4mdv2010.1
lib64canberra-gtk0-0.24-2mdv2010.1
pygtk2.0-libglade-2.17.0-4mdv2010.1
gtk-sharp2-2.12.10-1mdv2010.1
lib64gtk+-x11-2.0_0-2.20.1-1mdv2010.1
libgtk+2.0_0-2.20.1-1mdv2010.1
gtkspell-2.0.16-1mdv2010.1
gtkhtml-3.14-3.30.2-1mdv2010.1
gnome-python-gtkmozembed-2.25.3-18.1mdv2010.1
lib64clutter-gtk0.10_0-0.10.4-1mdv2010.1
python-webkitgtk-1.1.7-1mdv2010.1
lib64gdu-gtk0-2.30.1-2mdv2010.1
scim-bridge-gtk-0.4.16-5mdv2010.1
lib64wxgtkglu2.8-2.8.10-6mdv2010.1
gtk-engines2-2.20.1-2mdv2010.1
transmission-gtk-1.92-1mdv2010.1
lib64empathy-gtk28-2.28.1-2mdv2010.0
gtksourceview-2.10.1-2mdv2010.1
gtk+2.0-2.20.1-1mdv2010.1
libgtk+-x11-2.0_0-2.20.1-1mdv2010.1
gtksourceview1-1.8.5-6mdv2010.1
lib64champlain-gtk0.4_0-0.4.5-1mdv2010.1
lib64gtkhtml-3.14_19-3.30.2-1mdv2010.1
lib64polkit-gtk1_0-0.96-2mdv2010.1
lib64webkitgtk1.0_2-1.2.0-3mdv2010.1
lib64gtkimageview0-1.6.4-2mdv2010.1
lib64cheese-gtk18-2.30.1-1mdv2010.1
lib64gtkspell0-2.0.16-1mdv2010.1
pinentry-gtk2-0.8.0-5mdv2010.1
lib64gtkmm2.4_1-2.20.3-1mdv2010.1
lib64gtk+2.0_0-2.20.1-1mdv2010.1
xdg-user-dirs-gtk-0.8-4mdv2010.1
lib64wxgtku2.8-2.8.10-6mdv2010.1
lib64gtksourceview-2.0_0-2.10.1-2mdv2010.1
compiz-decorator-gtk-0.8.6-1mdv2010.1

I run a Sun JVM:

java version 1.6.0_20
Java(TM) SE Runtime Environment (build 1.6.0_20-b02)
Java HotSpot(TM) 64-Bit Server VM (build 16.3-b01 mixed mode)

I cannot find in the log some information about the crash.

I got an error in the logs about jface but it occurred hours before Eclipse crashed.

!ENTRY org.eclipse.pde.api.tools 4 120 2010-08-23 23:02:23.883
!MESSAGE Error logged from API Tools Core: 
!STACK 0
org.eclipse.jface.text.BadLocationException
	at org.eclipse.jface.text.ListLineTracker.getLineNumberOfOffset(ListLineTracker.java:140)
	at org.eclipse.jface.text.AbstractLineTracker.getLineNumberOfOffset(AbstractLineTracker.java:161)
	at org.eclipse.jface.text.AbstractDocument.getLineOfOffset(AbstractDocument.java:915)
	at org.eclipse.core.internal.filebuffers.SynchronizableDocument.getLineOfOffset(SynchronizableDocument.java:395)
	at org.eclipse.pde.api.tools.internal.builder.AbstractProblemDetector.createProblem(AbstractProblemDetector.java:141)
	at org.eclipse.pde.api.tools.internal.builder.AbstractProblemDetector.createProblems(AbstractProblemDetector.java:381)
	at org.eclipse.pde.api.tools.internal.builder.ReferenceAnalyzer.analyze(ReferenceAnalyzer.java:263)
	at org.eclipse.pde.api.tools.internal.builder.BaseApiAnalyzer.checkApiUsage(BaseApiAnalyzer.java:912)
	at org.eclipse.pde.api.tools.internal.builder.BaseApiAnalyzer.analyzeComponent(BaseApiAnalyzer.java:262)
	at org.eclipse.pde.api.tools.internal.builder.IncrementalApiBuilder.build(IncrementalApiBuilder.java:272)
	at org.eclipse.pde.api.tools.internal.builder.IncrementalApiBuilder.build(IncrementalApiBuilder.java:230)
	at org.eclipse.pde.api.tools.internal.builder.ApiAnalysisBuilder.build(ApiAnalysisBuilder.java:314)
	at org.eclipse.core.internal.events.BuildManager$2.run(BuildManager.java:629)
	at org.eclipse.core.runtime.SafeRunner.run(SafeRunner.java:42)
	at org.eclipse.core.internal.events.BuildManager.basicBuild(BuildManager.java:172)
	at org.eclipse.core.internal.events.BuildManager.basicBuild(BuildManager.java:203)
	at org.eclipse.core.internal.events.BuildManager$1.run(BuildManager.java:255)
	at org.eclipse.core.runtime.SafeRunner.run(SafeRunner.java:42)
	at org.eclipse.core.internal.events.BuildManager.basicBuild(BuildManager.java:258)
	at org.eclipse.core.internal.events.BuildManager.basicBuildLoop(BuildManager.java:311)
	at org.eclipse.core.internal.events.BuildManager.build(BuildManager.java:343)
	at org.eclipse.core.internal.events.AutoBuildJob.doBuild(AutoBuildJob.java:144)
	at org.eclipse.core.internal.events.AutoBuildJob.run(AutoBuildJob.java:242)
	at org.eclipse.core.internal.jobs.Worker.run(Worker.java:54)
!SESSION 2010-08-28 09:21:26.579 -----------------------------------------------
eclipse.buildId=I20100608-0911
java.version=1.6.0_20
java.vendor=Sun Microsystems Inc.
BootLoader constants: OS=linux ARCH=x86_64 WS=gtk NL=fr_FR
Command-line arguments:  -os linux -ws gtk -arch x86_64

!ENTRY org.eclipse.core.resources 2 10035 2010-08-28 09:21:29.622
!MESSAGE The workspace exited with unsaved changes in the previous session refreshing workspace to recover changes.",SWT,high
Z_ARCHIVED-125345,Z_ARCHIVED,Remove untranslatable graphics from test doc,Remove asf-left.gif and asf-right.gif from the test docs because they contain English text.,TPTP,normal
PLATFORM-317309,PLATFORM,Platforms to remove in 3.7,"Today we build 15 platforms.  Many of these have low download numbers.  Each platform we support takes time to build and consumes space on eclipse.org.  It also takes time for the SWT and launcher teams to maintain these fragments.  I'd like to propose removing the following platforms in 3.7.  

Solaris gtk sparc
Linux gtk ppc 32 bit
macosx carbon
linux motif x86

The ultimate decision of what platforms stay or go rests with the PMC but I have opened this bug for discussion.",Releng,normal
Z_ARCHIVED-145014,Z_ARCHIVED,build script maintenance in i4, ,TPTP,normal
PLATFORM-299619,PLATFORM,[DataBinding] SetSimpleValueObservableMap and MapSimpleValueObservableMap have wrong key/value types,Both classes do not expose the type of the detail value property and the MapSimpleValueObservableMap class does also not expose the key type which is the same as the one of its master map.,UI,normal
PLATFORM-101570,PLATFORM,org.eclipse.swt.examples has warnings with the default JDT settings,"When checking out org.eclipse.swt.examples with the default JDT settings 
there are compilation warnings. Please fix and release into HEAD so that I can 
build Intro samples (no need to version and release to not part of the build 
schedule).",SWT,normal
Z_ARCHIVED-145983,Z_ARCHIVED,[Webdoc] [Readme] Manual Test View requires a specific vendor/version of Web browser to be installed/configured.,"[Webdoc] [Readme] Manual Test View requires a specific vendor/version of Web browser to be installed/configured.

Please add the following item (edit as necessary) to the TPTP v4.2 readme:

When running the Manual Test View a specific vendor/version of Web browser is required to be installed and configured (Linux):

Windows (Internet Explorer 5 and above) 
Mac (Panther OS X 10.3 and above. Safari based) 
Linux GTK and Linux Motif (Mozilla 1.4 GTK2 and above or Firefox 1.0 and above) 
Photon 

For more information on configuring the Web browser on Linux see http://www.eclipse.org/swt/faq.php#browserlinuxrcp.",TPTP,normal
Z_ARCHIVED-128899,Z_ARCHIVED,Configuration generation needs two fixes TPTP_AC_HOME and Classpath,SetConfig will generate the new AC's serviceconfig.xml with TPTP_AC_HOME fixed to a set path (RASERVER_HOME's actual value) and with no Classpath specified for the CCTL. The first problem means that if someone is used to using the RAC and tries to set RASERVER_HOME we fail to be fully backward compatible as we use TPTP_AC_HOME instead. Quick fix is to make TPTP_AC_HOME be %RASERVER_HOME% in serviceconfig.xml not it's *value*. The second problem will cause the AC to bomb in its attempts to get at the jars it needs. The quick fix here (and this is only for 4.2i1) is to generate the Classpath setting in the CCTL portion. Long term 128264 will provide the real solution.,TPTP,normal
Z_ARCHIVED-123114,Z_ARCHIVED,Point Feature:  Documentation work for [93212] Launch UI for more agents incl. JVMTI in the summary,The purpose of this feature is to keep track of the documentation work that will be needed for 93212.,TPTP,normal
KURA-497274,KURA,Missing Constraint: Import-Package: javax.microedition.io,"Hi

I might have miss a point during the setup of the Emulator.
When I try to launch Kura on the emulator once I have created the the HelloOsgi sample I get the following error:

!SESSION 2016-07-05 00:26:55.755 -----------------------------------------------
eclipse.buildId=unknown
java.version=1.8.0_66
java.vendor=Oracle Corporation
BootLoader constants: OS=macosx ARCH=x86_64 WS=cocoa NL=en_US
Command-line arguments:  -dev file:/Users/philippe/Documents/workspaces/kura/.metadata/.plugins/org.eclipse.pde.core/Kura_Emulator_OSX/dev.properties -os macosx -ws cocoa -arch x86_64 -consoleLog -console

!ENTRY org.eclipse.kura.api 4 0 2016-07-05 00:26:56.207
!MESSAGE FrameworkEvent ERROR
!STACK 0
org.osgi.framework.BundleException: The bundle org.eclipse.kura.api_1.0.7 [12] could not be resolved. Reason: Missing Constraint: Import-Package: javax.microedition.io version=0.0.0
	at org.eclipse.osgi.framework.internal.core.AbstractBundle.getResolverError(AbstractBundle.java:1332)
	at org.eclipse.osgi.framework.internal.core.AbstractBundle.getResolutionFailureException(AbstractBundle.java:1316)
	at org.eclipse.osgi.framework.internal.core.BundleHost.startWorker(BundleHost.java:323)
	at org.eclipse.osgi.framework.internal.core.AbstractBundle.resume(AbstractBundle.java:390)
	at org.eclipse.osgi.framework.internal.core.Framework.resumeBundle(Framework.java:1176)
	at org.eclipse.osgi.framework.internal.core.StartLevelManager.resumeBundles(StartLevelManager.java:559)
	at org.eclipse.osgi.framework.internal.core.StartLevelManager.resumeBundles(StartLevelManager.java:544)
	at org.eclipse.osgi.framework.internal.core.StartLevelManager.incFWSL(StartLevelManager.java:457)
	at org.eclipse.osgi.framework.internal.core.StartLevelManager.doSetStartLevel(StartLevelManager.java:243)
	at org.eclipse.osgi.framework.internal.core.StartLevelManager.dispatchEvent(StartLevelManager.java:438)
	at org.eclipse.osgi.framework.internal.core.StartLevelManager.dispatchEvent(StartLevelManager.java:1)
	at org.eclipse.osgi.framework.eventmgr.EventManager.dispatchEvent(EventManager.java:230)
	at org.eclipse.osgi.framework.eventmgr.EventManager$EventThread.run(EventManager.java:340)

!ENTRY org.eclipse.osgi 4 0 2016-07-05 00:26:56.215
!MESSAGE Bundle initial@reference:file:../../../../org.eclipse.kura.api/ was not resolved.

!ENTRY org.eclipse.osgi 4 0 2016-07-05 00:26:56.215
!MESSAGE Could not find bundle: org.eclipse.equinox.console
!STACK 0
org.osgi.framework.BundleException: Could not find bundle: org.eclipse.equinox.console
	at org.eclipse.osgi.framework.internal.core.ConsoleManager.checkForConsoleBundle(ConsoleManager.java:211)
	at org.eclipse.core.runtime.adaptor.EclipseStarter.startup(EclipseStarter.java:297)
	at org.eclipse.core.runtime.adaptor.EclipseStarter.run(EclipseStarter.java:176)
	at sun.reflect.NativeMethodAccessorImpl.invoke0(Native Method)
	at sun.reflect.NativeMethodAccessorImpl.invoke(NativeMethodAccessorImpl.java:62)
	at sun.reflect.DelegatingMethodAccessorImpl.invoke(DelegatingMethodAccessorImpl.java:43)
	at java.lang.reflect.Method.invoke(Method.java:497)
	at org.eclipse.equinox.launcher.Main.invokeFramework(Main.java:629)
	at org.eclipse.equinox.launcher.Main.basicRun(Main.java:584)
	at org.eclipse.equinox.launcher.Main.run(Main.java:1438)
	at org.eclipse.equinox.launcher.Main.main(Main.java:1414)

!ENTRY org.eclipse.osgi 2 0 2016-07-05 00:26:56.225
!MESSAGE One or more bundles are not resolved because the following root constraints are not resolved:
!SUBENTRY 1 org.eclipse.osgi 2 0 2016-07-05 00:26:56.225
!MESSAGE Bundle initial@reference:file:../../../../org.eclipse.kura.api/ was not resolved.
!SUBENTRY 2 org.eclipse.kura.api 2 0 2016-07-05 00:26:56.225
!MESSAGE Missing imported package javax.microedition.io_0.0.0.

!ENTRY org.eclipse.osgi 2 0 2016-07-05 00:26:56.228
!MESSAGE The following is a complete list of bundles which are not resolved see the prior log entry for the root cause if it exists:
!SUBENTRY 1 org.eclipse.osgi 2 0 2016-07-05 00:26:56.228
!MESSAGE Bundle org.eclipse.kura.api_1.0.7 [12] was not resolved.
!SUBENTRY 2 org.eclipse.kura.api 2 0 2016-07-05 00:26:56.229
!MESSAGE Missing imported package javax.microedition.io_0.0.0.

I found in the wiki the following suggestion:

 In case the JVM cannot find/load the native libraries try passing the java.library.path to the VM. Right click on the Kura_Emulator_Linux.launch select Run As | Run Configurations select the Arguments tab and add the system property to the VM Arguments. For example for a 64 bit Linux add:

-Djava.library.path=${workspace_loc}/kura/kura/org.eclipse.kura.linux/lib/linux/x86/linux64

Unfortunately I cannot find the folder 'org.eclipse.kura.linux'.
Would you have any idea to help me fix my issue?
Thanks a lot
Philippe",Core,normal
PLATFORM-509505,PLATFORM,Create Java9 patch build for Oxygen M4,See the title,Releng,normal
JDT-34315,JDT,Refactoring lost source folder property on Java Project [refactoring],"RC2

In the process of just working'.  Renaming Java projects and contained java 
packages and classes I eventually go an error that a particular path could 
not be found and a bunch of stuff in my .log file.

After all this the source folder in the refactored Java project is no longer a 
source folder.

I will work on steps to reproduce but can not get to it until after I to the 
copyright updating.  For now I will give you the general flavour of what I was 
doing and I will attach my .log file.

1) I had a Java project that was orignally created with the New Project Plugin 
Development - > Plug-in Project wizard (plug-in with a popup menu).

2) Several days development in this project under an older (pre RC2 build.  
Probably RC1).

3) Delete everything in Eclipse directory except Workspace
4) Unzip RC2.
5) Do more work in project
6) Refactor project doing the following:
      a) Refactor-Rename project
      (Noticed oddnesss is a Meta-Inf folder was created in new place
7) Renamed several classes in the project.
8) Deleted the Meta-Inf folder as uninteresting.  Just one simple text file in 
it.
9) Renamed some more classes.

On a class rename got an error dialog stating it could not find the class and 
output sent to .log.",UI,normal
JDT-5078,JDT,Problems with classes in packages view,"I have noticed two problems in the JDT packages view of build 204:

Added classes do not appear.
Deleted classes stay around.",UI,normal
JDT-182341,JDT,Show invisible characters on formatter preview,"I20070410-1043

As a 3.3 polish we can add a checkbox to the formatter preview on the formatter preferences modify dialog to enable/disable invisible characters:

Preview:          
|dasdfd                        |
|afadfdsfafdadf                |
|  dsafasddffdsafas            |
   [x] Show invisible characters

Unchecked by default.
This would especially help to understand the tab policy.

I'm showing invisible characters on the clean up modify dialog (bug 173079). It's basically the same code.",UI,normal
PDE-241074,PDE,[templates] HelloRCP template contains non-externalized strings,"I20080715-1015

Steps to reproduce:
1) Create a new RCP project using the HelloRCP template
2) Ensure non-externalized strings are errors
3) You get errors for
   - hellorcp.ApplicationWorkbenchWindowAdvisor.preWindowOpen()
   - hellorcp.ApplicationWorkbenchAdvisor.PERSPECTIVE_ID
   - hellorcp.Activator.PLUGIN_ID
   
Those strings should probably ba marked //$NON-NLS-1$",UI,low
SKALLI-347536,SKALLI,Add product export to Skalli,"I want to export Skalli as an Eclipse product. This leads to some issues which will be described in an Email to skalli-dev mailing list later.
I will add a patch to this bug for rewiew for other Skalli team members.",Core,normal
PDE-177420,PDE,EquinoxLaunchConfiguration does not consider bundle version when launching,"Build ID: I20070209-1006

Steps To Reproduce:
1. Set the PDE target environment to one that contains 2 bundles with the same ID but different versions
2. Select either of the bundles to be launched
3. Launch the configuration
4. Observe that the generated config.ini does not change depending on which bundle is chosen (the same .jar file is referenced
5. Reopen the launch configuration.  Both bundles are selected.


More information:

It looks like EquinoxLaunchConfiguration doesn't take into account bundle versions when generating program arguments.  The getBundles(boolean) method iterates over 'fAllBundles' obtaining an IPluginModelBase for each plugin.  It then uses only the ID when calling LaunchConfigurationHelper.getBundleURL to generate the bundle URL losing the version information.

I'm not sure if this is the only place where version info is lost.",UI,normal
GMF-TOOLING-116861,GMF-TOOLING,[Tests] Create unit-tests checking code generated for the models with instance class name specified,"Some specific code will be generated in Instance Class Name property was 
specified for a domain metamodel .ecore file elements. Unit-tests which check 
correctness of the code generated by GMF in these cases should be created. 

See https://bugs.eclipse.org/bugs/show_bug.cgi?id=116655 with a description of 
changes in a template subsystem",Core,normal
OCL-261008,OCL,[library] UnlimitedNatural erroneously conforms to Real,"The MDT-OCL immplementation considers UnlimitedNatural as  a primitive type which conforms to Real. This doesn't seem to be a correct consideration. 

This type is introduced in OCL to represent the infinite value commonly used in the multiplicity of UML associations.
The infinite value doesn't belong to Real's set so that this UnlimitedNatural can't conform to Real type. Besides OCL specification doesn't state this type conformace.

AbstractTypeChecker:.getRalationship  AbstractTypeChecker::checkMutuallyComparable and TypeUtil::checlMutuallyComparable.

The resolution of this bug should probably be deferred to MDT-OCL 2.0 since it may produce compatibility problems: current constraints which may be considering UnlimitedNatural as a valid type to use in everywhere a Real type is expected would fail if this bug is fixed.",Core,normal
JUBULA-464045,JUBULA,Jubula Client API - After api test(main method) did finish the application does not terminate,"Created attachment 252197
Example project

If have done a simple API test today which was using Swing as toolkit and the shipped SimpleAdder. After writing the startup test and teardown i have tested if the test i programmed is running fine. 
After everything was finished i noticed that the application still did run. When running in debug mode i found out that there is still a Communicator Thread waiting for connections.",Core,high
OCL-423490,OCL,[pivot] incorrect implicit source inside iteration,"In

       assertQueryResults(pkg1 Sequence{12} let s:Sequence(Sequence(OclAny)) = Sequence{Sequence{'a''bb'}Sequence{'a''bb'}} in s->collectNested(size()))

size() is invoked on pkg1 rather than the iterator.",Core,normal
OCL-404493,OCL,[oclinecore] Trailing embedded comments fail,Embedded OCL with a triling commentn is mis-cobnvertted to OCLinEcore by appending the  to the comment rather than the following line.,Core,normal
MYLYN-254097,MYLYN,New & Noteworthy,"+++ This bug was initially created as a clone of Bug #252805 +++

Must have new & noteworthy for each milestone. Must be something readable and usable not just a static list of all the bugs e.g. platform. Corollary: individual new & noteworthy should be linked in to the collective New & Noteworthy.",Core,normal
MAT-257875,MAT,Ramp Down Policy,"+++ This bug was initially created as a clone of Bug #252792 +++

Projects must have a written ramp down policy by M6+0 linked in the table above pending inclusion of ramp down element in the XML project plan. (One of the issues identified with this guideline is that its not so much the ramp down policy of how many votes are needed for each bug fix that we need to be consistent on but rather the meaning of each of the milestones and release candidates. See Platform 3.4 Endgame plan as a guideline. See also Galileo Final Daze.)",Core,normal
PLATFORM-500775,PLATFORM,Use enhanced for loops in MarkerContentGenerator,,UI,normal
PLATFORM-150357,PLATFORM,[Linux] [cairo] GC.setAdvance(true) and subsequent drawing of images fails,"After antialias is set on or off and an image is drawn all subsequent drawing is not performed.

Here is the code snippet:

package org.eclipse.swt.snippets

import org.eclipse.swt.*
import org.eclipse.swt.graphics.*
import org.eclipse.swt.widgets.*
import org.eclipse.swt.events.*

public class AntialiasSnippet {

	public static void main(String[] args) {
		final Display display = new Display()
		final Shell shell = new Shell(display)

		// create a simple image ( a green rectangle)
		final ImageData imageData = new ImageData(16 16 1
				new PaletteData(new RGB[] { new RGB(0 128 0) }))
		final Image image = new Image(display imageData)

		shell.addPaintListener(new PaintListener() {
			public void paintControl(PaintEvent event) {
				GC gc = event.gc
				gc.drawText(Before gc.setAntialias(SWT.ON) 10 20)
				gc.setAntialias(SWT.ON)
				gc.drawText(After gc.setAntialias(SWT.ON) 10 40)
				gc.drawImage(image 10 60)
				gc.drawText(After gc.drawImage(image 0 0) 10 80)
			}
		})
		shell.setBounds(10 10 300 200)
		shell.open()
		while (!shell.isDisposed()) {
			if (!display.readAndDispatch())
				display.sleep()
		}
		image.dispose()
		display.dispose()
	}
}",SWT,high
PAPYRUS-467844,PAPYRUS,[Palettes - RobotML Marte] Exceptions could not find creation tools for State Diagram palette menus,"Created attachment 253631
Screenshot - Error Log

The issues behind the customized Activity Diagram palette exceptions
described in Bug 462261 also seem to be valid for the standard
State Machine diagram palette.

See attached screenshot.",Core,normal
PDE-230107,PDE,Feature export wizard re-deploys previous builds,"Using Ganymede M6 I tried exporting a feature using the Deployable Features wizard.

I chose to export a single feature to a Directory. The first time it runs the p2 folder is created correctly with my feature and plugins which have the timestamp appended to them.

I then deleted the Directory that was created and tried again. This time it creates the Directory again and as well as creating the features and plugins with a new timestamp the features and plugins with the previous timestamp are there too!

When I do it a third and fourth time (each time deleting the Directory) then I get more and more plugins with the timestamps accumulating. 

I closed and re-opened Eclipse and then run the export again and it is still accumulating the plugins each time.",UI,normal
JDT-137180,JDT,[source actions] Deprecate 'Find Strings To Externalize...' action (use 'Externalize Strings...'),"I20060413-1718

'Find Strings To Externalize...' and 'Externalize Strings...' are doing basically the same thing. There should be only one action called 'Externalize Strings...' enabled on projects packages CUs and types which delegates to the appropriate action. The attached patch is doing this. See also Bug 135285. 

Following API change is required:

make
org.eclipse.jdt.ui.actions.IJavaEditorActionDefinitionIds.FIND_STRINGS_TO_EXTERNALIZE
deprecated with message 'Use EXTERNALIZE_STRINGS'

and make
org.eclipse.jdt.ui.actions.JdtActionConstants.FIND_STRINGS_TO_EXTERNALIZE
deprecated with message 'Use EXTERNALIZE_STRINGS'",UI,normal
GMF-TOOLING-199995,GMF-TOOLING,Target Commands generate setters for non changeable derived transient and volatile feature.,"Hi

I implemented a non changeable derived transient volatile feature as a target feature in a link mapping.

The according TargetCreateCommand and TargetReorientCommand generate setters. However those setters doesn't exist at the model level causing compilation errors.

I'm not sure about the right behaviour in this area. In my case the canExecute should return false as thoses links act as real decorators. They are real derived features and as such they are created updated or destroyed programatically.

I clean the setters and force the canExecute to return false. Now our users can't reorient this links. the create is not used in the palette.

Thanks.",Core,normal
Z_ARCHIVED-273452,Z_ARCHIVED,Project set not using correct branch,"The project sets under eclipse.org/tptp/home/documents/resources/projectSets are not using the correct branch.  For example the TPTPProjectSet4521.psf is still using the HEAD branch when it should be using the TPTP-4.5.2.1 branch.  Moreover the TPTPProjectSetSet460 specifies HEAD in the project reference which caused error such as HEAD is not a valid branch when trying to check in files using that project set.

Project reference such as:


 
should be changed to:



to avoid this error.",TPTP,normal
JDT-415821,JDT,[1.8][compiler] CLASS_EXTENDS target type annotation missing for anonymous classes.,"BETA_JAVA8:
----------

Per discussions in the EG list the spec is being amended to require
a target_type=CLASS_EXTENDS type annotation for the following case:
This is apart from the target_type=NEW type annotation which we already
emit.

Note that the reference compiler already emits the CLASS_EXTENDS type
annotation but not the NEW target type annotation a bug has been raised
against javac for this purpose.

// ---
@Retention(RetentionPolicy.RUNTIME)
@Target(ElementType.TYPE_USE)
@interface X {}

class C { void m() { new @X Foo() {} } }
// --

From the EG discussion:

...

The wording for target_type=CLASS_EXTENDS (0x10) refers to a type in 
extends clause of class or interface declaration so it's not clear that 
the @X annotation should be stored this way. To clarify the wording for 
target_type=CLASS_EXTENDS should say:

type in extends clause of class or interface declaration (including the 
direct superclass of an anonymous class declaration) ...

...",Core,normal
PLATFORM-184592,PLATFORM,Calling List#setTopIndex() on Lists created with SWT.V_SCROLL scrambles the widget,When creating a List without the scrolling bits set a call to setTopIndex() make the widget look strange.,SWT,normal
MTJ-255878,MTJ,[GalileoSR]: Leverage OSGi,"+++ This bug was initially created as a clone of Bug #252797 +++

All plug-ins (bundles) must use the true bundle form. That is provide a manifest.mf file and not rely on the plugin.xml file being 'translated' into a manifest.mf file at initial startup. See bug 130598. With that empty plugin.xml files in the presence of a manifest.mf file should not be included in a bundle.",Core,normal
PLATFORM-12661,PLATFORM,File selection dialog for choosing external file editor freezes (Linux),"Overview:  The file selector dialog box for choosing an external file editor
freezes under Linux.

Details:  I was attempting to add gvim as an editor for .java files.
Workbench->Preferences->Workbench->File Editors
Under File types I click on .java then under Associated editors I click
on Add.
This brings up an Editor Selection dialog box.  I click External Programs
then Browse.  This brings up a file selection box displaying the contents of
my home directory.  This last box does not respond to any mouse clicks or
keystrokes I have to kill the whole application.

Build info:  Red Hat 7.1 Eclipse SDK 20020321 (stable).",SWT,normal
PLATFORM-97978,PLATFORM,Table/TreeColumns don't fire ControlEvents on dispose() [osx],"3.1RC1
(there's a separate win32 report for this too: bug 97659)

- run the snippet below
- each time the button to the right of the Tree is pressed the Tree's first 
column is disposed
  -> this should fire a Move for all other columns as they shift left but no 
events are fired
- this works as expected for Table/TableColumn

public static void main(String[] args) {
	final Display display = new Display()
	final Shell shell = new Shell(display)
	shell.setBounds(10 10 300 300)
	final Tree tree = new Tree(shell SWT.NONE)
	tree.setBounds(10 10 200 200)
	tree.setLinesVisible(true)
	tree.setHeaderVisible(true)
	ControlListener listener = new ControlListener() {
		public void controlResized(ControlEvent e) {
			System.out.println(column resize:  + e.widget)
		}
		public void controlMoved(ControlEvent e) {
			System.out.println(column move:  + e.widget)
		}
	}
	TreeColumn column = new TreeColumn(tree SWT.NONE)
	column.setText(1)
	column.setWidth(50)
	column.addControlListener(listener)
	column = new TreeColumn(tree SWT.NONE)
	column.setText(2)
	column.setWidth(50)
	column.addControlListener(listener)
	column = new TreeColumn(tree SWT.NONE)
	column.setText(3)
	column.setWidth(50)
	column.addControlListener(listener)
	column = new TreeColumn(tree SWT.NONE)
	column.setText(4)
	column.setWidth(50)
	column.addControlListener(listener)
	Button button = new Button(shell SWT.PUSH)
	button.setBounds(230103030)
	button.addSelectionListener(new SelectionAdapter() {
		public void widgetSelected(SelectionEvent e) {
			tree.getColumn(0).dispose()
		}
	})
	shell.open()
	while (!shell.isDisposed()) {
		if (!display.readAndDispatch()) display.sleep()
	}
	display.dispose()
}",SWT,normal
PLATFORM-234481,PLATFORM,API consistency changes needed,"Ran the diff tool to look at differences in API across platforms.

There are a few changes required to make things consistent:

1) emulated DateTime updateControl should not be public

2) emulated Transform needs to implement identity and shear

3) dnd Transfer needs to implement validate on wpf

4) Control needs to implement getRegion on motif

5) Caret get/setOffset on wpf should not be public... can we delete these?",SWT,normal
JDT-490010,JDT,Move the code for external annotation processing out of ClassFileReader,"Currently some of the code for applying external annotations lives inside ClassFileReader.

However this is causing problems on the branch where I'm working on the new indexer since the indexer has its own implementation of IBinaryType and external annotations also need to be applied to it.

The consequence is some code replication and the fact that every bugfix for external annotations creates a nasty merge on my branch.

I'd like to extract this code out of ClassFileReader and move it to a separate location that will work on any implementation of IBinaryType. I'd suggest the decorator pattern for this.",Core,normal
JDT-522614,JDT,[9][quick fix] Add requires module in module-info.java,"module test {
	provides java.sql.Driver with C
}

Here we have an error at java.sql (java.sql cannot be resolved to a type). The quick fix to add requires should be available on the error.",UI,normal
PLATFORM-465504,PLATFORM,Platform UI SVG icon renderer disabled filters are not thread safe,"In Bug 426025 it was discovered the jhlabs filters used for disabled icons are not internally thread safe. The filters use static global variables for look up tables and other purposes.

This could cause artifacting when rasterizing the disabled icon set as shown in the linked bug.

The solution is to instantiate the filters once per worker thread.",UI,low
JAVA_SERVER_FACES-423360,JAVA_SERVER_FACES,Add missing tycho-p2-plugin for generated source features (jsf),,Core,normal
PDE-93818,PDE,Triple notification when a new plugin project gets created,"Build: N20050505-0010

creating a new plugin project results in double notification to 
WorkspaceModelManager.  This results in the creation of two plugins for that 
project and the state becomes unstable.

Need to investigate why we are getting notified twice.",UI,high
PAPYRUS-410576,PAPYRUS,[Core] NPE in Duplicate Diagram/Table edit helper advice,a NPE is shown when copy/paste with model in diagrams by the advices in charge of the duplication of views during copy / paste.,Core,high
PDE-172675,PDE,Name Provider form fields on fragment overview page not updated when externalization quick fix applied,"Eclipse version > Build id: I20070130-0800 

Steps To Reproduce:

(1) Create a fragment project
(2) Set the externalized strings compiler option to Error
    Windows -> Preferences -> Plug-in Development -> Compilers -> Usage of 
    Non-Externalized Strings
(3) Go to MANIFEST.MF source page
(4) Click on quick fix associated with the Bundle-Name header
    -> Select Externalize Bundle-Name header
    -> Externalization works well
(5) Switch to Overview Page
    -> Notice the Name field in the General Information section still 
       contains the non-externalized 
(6) Type some text in another field and click in another field
    -> Note: The externalized string key now appears in the Name field
    -> This problem is also applicable to the Provider field
    -> However this problem does not occur if it is a plug-in project
       - only on fragment projects
       
From my investigation it simply looks like a model changed event is not being
fired.  Because the modelChanged method in the GeneralInformationSection is
not recieving any event to trigger the refresh.",UI,normal
PLATFORM-492177,PLATFORM,Clean up the removal of Enable word wrap when opening an editor preferences option,"Created attachment 261151
Screenshot

According to https://www.eclipse.org/eclipse/news/4.6/M4/ we should have:

Enable word wrap when opening an editor option on the General > Editors > Text Editors preference 

I cannot find this setting see screenshot",UI,normal
Z_ARCHIVED-263805,Z_ARCHIVED,Proxy group is missing ']' in the label.,"Created attachment 124821
Screen capture.

Proxy group is missing ']' in the label.

See attached screen capture.",TPTP,normal
PLATFORM-27108,PLATFORM,[JFace] ListenerList should default its size to 1,"i'm having a hard time finding a single instance of ListenerList class 
(i'm running under a profiler) 
in which the list would contain more than 1 element

so the other 2 are almost always wasted
because this class is instantiated many many times (i just started and see 
more than 1300 instances) the default size should be 1. 
It can then grow if necessary.

(This class should really live in core - because it does not everybody copied 
it. So more reports will be needed)",UI,normal
GMF-TOOLING-169310,GMF-TOOLING,Drag and Drop copy within GMFgraph editor creates wrong node,"2.0M3 Using DND within the GMFGraph editor to drag a Diagram Label:

  <labels
      name=UMLXClassVariableName
      figure=UMLXClassVariableNameFigure/>

onto its parent Canvas which normally creates a copy does indeed
create another Diagram Label but its actually:

  <nodes
      xsi:type=gmfgraph:DiagramLabel
      name=UMLXClassVariableName
      figure=UMLXClassVariableNameFigure
      elementIcon=false/>",Core,normal
ACCELEO-502177,ACCELEO,Protected area removes hand written code/character,"Created attachment 264419
Possible but constrainful warkaround

When a protected area finishes with a closing bracket and line feed (LF):

{ \
    int a b c \
    a = 1 \
    b = 2 \
    c = a + b \
}

The closing bracket is removed and the protected body becomes:

{ \
    int a b c \
    a = 1 \
    b = 2 \
    c = a + b \


The only way to keep the closing bracket (last character of the body) is to add a CR like :

{ \
    int a b c \
    a = 1 \
    b = 2 \
    c = a + b \
}

This bug is major because it modifies the protected area and removes character(s). The typical use case in C is a macro-like function:

#define DB_COMPARE_VALUES(value_1 value_2 result) \
/* Start of user code for DB_COMPARE_VALUES */ \
{ \
    if ((value_1) < (value_2)) \
    { \
        /* result is DB_LOWER if value 1 is lower than value 2 */ \
        (result) = DB_LOWER \
    } \
    else if ((value_1) > (value_2)) \
    { \
        /* result is DB_HIGHER if value 1 is higher than value 2 */ \
        (result) = DB_HIGHER \
    } \
    else \
    { \
        /* result is DB_EQUAL otherwise */ \
        (result) = DB_EQUAL \
    } \
}
/* End of user code for DB_COMPARE_VALUES */",Core,high
PLATFORM-467923,PLATFORM,Unusual feature qualifier issue caused I20150521-1400 build to fail,"The I20150521-1400 failed at the end and I think due to an unusual timing of events which causes and embedded feature to not influence the feature qualifiers as it should. 

In the end the failure was as below. Given that the branding bundle org.eclipse.jdt for this build should have ended with 1400 I think that means the feature org.eclipse.jdt got swapped out as unchanged from previous build ... but ... believe it should have incremented due to change in pde.build. 

Immediate fix I believe is to touch the jdt feature to make sure it increments. 

The root problem may have been the exact timing of the pde.build commit ... not sure ... but since it was committed shortly after the 11:00 build it may not have appeared to be the latest change? 

= = = = = = 

[DEBUG] No solution found because the problem is unsatisfiable.: [Unable to satisfy dependency from org.eclipse.jdt.feature.group 3.11.0.v20150521-1416 to org.eclipse.jdt [3.11.0.v20150521-1100]. No solution found because the problem is unsatisfiable.] 
[INFO] {osgi.os=linux osgi.ws=gtk org.eclipse.update.install.features=true osgi.arch=x86}
[ERROR] Cannot resolve project dependencies:
[ERROR]   Software being installed: org.eclipse.sdk.ide 4.5.0.qualifier
[ERROR]   Missing requirement: org.eclipse.jdt.feature.group 3.11.0.v20150521-1416 requires 'org.eclipse.jdt [3.11.0.v20150521-1100]' but it could not be found
[ERROR]   Cannot satisfy dependency: org.eclipse.sdk.feature.group 4.5.0.v20150521-1524 depends on: org.eclipse.jdt.feature.group [3.11.0.v20150521-1416]
[ERROR]   Cannot satisfy dependency: org.eclipse.sdk.ide 4.5.0.qualifier depends on: org.eclipse.sdk.feature.group 0.0.0",Releng,high
PLATFORM-14966,PLATFORM,Decorator description should auto-wrap,"The description text field in the decorator pref page should autowrap to 
properly display long messages.",UI,normal
OCL-136817,OCL,lpgjavaruntime cannot be used standalone,"lpgjavaruntime.jar is nested within a plugin jar. Bug 136813 duplicating 135012
details how this prevents use of the plugin standalone.

Please repackage lpgjavaruntime.jar as a plugin (together with its sources).",Core,normal
PLATFORM-241144,PLATFORM,SWT deletes libswt-cairo-motif if libcairo isn't found,"Build ID: M20080221-1800

Steps To Reproduce:
1.  Compile all the SWT libraries including libswt-cairo-motif (which requires libcairo to be present)
2.  Remove libcairo or make sure your SWT run won't find it.
3.  Run a snippet like Snippet10 which will fail with an error because it can't find libcairo.  Make sure it is using the new SWT libraries (-Dswt.library.path should be set).
4.  Notice that it deleted the libswt-cairo-motif library you built earlier.


More information:

Although I've seen this problem on AIX with Motif it may affect other platforms as well.",SWT,normal
Z_ARCHIVED-139023,Z_ARCHIVED,ClassCastException in quickfix,"Using RC1 Callisto I got this exception trying to apply a quickfix for an Avoid using if/else statements for short conditions.

java.lang.ClassCastException: org.eclipse.jdt.core.dom.MethodInvocation
        at org.eclipse.tptp.platform.analysis.codereview.java.quickfix.conditional.RuleConditionalTernaryQuickFix.fixCodeReviewResult(RuleConditionalTernaryQuickFix.java:91)
        at org.eclipse.tptp.platform.analysis.codereview.java.quickfix.JavaCodeReviewQuickFix.doQuickfix(JavaCodeReviewQuickFix.java:145)
        at org.eclipse.tptp.platform.analysis.codereview.java.quickfix.JavaCodeReviewQuickFix.quickfix(JavaCodeReviewQuickFix.java:228)
        at org.eclipse.tptp.platform.analysis.core.ui.internal.views.ResultsView$3.run(ResultsView.java:193)
        at org.eclipse.jface.action.Action.runWithEvent(Action.java:499)
        at org.eclipse.jface.action.ActionContributionItem.handleWidgetSelection(ActionContributionItem.java:539)
        at org.eclipse.jface.action.ActionContributionItem.access$2(ActionContributionItem.java:488)
        at org.eclipse.jface.action.ActionContributionItem$5.handleEvent(ActionContributionItem.java:400)
        at org.eclipse.swt.widgets.EventTable.sendEvent(EventTable.java:66)
        at org.eclipse.swt.widgets.Widget.sendEvent(Widget.java:925)
        at org.eclipse.swt.widgets.Display.runDeferredEvents(Display.java:3346)
        at org.eclipse.swt.widgets.Display.readAndDispatch(Display.java:2966)
        at org.eclipse.ui.internal.Workbench.runEventLoop(Workbench.java:1914)
        at org.eclipse.ui.internal.Workbench.runUI(Workbench.java:1878)
        at org.eclipse.ui.internal.Workbench.createAndRunWorkbench(Workbench.java:419)
        at org.eclipse.ui.PlatformUI.createAndRunWorkbench(PlatformUI.java:143)
        at org.eclipse.ui.internal.ide.IDEApplication.run(IDEApplication.java:95)
        at org.eclipse.core.internal.runtime.PlatformActivator$1.run(PlatformActivator.java:78)
        at org.eclipse.core.runtime.internal.adaptor.EclipseAppLauncher.runApplication(EclipseAppLauncher.java:92)
        at org.eclipse.core.runtime.internal.adaptor.EclipseAppLauncher.start(EclipseAppLauncher.java:68)
        at org.eclipse.core.runtime.adaptor.EclipseStarter.run(EclipseStarter.java:376)
        at org.eclipse.core.runtime.adaptor.EclipseStarter.run(EclipseStarter.java:169)
        at sun.reflect.NativeMethodAccessorImpl.invoke0(Native Method)
        at sun.reflect.NativeMethodAccessorImpl.invoke(NativeMethodAccessorImpl.java:39)
        at sun.reflect.DelegatingMethodAccessorImpl.invoke(DelegatingMethodAccessorImpl.java:25)
        at java.lang.reflect.Method.invoke(Method.java:585)
        at org.eclipse.core.launcher.Main.invokeFramework(Main.java:336)
        at org.eclipse.core.launcher.Main.basicRun(Main.java:280)
        at org.eclipse.core.launcher.Main.run(Main.java:977)
        at org.eclipse.core.launcher.Main.main(Main.java:952)

Steps to reproduce:
1) Checkout org.eclipse.jdt.core from CVS
2) Run the Analysis on this project selecting all rules
3) Stop it after a while because your .log is swamped with:

!ENTRY org.eclipse.tptp.platform.analysis.core 4 4 2006-04-27 13:50:23.235
!MESSAGE IWAT0482E Invalid node for rule filter satisfiesReturnType:org.eclipse.jdt.core.dom.MethodDeclaration

4) Go to the Analysis result view and select the first result under:
Avoid using if/else statements for short conditions.
5) try quick fix.",TPTP,normal
PDE-204719,PDE,Provide more information on IOExceptions when parsing .exsd files,See https://bugs.eclipse.org/bugs/show_bug.cgi?id=175297#c6,UI,normal
Z_ARCHIVED-171596,Z_ARCHIVED,TPTP bugzilla component grouping,"This bug is used to track the sencond phase of TPTP bugzilla component grouping changes (bug 161969).

After the first phase of changes there are some fine tuning to do. This bug will be used to track and discuss what additional change do we want to make.  We will ask the webmaster to make these change after we have finalized the decisions.

1. There are components assigned to multiple products as described in the original design doc (https://bugs.eclipse.org/bugs/attachment.cgi?id=52568)  However it turns out that each component can only belong to one product.  The affected components are: Platform.model Monitor.Agents Monitor.Doc Monitor.Web Platform.Doc

Project and component leads of these bugzilla components please let me know how to handle these compoents.  We need to decide which product should contain these components or whether we need to create new components  

2. There is a TPTP product called TPTP.  This product includes components that were not assigned to the 12 TPTP products.  We want to move some of these components to other TPTP products:  
 
Move the following components to the Testing product:
Test.UI.ConfigEditors
Test.UI.DatapoolEditor

Move the following components to the Profiling product:
Trace.Doc
Trace.JVMTI

Guru suggested to either move the following components to Profiling or remove the component:
Trace.Agents 
Trace.Analysis

marketing.terminology: This component has no bugs associated with it.  Do we still need this component?  If so which product does it belong to?

Platform.Web: We have 4 Web components - one for each subproject and a TPTP.Web.  The TPTP.Web component is now under TPTP Build product.  One solution is to use the TPTP.Web for all Web related problem and enhancements.  We can move the bugs under the project specific Web components to the TPTP.Web component and delete them.  If we need to keep all project specific Web components we need to decide which product to group it under.",TPTP,normal
PAPYRUS-348528,PAPYRUS,[SysML Block Definition Diagram] The navigation dialog does not open on double-click for some elements,"Cloned from: 348518: [Hyperlink] The dialog does not open on double-click for some elements
https://bugs.eclipse.org/bugs/show_bug.cgi?id=348518

Concerned elements are those inherited from other diagram (ex: Package in SysML BDD or Package Diagram).
Also concerns label child nodes in compartments.",Core,normal
EMFCOMPARE-403436,EMFCOMPARE,Cannot save the merge of two models if the comparison is not launched directly on the models themself,"Created attachment 228469
Example models

Steps to reproduce:
1- create two projects (a and b) put the attached models in those projects (one in each)
2- compare the project with each other
3- select the models inside the comparison editor
4- merge all changes
5- you can't save the result of the merge too bad for you

If you launch the comparison directly on the models themself the editor becomes dirty after the merge and you can save.",UI,high
PLATFORM-331474,PLATFORM,Shell.getSize() returns incorrect height for SHEET | RESIZE style,"Build Identifier: 3.7m3

Mac OSX 10.6.6 Cocoa 32 bit:
Run example code below: Shell.getSize() should return a point with y = 300 but it is 278.

This problem only occurs when both SHEET and RESIZE style is set.

Reproducible: Always

Steps to Reproduce:
import org.eclipse.swt.SWT
import org.eclipse.swt.layout.FillLayout
import org.eclipse.swt.widgets.Button
import org.eclipse.swt.widgets.Display
import org.eclipse.swt.widgets.Event
import org.eclipse.swt.widgets.Listener
import org.eclipse.swt.widgets.Shell

public class TestSheetSize {

	public static void main(String[] args) {
		final Display display = new Display()
		final Shell shell = new Shell(display)
		FillLayout layout = new FillLayout()
		layout.marginWidth = 150
		layout.marginHeight = 150
		shell.setLayout(layout)
		Button button = new Button(shell SWT.PUSH)
		button.setText(Push Me)
		button.addListener(SWT.Selection new Listener() {

			public void handleEvent(Event event) {
				final Shell popup = new Shell(shell SWT.SHEET | SWT.RESIZE)
				popup.setSize(300 300)
				display.asyncExec(new Runnable() {
					public void run() {
						System.out.println(Size =  + popup.getSize())
					}
				})
				popup.open()
			}
		})

		shell.pack()
		shell.open()
		while (!shell.isDisposed()) {
			if (!display.readAndDispatch())
				display.sleep()
		}
		display.dispose()

	}
}",SWT,normal
EGIT-440904,EGIT,Push command needs to be called Push...,"(In reply to Robin Stocker from bug 418585 comment #7)
> @Ed: By the way another way to start the wizard is to have the repository
> selected press Ctrl+3 and type in Push.

Commands that open a dialog and wait for further input (and allow Cancel) before they actually perform an action need to have a name ending in an ellipsis (...).

This Push command needs to be called Push... so that Ed and I can use it.",UI,normal
Z_ARCHIVED-218845,Z_ARCHIVED,JVMTI profiling terminates on Linux IPF when profiling in enabled  mode,"Steps To Reproduce:
1. Run Linux IPF AC 4.4.1 w/ security off using Java 5 IPF JVM.
2. Run an agent in enabled mode using either CGProf or HeapProf. For instance I used the simple StartStop class which I'll attach. 
Command used was: java '-agentlib:JPIBootLoader=JPIAgent:server=enabledCGProf' StartStop
3. Attach to the agent in Eclipse.

Eclipse will connect to the agent and immediately disconnect with no information collected from the agent. The agent does not terminate or show any ill effects of the disconnect and you can run it to completion.

All other tests on this system with the same JVM and AC work fine it's only enabled mode agents that cause the problem. The problem isn't Eclipse either because I first detected the problem outside of Eclipse merely connecting to the Agent and profiling it using the execution framework and my automated JVMTI test client. This suggests to me it may be a JVMTI profiling agent problem.",TPTP,high
PLATFORM-60505,PLATFORM,[Progress] ! button should have a better icon and a tooltip,"build I20040428

The ! button that appears in the progress indicator is somewhat alarming.
Usually ! in an icon indicates a warning condition e.g. in a warning message
dialog.

I think the icon needs to be improved.

It should also have a tooltip: Show Progress View.",UI,normal
EMF-342304,EMF,Binary serialization of XMIResourceImpl should serialize extrinsic IDs,,Core,normal
PLATFORM-368071,PLATFORM,Dead code in CommonDragAdapterAsistant#getShell(),"It seems that in CommonDragAdapterAsistant#getShell() in the if branch there is a return statement missing:
  public final Shell getShell() {
    if (contentService != null) {
  	  ((NavigatorContentService) contentService).getShell()
    }
    return PlatformUI.getWorkbench().getActiveWorkbenchWindow().getShell()
  }
it should probably read:
  *return* ((NavigatorContentService) contentService).getShell()",UI,normal
AJDT-71624,AJDT,NPE on Eclipse 3.0.1 builds,"Using Eclipse 3.0.1 build M20040805 switching to the visualization perspective
causes an NPE:

java.lang.NullPointerException
        at
org.eclipse.ajdt.ui.visualiser.AspectVisualizerPerspectiveFactory.createHorizontalLayout(AspectVisualizerPerspectiveFactory.java:104)
        at
org.eclipse.ajdt.ui.visualiser.AspectVisualizerPerspectiveFactory.createInitialLayout(AspectVisualizerPerspectiveFactory.java:38)",Core,normal
PLATFORM-66356,PLATFORM,DND - move reported to drag source even though cancelled,"RC1

Run the following example.  The dragSource.dragFinished listener shoul dhave an
event.detail of DND.DROP_NONE but instead it has an event.detail of
DND.DROP_MOVE.  this is bad because it means the drag source may delete data
even though the operation failed:

public static void main(String[] args) {
	Display display = new Display()
	Shell shell = new Shell(display)
	shell.setLayout(new FillLayout())
	Button source = new Button(shell SWT.PUSH)
	source.setText(Source)
	DragSource dragSource = new DragSource(source DND.DROP_MOVE)
	dragSource.setTransfer(new Transfer[] {TextTransfer.getInstance()})
	dragSource.addDragListener(new DragSourceAdapter() {
		public void dragSetData(DragSourceEvent event) {
			event.data = hello
		}
		public void dragFinished(DragSourceEvent event) {
			System.out.println(Move = +(event.detail == DND.DROP_MOVE))
		}
	})
	Button dest = new Button(shell SWT.PUSH)
	dest.setText(Dest)
	DropTarget dropTarget = new DropTarget(dest DND.DROP_MOVE)
	dropTarget.setTransfer(new Transfer[] {TextTransfer.getInstance()})
	dropTarget.addDropListener(new DropTargetAdapter() {
		public void drop(DropTargetEvent event) {
			event.detail = DND.DROP_NONE
		}
	})
	shell.pack()
	shell.open()
	while (!shell.isDisposed()) {
		if (!display.readAndDispatch())
			display.sleep()
	}
	display.dispose()
}",SWT,normal
JDT-201882,JDT,[surround with try/catch] Avoid dialog in sourround with try/catch refactoring,"3.3

There was no uncaught exception and the refactoring asked if instead RuntimeException should be caught. It could instead revert to the template's behaviour and leave the selection on the exception type.

Always ending in linked mode with the selection on the exception type and the catch clause as the exit point might be an additional improvement.",UI,normal
AJDT-125806,AJDT,Provide error message from user's point of view,"I get AJDT Internal Error - Problem while building. Check log for details..

I am a user of Eclipse not a developer of Eclipse plugins so this text does not give me any clue what is going wrong. This is the actual bug I wish to report. It is significant due to the following:

The only file name within Eclipse which contains the letters log (case independent) and which could be a log file is configuration/org.eclipse.update/install.log but it has not been modified.

Where within Eclipse are these logs? Are these specific to AJDT? My Eclipse contains 491 subdirectories should I search them all manually?

1) Please provide more text so that I have a chance to find the logs if I want.
2) Alternatively present the actual symptoms in that error dialog box.
3) The best solution would be to present the cause of that error.",UI,normal
Z_ARCHIVED-207160,Z_ARCHIVED,Template XML file isn't correctly queried,"The API for EventXMLFileEventFactoryHomeImpl states that the following is the look up sequence for the template XML file.

1.	The EventXMLFileEventFactoryHomeImpl class' class loader is queried for the event configuration template XML file.
2.	The system's class loader is queried for the event configuration template XML file.
3.	The current thread's context class loader is queried for the event configuration template XML file.

When I look at the code that handles this search resolveTemplateXMLFileInputStream() the search expects that an exception is thrown whenever the XML can't be found.  Because a null is really returned (not an exception) when the xml file can't be resolved the search never looks at any other classloaders other than the first one. 

I've attached my code that I use to override the resolveTemplateXMLFileInputStream() method.",TPTP,high
PLATFORM-261953,PLATFORM,Add Concurrency bundle to the Equinox build,"There is a new bundle called org.eclipse.equinox.concurrent in the Equinox Components area. This should be added to the Equinox feature and to the Equinox builds and download page.

The addition can wait until after M5.  If it happens to go in earlier that's fine too.",Releng,normal
QVTD-460538,QVTD,[qvti] Eliminate VariablePredicate,"The VariablePredicate class was introduced to distinguish predicates on guard pattern variables and so distinguish bound from free variables.

It does this in a rather opaque fashion requiring a search to distinguish bound from free.

Better: eliminate VariablePredicate and instead use a guard Variable initializer for a bound variable with a null initializer for an unbound variable.

This moves the predicate to the interface corresponding to the CG choice to implement in caller/callee.",Core,normal
JDT-73295,JDT,No javadoc comment inserted with new serialVersionUID field,"When the code:

private static final long serialVersionUID = 1L

is generated the new field comment is not used.

Version 3.1.M1.",UI,normal
EPSILON-283397,EPSILON,EuGENia doesn't work under Galileo,The EuGENia->Synchronize GMF gen model action throws an exception when invoked under Galileo. Reported in the newsgroup: http://www.eclipse.org/newsportal/article.php?id=473&group=eclipse.epsilon#473,Core,high
PAPYRUS-335350,PAPYRUS,[Property View] Tabs should be indentable,"Tabs can be indented in tabbed property view. This feature should be implemented in new property view framework.
Metamodel and implementation should be upgraded (for example org.eclipse.papyrus.properties.xwt.XWTTabDescriptor should override the method org.eclipse.ui.views.properties.tabbed.AbstractTabDescriptor.isIndented()

Camille Letavernier should propose a patch for this soon.",Core,normal
RAP-287420,RAP,[releng] Add forms test to build,"The unit tests for the forms widgets should be added to the build.
See runtime.ui.test/org.eclipse.rap.ui.forms.test",Releng,normal
PLATFORM-7406,PLATFORM,NPE: adaptable and filters don't work together for property page contributions,"If a property page contribution is filtered by project nature and its marked 
as adaptable the filter is ignored for the adapted case.  Specifically our 
CVS property page shows up on non-CVS Java Projects.

As a result the following steps in our 2.0 work will cause a NPE:

1. Open the property dialog on a Java project in the Packages view which hasn't 
yet been connected to a CVS repository (so no CVS nature).
2. You will erroneously have a CVS page. Go to the CVS page but dont make any 
changes.
3. Go to another page make a change Finish.

You will get a NPE from the CVS properties page finish because the project 
isn't a CVS project and the page should never have been there.",UI,normal
PDE-58658,PDE,Jar'ed bundles do not install into runtime workbench,"Using Build I20040413:

If a jar'ed bundle is placed in the plugins directory of the eclipse install 
the bundle will be installed into eclipse when it is started just like any 
other bundle.

But if you then start a runtime workbench from PDE and select to launch with 
all workspace and enabled external plugins the jar'ed bundle will not install 
into the runtime workbench.  I assume this is a PDE problem since 
update.configurator seems to be picking up the jar'ed bundle when starting 
eclipse normally.",UI,normal
EMFCOMPARE-435365,EMFCOMPARE,CascadingDifferencesFilter should not filter out changes in moved objects,"Created attachment 243324
Small example models with changes in a moved object

If a new element X was added to a model and X has descendants of its own then the default engine creates ADDs for X and each of its descendants in the comparison result. The structure merge viewer in turn provides a CascadingDifferencesFilter which is enabled by default and will hide all of these ADDs except the one for X. This seems to be a reasonable decision because the descendants are added to the model as part of X.

However this filter also applies to ADDs in objects that have been moved. For example if an EAttribute x has been moved from EClass A to EClass B and an EAnnotation has been added to x then you will only see that x was moved but not the addition of the EAnnotation -- until you disable the filter for cascading differences. In my opinion changes in moved objects should not be treated as cascading differences and therefore not hidden by default because they are unrelated to the move.",UI,normal
Z_ARCHIVED-187087,Z_ARCHIVED,Accessibility: Unable to access left pane in ProbeKit Editor using keyboard,"Tested using TPTP-4.4.0-200705080100. Open the ProbeKit Editor by selecting a PROBE file.

When using the probe kit editor under the Probes tab it is not possible to access the left panel of the split pane using the keyboard as the left panel is not included in the tab sequence. This prevents a keyboard user from editing the probe contents.",TPTP,normal
PLATFORM-391269,PLATFORM,NPE pressing enter on DateTime widget if using SWT.TIME only,"Created attachment 221979
Java project showing issue

This class shows an immediate NPE when enter is pressed in any of the fields of the SECOND DateTime widget (the one w/ style SWT.TIME | SWT.MEDIUM).

minimal code snippet pasted here but also attached project to reproduce. OSX only due to different impl. at least on Windows.



/**
 * Shows OSX NPE issue. If you press enter on a DateTime widget displaying only the time fields NPE.
 */
public class DateTimeOSX {

	public static void main(String[] args) {
		Display display = new Display()
		final Shell shell = new Shell(display)
		Button b = new Button(shell SWT.NONE)
		b.setText(Popup two DateTime widgets w/ separate date and time fields in popup dialog)
		b.addSelectionListener(new SelectionAdapter() {
			@Override
			public void widgetSelected(SelectionEvent e) {
				PopupDialog dlg = new PopupDialog(shell PopupDialog.INFOPOPUP_SHELLSTYLE true false false false false null
						OSX only: Press enter on date side OK. Press enter on time field and NPE) {
						@Override
						protected Control createDialogArea(Composite parent) {
							Composite composite = (Composite) super.createDialogArea(parent)
							((GridLayout) composite.getLayout()).numColumns = 2
							new DateTime(composite SWT.DATE | SWT.MEDIUM | SWT.DROP_DOWN)
							new DateTime(composite SWT.TIME | SWT.MEDIUM)
							return composite
						}  
				}
				dlg.open()

			}
		})

		shell.setLayout(new RowLayout())
		shell.pack()
		shell.open()
		while (!shell.isDisposed()) {
			if (!display.readAndDispatch()) display.sleep()
		}
		display.dispose()
	}

}",SWT,high
PDE-13115,PDE,New extension wizard pops up when editing the fields within the properties view,"1. Create a sample plugin project
2. Select extension tab
3. Select New button to bring up the extension wizard
4. Select Generic Wizard on the left and Schema based extension on the 
right and click Next
5. Select Action Sets and click Finish
6. Select New->Action sets from the context menu of Action sets
7. From the Properties view select the label field and rename it with
Sample Action Set and hit enter

Extension Wizard pops up.(This is wrong!)

Eclipse drop: Version 2.0(pre-release) March 21 2002
OS: Sun Solaris 9 Beta
Hardware: Sun Blade 100
JRE: Sun JRE 1.3.1_03-b03 HotSpot client VM
Desktop: Solaris CDE V1.5_50
Motif: 2.1.0",UI,normal
PLATFORM-69143,PLATFORM,[ActivityMgmt] Difficult to disable activities,"If activities show up in several categories it is difficult to turn them off 
using the preferences page becuase all entries need to be unchecked.  I 
suggest the following design:

You already have the ability to draw the checks in the checkboxes either grey 
or black.  The boxes that are explicitly check using the preferences page 
should be shown in black all others should be shown in grey.  

If a user deselect an activity checkbox that is black all matching grey 
checkboxes will should also be deselected (assuming there is only one black 
checkbox for that activity).  

If a user selects an unchecked activity the checkbox should be black and all 
other matching activities should be checked as grey).  

Also the same rule should apply for required activities so that if a user 
selects an activity (A) which requires another (B) the required one (B) 
should be checked as grey and if the user later deselects the main activity 
(A) then the required (B) activity should automatically be deselected.  

Finally if all checkboxes are grey deselecting one of them (assuming it is 
not required by another enabled activity) should deselect all of them.  
Likewise if an activity (A) is enabled but grey everywhere and requires 
(B) which is also grey everywhere deselecting A should deselect all 
occurances of B.  Actually it should recursively deselect all possible 
activities that are only grey.",UI,normal
GMF-TOOLING-145502,GMF-TOOLING,Naming strategy and gmfgen model objects should generate consistent class names,"GenCommonBase.getClassNamePrefix() method should use the same code to provide 
result as ClassNamingStrategy in bridge plugin.",Core,low
PLATFORM-37299,PLATFORM,BIDI:Caret cheese when resizing RIGHT_TO_LEFT StyledText,"build 20030429 + latest from HEAD

-run the SwtStyledTextUseCase in org.eclipse.swt.internal (ottcvs1)
-place the caret somewhere on a line
-resize the shell horizontally
->there is caret cheese as shown in the attachment",SWT,normal
PAPYRUS-351682,PAPYRUS,[Tabular Editor] Papyrus should provide an cell editor for Properties typed with a Stereotype,Papyrus should provide a specific cell editor for properties typed with a Stereotype.,Core,normal
NATTABLE-460794,NATTABLE,SWTException: Widget is disposed with FilterRowTextCellEditor,"Sometimes on large tables when i use the FilterRowTextCellEditor 
i get an exception: Widget is disposed.

The problem can be replicated like this:
- Increase the number of rows in the _6031_GlazedListsFilterExample to a high value like 50000 
- Run the example and click on a Filtercell with a FilterRowTextCellEditor. 
- Now type some keys quickly and then press enter or click fast outside from the Cell.

I couldn't find the cause of the problem exactly but tried to fix it 
with a simple condition-check. I don't know if it fixes the bug completly but it works on my machine with the example given.

I will push my solution to gerrit but without a JUnit Test as i don't know how to test it.",Core,normal
ATF-298833,ATF,ATF JSDT compatibility plugin.xml duplicates o.e.wst.jsdt.web.ui,org.eclipse.atf.compatibility.jsdt/plugin.xml duplicates some of entries found in org.eclipse.wst.jsdt.web.ui/plugin.xml. They should be removed because they refer to internal jsdt.web.ui classes and doubling those contributions may have some side effects.,Core,normal
Z_ARCHIVED-100955,Z_ARCHIVED,two extra Java build path entries generates build errors,"I am using Eclispe 3.1 RC3 and tptp.sdk-TPTP-4.0.0-200506201309.

Here are the entries that are added when I generate code for an HTTP/Manual
testcase:

Severity	Description	Resource	In Folder	Location	Creation Time
2	Required library cannot denote external folder:
'D:\test\tptp-4.0-i4\configuration\org.eclipse.osgi\bundles\30\1\.cp' for
project testproj	testproj			June 20 2005 3:53:48 PM
2	Required library cannot denote external folder:
'D:\test\tptp-4.0-i4\configuration\org.eclipse.osgi\bundles\42\1\.cp' for
project testproj	testproj			June 20 2005 3:53:48 PM
2	The project cannot be built until build path errors are resolved	testproj		
June 20 2005 3:53:48 PM",TPTP,high
JUBULA-495235,JUBULA,AUT start is not detected when an extension is installed,If an extension installed in Jubula (e.g. Slider Spinner doesn't matter which one) the AUT starts but it's not detected and the progress stays in loop. The issue is always reproducible.,Core,normal
PLATFORM-59274,PLATFORM,[Workspace] workspace selection dialog not showing up,"i200404200800

The workspace selection dialog is not showing up. It just starts with the
default location (/workspace).",UI,high
PLATFORM-464087,PLATFORM,Remove Eclipse SWT/emulated/treetable,JavadocBasher says that Eclipse SWT/emulated/treetable was only used by Photon. Photon is not maintained since a while.,SWT,normal
PLATFORM-262088,PLATFORM,Galileo splash screen,The latest 3.5 stream builds still have the Ganymede splash screen. We need an updated Galileo splash screen.,UI,normal
GMF-TOOLING-113803,GMF-TOOLING,Set diagram runtime class property for the child containers and labels in generation model,Since this property is mandatory.,Core,normal
Z_ARCHIVED-259631,Z_ARCHIVED,AC Local Port preference should be public,"At the moment we (consumming product) are unable to get properly the local port preference defined in the AC preferences page.

The way to get it is the following:

		IPreferenceStore store = CommonUIPlugin.getDefault().getPreferenceStore()
		port = store.getString(CommonUIConstants.LOCALHOST_PORT)	
 
This implies the usage of two internal classes:

CommonUIPlugin
CommonUIConstants

We are asking to make them public or to provide public API in order to be able to use this preference.",TPTP,normal
XTEND-383778,XTEND,STRANGE SIDE EFFECT using recursion in generated java code!!!,"Here is an example that compiles to correct java code if the marked line below is deleted.

The strange thing is that code within a private method affects an entire different class...

In particular the generic part of a variable is gone in one case.


import java.util.List
import java.util.ArrayList

class TreeExtensions {

	/** Return all children of type Leaf. */
	def  Iterable> leafs(Node node) {
		node.children.map[switch it {
			Leaf : newArrayList(it)
			Node : new ArrayList>
		}].flatten
	}
		
}

abstract class Tree {
	@Property var Node parent = null
}

class Node extends Tree {
	
	@Property val List> children = newArrayList()
	
	def Tree add(Tree child) {
		if (isCycle(child)) throw new IllegalArgumentException(Trees have no cycles.)
		child
	}
	
	def private isCycle(Tree child) {
		val isRoot = parent == null
		this == child || (!isRoot
			&& parent.isCycle(child) // <-- DELETE THIS LINE
		)
	}
}

@Data class Leaf extends Tree {
	val T value
}",Core,normal
Z_ARCHIVED-194009,Z_ARCHIVED,Cannot profile BTM agent after detaching,"Build ID: TPTP-4.4.0-200706110100

Steps To Reproduce:
1. Statically deploy an app into tomcat
2. From the workbench attach to the BTM agent using the ARM analysis type
3. Profile the app. Right-click on the agent and select 'Detach'
4. Re-open the Profile menu in the workbench -> The BTM agent will no longer contain any analysis types and thus cannot be profiled!!


More information:",TPTP,high
EMFCOMPARE-413789,EMFCOMPARE,Resource contents not highlighted in content merge viewer,"With models used in https://github.com/Obeo/emf.compare.acceptance.tests/blob/master/tests/emf.compare.q7.tests/tests/treeviewer/ts008_tc003_rac_left_fragment.test

After a double-click on diff  package3 [controlled in platform:/resource/TreeViewerResourceAttachmentChange/fragmentOnLeftSide/leftfragment.uml] this item should be  selected in both sides of the content merge viewer but it shouldn't be. Only the left side is selected the right side (placeholder) isn't.",UI,normal
PDE-267530,PDE,[ds tooling] Problems in New Service Component wizard,"Eclipse 3.5 M5

File > New > Other... > Plug-in Development > Service Component.  Press Next.

Note how:
1. The wizard opens with an error message which is a UI guideline violation
2. The wizard banner contains no image
3. 'Class' has no mnemonic
4. Pressing Alt-W does not result in the Browse dialog coming up.
5. The name in the title is 'New Component Definition'.  It does not match the name of the wizard I chose (Service Component).   The names should be consistent.",UI,normal
Z_ARCHIVED-134887,Z_ARCHIVED,[Test failure] Missing TOC file in packaging,deploy_toc.xml is not shipped in the driver. Update build.properties to include this file.,TPTP,high
PDE-112309,PDE,PDE's plugin manifest editor cannot show image correctly in special case,"We are now developing a RCP application which consists of serveral plugins. 
For ease of maintenance and consistency resource files such as message and 
image are all collected in one COMMON plugin. No problem to reference them 
from other plugins.

Icon attribute in plugin.xml can also defined as below:

	icons=platform:/our.common.plugin/icons/join.gif

This way works well in runtime all icons displayed correctly. But in PDE 's 
plugin manifest editor only an ugly red block can be seen intead of the 
icon's image.

We hacked class org.eclipse.pde.internal.ui.util.SharedLabelProvider in PDE 
plugin to solve the problem:

    ... ...
    static private final String PLATFORM_PLUGIN_PREFIX=platform:/plugin/
    public Image getImageFromPlugin(IPluginModelBase model String 
relativePath) {
        // [START] Hacking code
        if (relativePath.startsWith(PLATFORM_PLUGIN_PREFIX)){
            String str=relativePath.replaceAll(PLATFORM_PLUGIN_PREFIX )
            int index=str.indexOf('/')
            String pluginId=str.substring(0 index)
            IPlugin plugin=PDECore.getDefault().findPlugin(pluginId)
            if (plugin!=null){
                model=plugin.getPluginModel() 
                relativePath=str.substring(index)
            }
        }
        // [END]  Hacking code
		... ...
    }

Maybe somebody else also want it. It can be even better if [Browse...] 
supports looking up files from all projects in workspace.


[See attached image]",UI,normal
PLATFORM-487646,PLATFORM,Remove versionized dependency to javax.annotation,With Bug 463292 a versionized dependency should not be necessary anymore.,UI,normal
